trading_date,AG_total_oi
2013-11-05,416204.0
2013-11-06,430684.0
2013-11-07,426022.0
2013-11-08,418874.0
2013-11-11,473422.0
2013-11-12,500178.0
2013-11-13,549370.0
2013-11-14,544248.0
2013-11-15,564340.0
2013-11-18,528768.0
2013-11-19,594806.0
2013-11-20,596224.0
2013-11-21,592246.0
2013-11-22,572152.0
2013-11-25,622422.0
2013-11-26,560608.0
2013-11-27,566232.0
2013-11-28,608790.0
2013-11-29,595008.0
2013-12-02,585486.0
2013-12-03,663440.0
2013-12-04,685748.0
2013-12-05,652420.0
2013-12-06,679928.0
2013-12-09,717938.0
2013-12-10,752706.0
2013-12-11,724244.0
2013-12-12,729898.0
2013-12-13,718128.0
2013-12-16,710524.0
2013-12-17,675820.0
2013-12-18,697230.0
2013-12-19,723320.0
2013-12-20,742634.0
2013-12-23,767782.0
2013-12-24,763670.0
2013-12-25,714448.0
2013-12-26,710206.0
2013-12-27,732382.0
2013-12-30,700300.0
2013-12-31,670182.0
2014-01-02,711594.0
2014-01-03,666450.0
2014-01-06,641004.0
2014-01-07,644534.0
2014-01-08,676178.0
2014-01-09,657330.0
2014-01-10,625488.0
2014-01-13,638872.0
2014-01-14,639826.0
2014-01-15,627380.0
2014-01-16,606800.0
2014-01-17,599288.0
2014-01-20,609818.0
2014-01-21,595310.0
2014-01-22,585670.0
2014-01-23,603844.0
2014-01-24,549974.0
2014-01-27,564544.0
2014-01-28,540830.0
2014-01-29,515094.0
2014-01-30,481250.0
2014-02-07,439758.0
2014-02-10,567380.0
2014-02-11,560896.0
2014-02-12,551918.0
2014-02-13,558566.0
2014-02-14,688186.0
2014-02-17,725036.0
2014-02-18,698228.0
2014-02-19,741282.0
2014-02-20,703784.0
2014-02-21,686526.0
2014-02-24,677552.0
2014-02-25,665360.0
2014-02-26,701354.0
2014-02-27,563418.0
2014-02-28,565350.0
2014-03-03,556232.0
2014-03-04,567824.0
2014-03-05,552632.0
2014-03-06,544594.0
2014-03-07,535056.0
2014-03-10,547198.0
2014-03-11,499134.0
2014-03-12,488014.0
2014-03-13,502530.0
2014-03-14,484588.0
2014-03-17,495710.0
2014-03-18,498952.0
2014-03-19,505294.0
2014-03-20,470372.0
2014-03-21,459044.0
2014-03-24,477448.0
2014-03-25,509068.0
2014-03-26,507412.0
2014-03-27,514674.0
2014-03-28,506892.0
2014-03-31,500194.0
2014-04-01,510298.0
2014-04-02,503826.0
2014-04-03,489576.0
2014-04-04,484876.0
2014-04-08,508656.0
2014-04-09,530450.0
2014-04-10,504986.0
2014-04-11,519274.0
2014-04-14,519844.0
2014-04-15,604084.0
2014-04-16,628666.0
2014-04-17,628652.0
2014-04-18,586384.0
2014-04-21,634704.0
2014-04-22,593598.0
2014-04-23,582610.0
2014-04-24,556512.0
2014-04-25,524458.0
2014-04-28,521422.0
2014-04-29,535176.0
2014-04-30,506060.0
2014-05-05,487410.0
2014-05-06,495176.0
2014-05-07,483544.0
2014-05-08,548952.0
2014-05-09,570536.0
2014-05-12,609636.0
2014-05-13,617990.0
2014-05-14,615478.0
2014-05-15,613234.0
2014-05-16,605728.0
2014-05-19,615766.0
2014-05-20,610328.0
2014-05-21,583208.0
2014-05-22,589088.0
2014-05-23,567230.0
2014-05-26,557388.0
2014-05-27,590832.0
2014-05-28,574630.0
2014-05-29,584642.0
2014-05-30,535216.0
2014-06-03,539650.0
2014-06-04,547044.0
2014-06-05,534202.0
2014-06-06,507430.0
2014-06-09,502262.0
2014-06-10,462594.0
2014-06-11,450748.0
2014-06-12,440764.0
2014-06-13,445356.0
2014-06-16,471244.0
2014-06-17,436148.0
2014-06-18,440304.0
2014-06-19,463802.0
2014-06-20,562466.0
2014-06-23,573264.0
2014-06-24,579022.0
2014-06-25,545414.0
2014-06-26,508410.0
2014-06-27,521946.0
2014-06-30,495222.0
2014-07-01,474604.0
2014-07-02,464188.0
2014-07-03,459274.0
2014-07-04,482604.0
2014-07-07,440736.0
2014-07-08,432674.0
2014-07-09,437984.0
2014-07-10,459156.0
2014-07-11,503976.0
2014-07-14,462260.0
2014-07-15,436488.0
2014-07-16,448576.0
2014-07-17,446440.0
2014-07-18,418874.0
2014-07-21,420440.0
2014-07-22,435092.0
2014-07-23,458846.0
2014-07-24,464150.0
2014-07-25,483684.0
2014-07-28,457638.0
2014-07-29,464312.0
2014-07-30,463840.0
2014-07-31,471390.0
2014-08-01,460782.0
2014-08-04,465538.0
2014-08-05,500548.0
2014-08-06,544430.0
2014-08-07,534156.0
2014-08-08,559160.0
2014-08-11,545764.0
2014-08-12,539508.0
2014-08-13,541920.0
2014-08-14,545328.0
2014-08-15,545554.0
2014-08-18,484042.0
2014-08-19,483566.0
2014-08-20,473286.0
2014-08-21,487600.0
2014-08-22,491012.0
2014-08-25,501770.0
2014-08-26,510682.0
2014-08-27,513060.0
2014-08-28,567250.0
2014-08-29,566810.0
2014-09-01,561012.0
2014-09-02,563874.0
2014-09-03,574938.0
2014-09-04,582338.0
2014-09-05,579078.0
2014-09-09,583370.0
2014-09-10,599320.0
2014-09-11,601780.0
2014-09-12,658442.0
2014-09-15,642420.0
2014-09-16,618708.0
2014-09-17,610804.0
2014-09-18,614786.0
2014-09-19,617672.0
2014-09-22,754532.0
2014-09-23,742872.0
2014-09-24,733020.0
2014-09-25,762422.0
2014-09-26,706538.0
2014-09-29,665806.0
2014-09-30,648874.0
2014-10-08,638486.0
2014-10-09,668412.0
2014-10-10,714446.0
2014-10-13,662494.0
2014-10-14,667320.0
2014-10-15,727978.0
2014-10-16,687504.0
2014-10-17,667670.0
2014-10-20,676800.0
2014-10-21,670252.0
2014-10-22,646030.0
2014-10-23,686546.0
2014-10-24,687124.0
2014-10-27,697516.0
2014-10-28,670116.0
2014-10-29,663114.0
2014-10-30,747576.0
2014-10-31,798182.0
2014-11-03,728348.0
2014-11-04,769826.0
2014-11-05,855098.0
2014-11-06,868662.0
2014-11-07,882486.0
2014-11-10,778786.0
2014-11-11,765576.0
2014-11-12,751808.0
2014-11-13,756626.0
2014-11-14,824462.0
2014-11-17,698066.0
2014-11-18,636306.0
2014-11-19,633622.0
2014-11-20,627284.0
2014-11-21,613182.0
2014-11-24,605500.0
2014-11-25,598032.0
2014-11-26,587224.0
2014-11-27,583432.0
2014-11-28,597488.0
2014-12-01,610180.0
2014-12-02,494608.0
2014-12-03,485904.0
2014-12-04,473090.0
2014-12-05,479022.0
2014-12-08,478910.0
2014-12-09,474846.0
2014-12-10,507108.0
2014-12-11,499352.0
2014-12-12,515492.0
2014-12-15,504154.0
2014-12-16,470684.0
2014-12-17,445448.0
2014-12-18,410758.0
2014-12-19,427700.0
2014-12-22,452440.0
2014-12-23,468754.0
2014-12-24,452988.0
2014-12-25,449516.0
2014-12-26,436370.0
2014-12-29,418690.0
2014-12-30,424702.0
2014-12-31,406930.0
2015-01-05,424780.0
2015-01-06,464514.0
2015-01-07,416282.0
2015-01-08,426520.0
2015-01-09,413918.0
2015-01-12,420472.0
2015-01-13,409722.0
2015-01-14,395934.0
2015-01-15,419092.0
2015-01-16,397714.0
2015-01-19,483564.0
2015-01-20,491658.0
2015-01-21,521660.0
2015-01-22,538534.0
2015-01-23,525422.0
2015-01-26,538820.0
2015-01-27,546752.0
2015-01-28,537598.0
2015-01-29,535188.0
2015-01-30,515832.0
2015-02-02,484432.0
2015-02-03,465890.0
2015-02-04,482236.0
2015-02-05,456308.0
2015-02-06,441064.0
2015-02-09,463928.0
2015-02-10,445594.0
2015-02-11,413504.0
2015-02-12,413132.0
2015-02-13,386378.0
2015-02-16,351448.0
2015-02-17,336410.0
2015-02-25,333578.0
2015-02-26,365280.0
2015-02-27,399096.0
2015-03-02,410792.0
2015-03-03,414660.0
2015-03-04,445438.0
2015-03-05,449870.0
2015-03-06,445792.0
2015-03-09,508144.0
2015-03-10,530294.0
2015-03-11,535806.0
2015-03-12,604572.0
2015-03-13,601622.0
2015-03-16,618394.0
2015-03-17,624352.0
2015-03-18,631760.0
2015-03-19,612146.0
2015-03-20,597740.0
2015-03-23,610436.0
2015-03-24,591354.0
2015-03-25,572102.0
2015-03-26,579604.0
2015-03-27,537472.0
2015-03-30,554664.0
2015-03-31,552042.0
2015-04-01,547554.0
2015-04-02,514260.0
2015-04-03,480188.0
2015-04-07,484670.0
2015-04-08,488642.0
2015-04-09,541688.0
2015-04-10,543936.0
2015-04-13,545138.0
2015-04-14,558438.0
2015-04-15,561358.0
2015-04-16,548350.0
2015-04-17,585528.0
2015-04-20,568400.0
2015-04-21,616598.0
2015-04-22,625292.0
2015-04-23,665788.0
2015-04-24,651144.0
2015-04-27,685892.0
2015-04-28,714292.0
2015-04-29,658344.0
2015-04-30,642490.0
2015-05-04,635776.0
2015-05-05,639890.0
2015-05-06,643670.0
2015-05-07,634320.0
2015-05-08,640944.0
2015-05-11,643390.0
2015-05-12,628082.0
2015-05-13,688074.0
2015-05-14,711214.0
2015-05-15,635726.0
2015-05-18,692306.0
2015-05-19,607290.0
2015-05-20,462860.0
2015-05-21,450542.0
2015-05-22,469586.0
2015-05-25,457744.0
2015-05-26,486168.0
2015-05-27,477136.0
2015-05-28,482536.0
2015-05-29,460030.0
2015-06-01,467316.0
2015-06-02,466264.0
2015-06-03,471244.0
2015-06-04,489750.0
2015-06-05,538792.0
2015-06-08,574546.0
2015-06-09,607918.0
2015-06-10,638186.0
2015-06-11,656082.0
2015-06-12,646188.0
2015-06-15,652318.0
2015-06-16,627308.0
2015-06-17,634548.0
2015-06-18,613912.0
2015-06-19,578618.0
2015-06-23,598890.0
2015-06-24,650524.0
2015-06-25,636702.0
2015-06-26,655436.0
2015-06-29,612222.0
2015-06-30,620882.0
2015-07-01,632506.0
2015-07-02,638244.0
2015-07-03,617480.0
2015-07-06,617726.0
2015-07-07,599252.0
2015-07-08,598300.0
2015-07-09,440138.0
2015-07-10,446472.0
2015-07-13,450792.0
2015-07-14,486192.0
2015-07-15,480658.0
2015-07-16,526890.0
2015-07-17,524364.0
2015-07-20,562392.0
2015-07-21,562678.0
2015-07-22,576840.0
2015-07-23,592402.0
2015-07-24,611730.0
2015-07-27,619576.0
2015-07-28,607132.0
2015-07-29,598588.0
2015-07-30,595904.0
2015-07-31,596744.0
2015-08-03,582384.0
2015-08-04,655330.0
2015-08-05,661446.0
2015-08-06,644382.0
2015-08-07,615944.0
2015-08-10,606102.0
2015-08-11,643380.0
2015-08-12,652844.0
2015-08-13,552306.0
2015-08-14,553778.0
2015-08-17,520058.0
2015-08-18,503568.0
2015-08-19,521826.0
2015-08-20,528990.0
2015-08-21,530490.0
2015-08-24,500666.0
2015-08-25,484228.0
2015-08-26,493950.0
2015-08-27,473514.0
2015-08-28,441056.0
2015-08-31,430878.0
2015-09-01,429876.0
2015-09-02,416370.0
2015-09-07,426328.0
2015-09-08,434724.0
2015-09-09,396144.0
2015-09-10,397840.0
2015-09-11,413922.0
2015-09-14,434016.0
2015-09-15,455878.0
2015-09-16,433814.0
2015-09-17,415110.0
2015-09-18,421946.0
2015-09-21,420918.0
2015-09-22,425988.0
2015-09-23,400018.0
2015-09-24,410556.0
2015-09-25,424576.0
2015-09-28,415588.0
2015-09-29,410516.0
2015-09-30,378356.0
2015-10-08,374796.0
2015-10-09,412542.0
2015-10-12,436278.0
2015-10-13,433636.0
2015-10-14,473186.0
2015-10-15,488678.0
2015-10-16,487348.0
2015-10-19,479122.0
2015-10-20,476438.0
2015-10-21,483306.0
2015-10-22,470496.0
2015-10-23,499524.0
2015-10-26,473056.0
2015-10-27,478356.0
2015-10-28,492908.0
2015-10-29,479458.0
2015-10-30,464132.0
2015-11-02,452338.0
2015-11-03,447868.0
2015-11-04,441392.0
2015-11-05,460726.0
2015-11-06,450524.0
2015-11-09,447606.0
2015-11-10,437500.0
2015-11-11,443846.0
2015-11-12,474630.0
2015-11-13,495002.0
2015-11-16,506166.0
2015-11-17,523520.0
2015-11-18,520776.0
2015-11-19,525974.0
2015-11-20,526274.0
2015-11-23,595158.0
2015-11-24,573794.0
2015-11-25,555408.0
2015-11-26,541102.0
2015-11-27,561728.0
2015-11-30,551178.0
2015-12-01,520164.0
2015-12-02,516364.0
2015-12-03,546264.0
2015-12-04,520706.0
2015-12-07,507820.0
2015-12-08,497062.0
2015-12-09,495856.0
2015-12-10,496510.0
2015-12-11,494464.0
2015-12-14,519322.0
2015-12-15,547876.0
2015-12-16,502552.0
2015-12-17,481978.0
2015-12-18,535522.0
2015-12-21,507504.0
2015-12-22,506638.0
2015-12-23,501088.0
2015-12-24,509820.0
2015-12-25,505282.0
2015-12-28,486362.0
2015-12-29,501628.0
2015-12-30,516086.0
2015-12-31,519966.0
2016-01-04,516890.0
2016-01-05,499584.0
2016-01-06,520200.0
2016-01-07,552356.0
2016-01-08,515688.0
2016-01-11,514176.0
2016-01-12,514212.0
2016-01-13,511994.0
2016-01-14,500802.0
2016-01-15,498348.0
2016-01-18,482088.0
2016-01-19,496498.0
2016-01-20,483000.0
2016-01-21,481286.0
2016-01-22,491790.0
2016-01-25,482542.0
2016-01-26,518732.0
2016-01-27,511716.0
2016-01-28,499040.0
2016-01-29,496286.0
2016-02-01,499966.0
2016-02-02,499454.0
2016-02-03,501406.0
2016-02-04,518054.0
2016-02-05,498882.0
2016-02-15,504318.0
2016-02-16,508642.0
2016-02-17,519134.0
2016-02-18,526116.0
2016-02-19,543884.0
2016-02-22,542388.0
2016-02-23,533326.0
2016-02-24,552324.0
2016-02-25,596498.0
2016-02-26,592176.0
2016-02-29,583412.0
2016-03-01,567602.0
2016-03-02,582124.0
2016-03-03,594286.0
2016-03-04,659554.0
2016-03-07,685766.0
2016-03-08,692432.0
2016-03-09,642244.0
2016-03-10,652388.0
2016-03-11,667218.0
2016-03-14,685306.0
2016-03-15,670640.0
2016-03-16,654642.0
2016-03-17,673404.0
2016-03-18,799922.0
2016-03-21,740152.0
2016-03-22,803366.0
2016-03-23,756548.0
2016-03-24,667504.0
2016-03-25,677414.0
2016-03-28,671932.0
2016-03-29,676938.0
2016-03-30,659912.0
2016-03-31,661504.0
2016-04-01,662072.0
2016-04-05,649334.0
2016-04-06,660348.0
2016-04-07,663904.0
2016-04-08,667556.0
2016-04-11,692596.0
2016-04-12,766866.0
2016-04-13,818124.0
2016-04-14,850304.0
2016-04-15,879830.0
2016-04-18,875546.0
2016-04-19,986326.0
2016-04-20,948122.0
2016-04-21,963238.0
2016-04-22,825088.0
2016-04-25,810710.0
2016-04-26,811278.0
2016-04-27,877854.0
2016-04-28,843522.0
2016-04-29,874380.0
2016-05-03,869934.0
2016-05-04,832324.0
2016-05-05,817464.0
2016-05-06,816140.0
2016-05-09,832990.0
2016-05-10,798200.0
2016-05-11,826796.0
2016-05-12,827248.0
2016-05-13,802006.0
2016-05-16,824044.0
2016-05-17,776694.0
2016-05-18,761140.0
2016-05-19,755590.0
2016-05-20,755936.0
2016-05-23,745734.0
2016-05-24,748716.0
2016-05-25,735066.0
2016-05-26,725044.0
2016-05-27,729510.0
2016-05-30,721682.0
2016-05-31,726520.0
2016-06-01,700996.0
2016-06-02,662310.0
2016-06-03,671882.0
2016-06-06,643238.0
2016-06-07,636392.0
2016-06-08,638370.0
2016-06-13,665194.0
2016-06-14,684816.0
2016-06-15,687048.0
2016-06-16,629838.0
2016-06-17,618374.0
2016-06-20,632602.0
2016-06-21,654834.0
2016-06-22,629628.0
2016-06-23,635094.0
2016-06-24,661004.0
2016-06-27,661890.0
2016-06-28,668216.0
2016-06-29,801078.0
2016-06-30,779972.0
2016-07-01,750538.0
2016-07-04,742130.0
2016-07-05,686856.0
2016-07-06,701978.0
2016-07-07,693010.0
2016-07-08,682054.0
2016-07-11,759306.0
2016-07-12,775986.0
2016-07-13,823446.0
2016-07-14,787986.0
2016-07-15,775202.0
2016-07-18,746644.0
2016-07-19,744892.0
2016-07-20,766388.0
2016-07-21,712030.0
2016-07-22,711540.0
2016-07-25,707160.0
2016-07-26,710148.0
2016-07-27,708456.0
2016-07-28,747352.0
2016-07-29,739874.0
2016-08-01,774082.0
2016-08-02,783902.0
2016-08-03,800852.0
2016-08-04,762714.0
2016-08-05,754812.0
2016-08-08,725978.0
2016-08-09,712910.0
2016-08-10,736108.0
2016-08-11,712468.0
2016-08-12,719554.0
2016-08-15,696484.0
2016-08-16,712154.0
2016-08-17,719856.0
2016-08-18,711774.0
2016-08-19,712696.0
2016-08-22,732406.0
2016-08-23,722492.0
2016-08-24,734964.0
2016-08-25,737924.0
2016-08-26,734804.0
2016-08-29,707470.0
2016-08-30,699274.0
2016-08-31,680898.0
2016-09-01,681078.0
2016-09-02,692858.0
2016-09-05,670154.0
2016-09-06,682536.0
2016-09-07,674382.0
2016-09-08,658960.0
2016-09-09,648550.0
2016-09-12,633518.0
2016-09-13,618242.0
2016-09-14,623906.0
2016-09-19,635988.0
2016-09-20,628800.0
2016-09-21,672186.0
2016-09-22,639284.0
2016-09-23,655618.0
2016-09-26,633396.0
2016-09-27,622946.0
2016-09-28,608972.0
2016-09-29,583134.0
2016-09-30,560630.0
2016-10-10,556142.0
2016-10-11,596342.0
2016-10-12,607230.0
2016-10-13,610028.0
2016-10-14,617854.0
2016-10-17,641684.0
2016-10-18,673266.0
2016-10-19,639896.0
2016-10-20,646956.0
2016-10-21,642952.0
2016-10-24,661198.0
2016-10-25,707280.0
2016-10-26,716684.0
2016-10-27,722464.0
2016-10-28,721134.0
2016-10-31,720060.0
2016-11-01,741600.0
2016-11-02,749364.0
2016-11-03,678450.0
2016-11-04,636332.0
2016-11-07,628532.0
2016-11-08,659940.0
2016-11-09,689724.0
2016-11-10,753076.0
2016-11-11,899246.0
2016-11-14,719314.0
2016-11-15,689864.0
2016-11-16,683288.0
2016-11-17,693586.0
2016-11-18,718606.0
2016-11-21,729384.0
2016-11-22,792864.0
2016-11-23,797476.0
2016-11-24,823978.0
2016-11-25,833782.0
2016-11-28,871322.0
2016-11-29,843002.0
2016-11-30,829540.0
2016-12-01,848908.0
2016-12-02,852976.0
2016-12-05,866914.0
2016-12-06,881968.0
2016-12-07,877432.0
2016-12-08,938370.0
2016-12-09,908424.0
2016-12-12,966982.0
2016-12-13,979358.0
2016-12-14,979874.0
2016-12-15,936672.0
2016-12-16,798062.0
2016-12-19,786410.0
2016-12-20,789402.0
2016-12-21,756758.0
2016-12-22,764922.0
2016-12-23,756484.0
2016-12-26,745980.0
2016-12-27,770494.0
2016-12-28,768734.0
2016-12-29,760782.0
2016-12-30,740768.0
2017-01-03,735540.0
2017-01-04,744866.0
2017-01-05,741092.0
2017-01-06,739384.0
2017-01-09,733294.0
2017-01-10,734470.0
2017-01-11,738694.0
2017-01-12,720746.0
2017-01-13,729810.0
2017-01-16,759746.0
2017-01-17,718880.0
2017-01-18,709734.0
2017-01-19,713548.0
2017-01-20,691464.0
2017-01-23,691274.0
2017-01-24,678956.0
2017-01-25,667306.0
2017-01-26,658508.0
2017-02-03,619062.0
2017-02-06,646110.0
2017-02-07,662218.0
2017-02-08,674280.0
2017-02-09,677822.0
2017-02-10,669976.0
2017-02-13,787656.0
2017-02-14,812428.0
2017-02-15,765844.0
2017-02-16,743350.0
2017-02-17,719898.0
2017-02-20,711718.0
2017-02-21,764678.0
2017-02-22,749994.0
2017-02-23,727602.0
2017-02-24,818938.0
2017-02-27,804494.0
2017-02-28,793208.0
2017-03-01,759786.0
2017-03-02,766846.0
2017-03-03,671138.0
2017-03-06,652544.0
2017-03-07,645150.0
2017-03-08,623464.0
2017-03-09,626408.0
2017-03-10,656614.0
2017-03-13,655382.0
2017-03-14,672844.0
2017-03-15,677634.0
2017-03-16,640200.0
2017-03-17,645160.0
2017-03-20,647984.0
2017-03-21,633408.0
2017-03-22,634396.0
2017-03-23,629134.0
2017-03-24,609394.0
2017-03-27,638840.0
2017-03-28,634476.0
2017-03-29,637878.0
2017-03-30,650314.0
2017-03-31,624932.0
2017-04-05,647660.0
2017-04-06,662830.0
2017-04-07,718264.0
2017-04-10,629458.0
2017-04-11,610518.0
2017-04-12,624434.0
2017-04-13,649918.0
2017-04-14,658626.0
2017-04-17,672066.0
2017-04-18,664038.0
2017-04-19,658844.0
2017-04-20,641316.0
2017-04-21,646912.0
2017-04-24,629988.0
2017-04-25,612524.0
2017-04-26,592888.0
2017-04-27,585228.0
2017-04-28,582122.0
2017-05-02,613412.0
2017-05-03,626502.0
2017-05-04,658314.0
2017-05-05,660786.0
2017-05-08,674336.0
2017-05-09,686012.0
2017-05-10,698226.0
2017-05-11,701640.0
2017-05-12,700332.0
2017-05-15,693930.0
2017-05-16,667674.0
2017-05-17,657948.0
2017-05-18,654372.0
2017-05-19,641748.0
2017-05-22,630050.0
2017-05-23,606306.0
2017-05-24,594218.0
2017-05-25,577380.0
2017-05-26,553424.0
2017-05-31,544320.0
2017-06-01,555168.0
2017-06-02,559204.0
2017-06-05,557134.0
2017-06-06,580334.0
2017-06-07,572292.0
2017-06-08,562862.0
2017-06-09,548148.0
2017-06-12,562812.0
2017-06-13,584862.0
2017-06-14,592972.0
2017-06-15,585324.0
2017-06-16,536676.0
2017-06-19,572082.0
2017-06-20,594428.0
2017-06-21,605358.0
2017-06-22,603784.0
2017-06-23,605404.0
2017-06-26,594788.0
2017-06-27,605428.0
2017-06-28,611756.0
2017-06-29,610850.0
2017-06-30,643366.0
2017-07-03,662750.0
2017-07-04,741970.0
2017-07-05,736200.0
2017-07-06,753338.0
2017-07-07,792760.0
2017-07-10,828056.0
2017-07-11,760424.0
2017-07-12,725260.0
2017-07-13,707494.0
2017-07-14,718328.0
2017-07-17,684094.0
2017-07-18,678476.0
2017-07-19,664794.0
2017-07-20,661072.0
2017-07-21,662436.0
2017-07-24,654918.0
2017-07-25,644170.0
2017-07-26,660848.0
2017-07-27,640208.0
2017-07-28,620958.0
2017-07-31,620260.0
2017-08-01,616556.0
2017-08-02,612026.0
2017-08-03,626416.0
2017-08-04,619746.0
2017-08-07,663680.0
2017-08-08,662526.0
2017-08-09,694428.0
2017-08-10,704640.0
2017-08-11,650140.0
2017-08-14,715624.0
2017-08-15,656654.0
2017-08-16,631034.0
2017-08-17,712612.0
2017-08-18,687462.0
2017-08-21,702494.0
2017-08-22,727976.0
2017-08-23,718302.0
2017-08-24,707664.0
2017-08-25,704654.0
2017-08-28,732248.0
2017-08-29,744006.0
2017-08-30,697364.0
2017-08-31,689644.0
2017-09-01,707410.0
2017-09-04,736048.0
2017-09-05,749344.0
2017-09-06,719350.0
2017-09-07,686036.0
2017-09-08,670848.0
2017-09-11,633452.0
2017-09-12,632886.0
2017-09-13,633560.0
2017-09-14,634938.0
2017-09-15,632898.0
2017-09-18,639682.0
2017-09-19,641488.0
2017-09-20,628118.0
2017-09-21,645710.0
2017-09-22,627334.0
2017-09-25,627758.0
2017-09-26,617256.0
2017-09-27,618368.0
2017-09-28,617038.0
2017-09-29,591286.0
2017-10-09,610914.0
2017-10-10,630646.0
2017-10-11,639826.0
2017-10-12,620766.0
2017-10-13,629678.0
2017-10-16,662788.0
2017-10-17,620714.0
2017-10-18,617672.0
2017-10-19,619358.0
2017-10-20,617392.0
2017-10-23,616874.0
2017-10-24,615750.0
2017-10-25,604588.0
2017-10-26,607904.0
2017-10-27,648342.0
2017-10-30,611768.0
2017-10-31,589568.0
2017-11-01,590022.0
2017-11-02,601732.0
2017-11-03,592670.0
2017-11-06,588248.0
2017-11-07,621114.0
2017-11-08,601202.0
2017-11-09,600008.0
2017-11-10,595250.0
2017-11-13,592692.0
2017-11-14,597806.0
2017-11-15,593886.0
2017-11-16,580918.0
2017-11-17,582822.0
2017-11-20,600272.0
2017-11-21,567350.0
2017-11-22,573456.0
2017-11-23,575574.0
2017-11-24,586162.0
2017-11-27,577144.0
2017-11-28,582236.0
2017-11-29,602550.0
2017-11-30,619896.0
2017-12-01,618942.0
2017-12-04,628120.0
2017-12-05,637384.0
2017-12-06,653790.0
2017-12-07,677608.0
2017-12-08,678738.0
2017-12-11,677458.0
2017-12-12,700308.0
2017-12-13,707610.0
2017-12-14,701428.0
2017-12-15,724910.0
2017-12-18,678776.0
2017-12-19,666666.0
2017-12-20,665126.0
2017-12-21,654470.0
2017-12-22,650800.0
2017-12-25,645752.0
2017-12-26,643468.0
2017-12-27,634656.0
2017-12-28,625958.0
2017-12-29,603342.0
2018-01-02,609494.0
2018-01-03,591166.0
2018-01-04,603486.0
2018-01-05,591826.0
2018-01-08,603618.0
2018-01-09,614968.0
2018-01-10,641270.0
2018-01-11,645772.0
2018-01-12,652692.0
2018-01-15,681068.0
2018-01-16,668848.0
2018-01-17,646646.0
2018-01-18,658852.0
2018-01-19,671344.0
2018-01-22,677996.0
2018-01-23,686910.0
2018-01-24,706506.0
2018-01-25,697354.0
2018-01-26,705050.0
2018-01-29,715280.0
2018-01-30,732006.0
2018-01-31,735856.0
2018-02-01,737140.0
2018-02-02,755270.0
2018-02-05,796230.0
2018-02-06,786106.0
2018-02-07,822396.0
2018-02-08,836146.0
2018-02-09,820634.0
2018-02-12,822714.0
2018-02-13,794536.0
2018-02-14,785366.0
2018-02-22,788186.0
2018-02-23,820188.0
2018-02-26,847180.0
2018-02-27,878744.0
2018-02-28,895142.0
2018-03-01,914576.0
2018-03-02,883364.0
2018-03-05,878898.0
2018-03-06,903690.0
2018-03-07,853112.0
2018-03-08,878644.0
2018-03-09,866922.0
2018-03-12,856378.0
2018-03-13,860064.0
2018-03-14,852210.0
2018-03-15,862288.0
2018-03-16,908744.0
2018-03-19,947254.0
2018-03-20,928494.0
2018-03-21,947304.0
2018-03-22,905618.0
2018-03-23,903718.0
2018-03-26,900164.0
2018-03-27,896502.0
2018-03-28,925328.0
2018-03-29,966248.0
2018-03-30,953398.0
2018-04-02,939828.0
2018-04-03,907046.0
2018-04-04,917764.0
2018-04-09,926038.0
2018-04-10,924576.0
2018-04-11,921696.0
2018-04-12,892718.0
2018-04-13,866834.0
2018-04-16,871554.0
2018-04-17,862114.0
2018-04-18,868714.0
2018-04-19,900352.0
2018-04-20,872216.0
2018-04-23,837514.0
2018-04-24,815608.0
2018-04-25,819566.0
2018-04-26,831184.0
2018-04-27,813730.0
2018-05-02,828784.0
2018-05-03,833566.0
2018-05-04,830702.0
2018-05-07,837450.0
2018-05-08,840532.0
2018-05-09,835240.0
2018-05-10,847258.0
2018-05-11,854916.0
2018-05-14,836382.0
2018-05-15,825722.0
2018-05-16,833252.0
2018-05-17,831382.0
2018-05-18,823562.0
2018-05-21,850766.0
2018-05-22,817324.0
2018-05-23,806018.0
2018-05-24,819764.0
2018-05-25,805094.0
2018-05-28,808016.0
2018-05-29,812846.0
2018-05-30,798120.0
2018-05-31,800652.0
2018-06-01,775262.0
2018-06-04,775180.0
2018-06-05,765774.0
2018-06-06,795726.0
2018-06-07,801082.0
2018-06-08,769956.0
2018-06-11,853584.0
2018-06-12,834314.0
2018-06-13,802804.0
2018-06-14,915790.0
2018-06-15,869224.0
2018-06-19,669840.0
2018-06-20,667750.0
2018-06-21,673818.0
2018-06-22,667968.0
2018-06-25,657998.0
2018-06-26,660064.0
2018-06-27,661912.0
2018-06-28,654846.0
2018-06-29,648514.0
2018-07-02,654646.0
2018-07-03,672436.0
2018-07-04,673960.0
2018-07-05,673670.0
2018-07-06,682858.0
2018-07-09,687174.0
2018-07-10,693196.0
2018-07-11,708344.0
2018-07-12,709804.0
2018-07-13,693612.0
2018-07-16,705588.0
2018-07-17,724036.0
2018-07-18,793160.0
2018-07-19,770822.0
2018-07-20,786582.0
2018-07-23,761148.0
2018-07-24,751438.0
2018-07-25,744760.0
2018-07-26,740642.0
2018-07-27,749286.0
2018-07-30,742450.0
2018-07-31,734772.0
2018-08-01,732038.0
2018-08-02,743284.0
2018-08-03,744744.0
2018-08-06,728934.0
2018-08-07,741986.0
2018-08-08,766624.0
2018-08-09,775076.0
2018-08-10,773614.0
2018-08-13,792280.0
2018-08-14,821760.0
2018-08-15,839482.0
2018-08-16,852146.0
2018-08-17,827838.0
2018-08-20,807962.0
2018-08-21,827212.0
2018-08-22,833516.0
2018-08-23,846218.0
2018-08-24,860260.0
2018-08-27,840510.0
2018-08-28,826408.0
2018-08-29,832968.0
2018-08-30,841758.0
2018-08-31,860916.0
2018-09-03,878558.0
2018-09-04,875784.0
2018-09-05,880404.0
2018-09-06,870144.0
2018-09-07,873410.0
2018-09-10,869288.0
2018-09-11,856896.0
2018-09-12,855606.0
2018-09-13,863928.0
2018-09-14,865806.0
2018-09-17,872526.0
2018-09-18,863336.0
2018-09-19,868398.0
2018-09-20,859214.0
2018-09-21,845800.0
2018-09-25,811180.0
2018-09-26,790172.0
2018-09-27,783702.0
2018-09-28,773122.0
2018-10-08,742478.0
2018-10-09,757032.0
2018-10-10,756690.0
2018-10-11,757544.0
2018-10-12,766944.0
2018-10-15,775460.0
2018-10-16,768132.0
2018-10-17,767856.0
2018-10-18,750988.0
2018-10-19,763170.0
2018-10-22,761906.0
2018-10-23,761050.0
2018-10-24,756692.0
2018-10-25,774654.0
2018-10-26,753350.0
2018-10-29,753070.0
2018-10-30,749576.0
2018-10-31,731536.0
2018-11-01,729546.0
2018-11-02,700124.0
2018-11-05,687478.0
2018-11-06,680386.0
2018-11-07,682342.0
2018-11-08,688416.0
2018-11-09,685904.0
2018-11-12,706538.0
2018-11-13,730012.0
2018-11-14,750250.0
2018-11-15,745478.0
2018-11-16,728894.0
2018-11-19,714002.0
2018-11-20,697170.0
2018-11-21,678052.0
2018-11-22,662764.0
2018-11-23,654822.0
2018-11-26,663044.0
2018-11-27,671102.0
2018-11-28,668410.0
2018-11-29,647540.0
2018-11-30,641386.0
2018-12-03,658890.0
2018-12-04,647064.0
2018-12-05,637710.0
2018-12-06,637216.0
2018-12-07,636948.0
2018-12-10,682504.0
2018-12-11,663774.0
2018-12-12,646922.0
2018-12-13,656130.0
2018-12-14,658882.0
2018-12-17,637674.0
2018-12-18,626128.0
2018-12-19,624580.0
2018-12-20,614234.0
2018-12-21,613176.0
2018-12-24,618226.0
2018-12-25,616364.0
2018-12-26,632060.0
2018-12-27,670852.0
2018-12-28,722230.0
2019-01-02,750162.0
2019-01-03,782352.0
2019-01-04,781810.0
2019-01-07,787996.0
2019-01-08,776772.0
2019-01-09,785734.0
2019-01-10,801800.0
2019-01-11,794782.0
2019-01-14,795932.0
2019-01-15,799680.0
2019-01-16,783590.0
2019-01-17,791056.0
2019-01-18,807922.0
2019-01-21,780114.0
2019-01-22,790278.0
2019-01-23,799334.0
2019-01-24,790784.0
2019-01-25,796118.0
2019-01-28,833564.0
2019-01-29,834452.0
2019-01-30,814088.0
2019-01-31,786626.0
2019-02-01,764772.0
2019-02-11,762882.0
2019-02-12,806266.0
2019-02-13,825064.0
2019-02-14,826296.0
2019-02-15,824174.0
2019-02-18,844900.0
2019-02-19,853346.0
2019-02-20,871918.0
2019-02-21,854088.0
2019-02-22,841620.0
2019-02-25,858436.0
2019-02-26,848798.0
2019-02-27,838248.0
2019-02-28,819478.0
2019-03-01,820960.0
2019-03-04,851210.0
2019-03-05,885916.0
2019-03-06,901456.0
2019-03-07,900768.0
2019-03-08,899690.0
2019-03-11,898434.0
2019-03-12,904088.0
2019-03-13,902404.0
2019-03-14,880826.0
2019-03-15,866698.0
2019-03-18,856422.0
2019-03-19,867632.0
2019-03-20,863186.0
2019-03-21,879366.0
2019-03-22,891190.0
2019-03-25,892648.0
2019-03-26,882454.0
2019-03-27,868804.0
2019-03-28,869822.0
2019-03-29,851856.0
2019-04-01,843878.0
2019-04-02,869910.0
2019-04-03,871922.0
2019-04-04,876206.0
2019-04-08,886578.0
2019-04-09,886344.0
2019-04-10,889134.0
2019-04-11,874650.0
2019-04-12,895110.0
2019-04-15,913630.0
2019-04-16,918352.0
2019-04-17,916572.0
2019-04-18,920166.0
2019-04-19,902490.0
2019-04-22,898176.0
2019-04-23,894238.0
2019-04-24,908150.0
2019-04-25,894126.0
2019-04-26,879992.0
2019-04-29,862348.0
2019-04-30,844728.0
2019-05-06,812432.0
2019-05-07,812968.0
2019-05-08,833610.0
2019-05-09,822548.0
2019-05-10,813590.0
2019-05-13,801256.0
2019-05-14,812346.0
2019-05-15,786164.0
2019-05-16,771232.0
2019-05-17,775130.0
2019-05-20,793304.0
2019-05-21,795536.0
2019-05-22,793360.0
2019-05-23,774852.0
2019-05-24,744008.0
2019-05-27,734166.0
2019-05-28,730262.0
2019-05-29,777226.0
2019-05-30,768376.0
2019-05-31,745514.0
2019-06-03,738522.0
2019-06-04,725086.0
2019-06-05,745046.0
2019-06-06,756456.0
2019-06-10,764148.0
2019-06-11,739000.0
2019-06-12,792436.0
2019-06-13,773998.0
2019-06-14,808952.0
2019-06-17,781742.0
2019-06-18,763354.0
2019-06-19,742414.0
2019-06-20,794246.0
2019-06-21,770158.0
2019-06-24,776568.0
2019-06-25,812234.0
2019-06-26,869906.0
2019-06-27,873694.0
2019-06-28,851732.0
2019-07-01,824240.0
2019-07-02,819538.0
2019-07-03,847314.0
2019-07-04,836348.0
2019-07-05,828996.0
2019-07-08,833500.0
2019-07-09,827096.0
2019-07-10,832668.0
2019-07-11,839416.0
2019-07-12,836172.0
2019-07-15,866698.0
2019-07-16,957086.0
2019-07-17,1104452.0
2019-07-18,1285956.0
2019-07-19,1372794.0
2019-07-22,1357820.0
2019-07-23,1317556.0
2019-07-24,1383674.0
2019-07-25,1336374.0
2019-07-26,1298614.0
2019-07-29,1300328.0
2019-07-30,1349194.0
2019-07-31,1305404.0
2019-08-01,1251058.0
2019-08-02,1211902.0
2019-08-05,1399726.0
2019-08-06,1322794.0
2019-08-07,1403520.0
2019-08-08,1477296.0
2019-08-09,1469310.0
2019-08-12,1478716.0
2019-08-13,1607868.0
2019-08-14,1491420.0
2019-08-15,1528164.0
2019-08-16,1516650.0
2019-08-19,1478738.0
2019-08-20,1479934.0
2019-08-21,1493478.0
2019-08-22,1474344.0
2019-08-23,1461152.0
2019-08-26,1545808.0
2019-08-27,1631968.0
2019-08-28,1659242.0
2019-08-29,1791114.0
2019-08-30,1733670.0
2019-09-02,1716614.0
2019-09-03,1804894.0
2019-09-04,1810678.0
2019-09-05,1781856.0
2019-09-06,1555830.0
2019-09-09,1324022.0
2019-09-10,1415402.0
2019-09-11,1423624.0
2019-09-12,1331878.0
2019-09-16,1388998.0
2019-09-17,1435214.0
2019-09-18,1422020.0
2019-09-19,1436756.0
2019-09-20,1462866.0
2019-09-23,1575242.0
2019-09-24,1557734.0
2019-09-25,1537000.0
2019-09-26,1405122.0
2019-09-27,1284096.0
2019-09-30,1220702.0
2019-10-08,1239002.0
2019-10-09,1384364.0
2019-10-10,1397224.0
2019-10-11,1417054.0
2019-10-14,1417416.0
2019-10-15,1438144.0
2019-10-16,1469856.0
2019-10-17,1455644.0
2019-10-18,1469416.0
2019-10-21,1546042.0
2019-10-22,1512904.0
2019-10-23,1521700.0
2019-10-24,1525480.0
2019-10-25,1636982.0
2019-10-28,1593352.0
2019-10-29,1504700.0
2019-10-30,1501272.0
2019-10-31,1488070.0
2019-11-01,1531612.0
2019-11-04,1580916.0
2019-11-05,1556580.0
2019-11-06,1484466.0
2019-11-07,1473026.0
2019-11-08,1424610.0
2019-11-11,1411030.0
2019-11-12,1403826.0
2019-11-13,1451784.0
2019-11-14,1447178.0
2019-11-15,1409530.0
2019-11-18,1416412.0
2019-11-19,1411866.0
2019-11-20,1386914.0
2019-11-21,1362786.0
2019-11-22,1356164.0
2019-11-25,1328760.0
2019-11-26,1289768.0
2019-11-27,1276658.0
2019-11-28,1226404.0
2019-11-29,1204578.0
2019-12-02,1198254.0
2019-12-03,1205436.0
2019-12-04,1359996.0
2019-12-05,1334620.0
2019-12-06,1332532.0
2019-12-09,1354690.0
2019-12-10,1351184.0
2019-12-11,1332692.0
2019-12-12,1322038.0
2019-12-13,1318354.0
2019-12-16,1342740.0
2019-12-17,1286224.0
2019-12-18,1304076.0
2019-12-19,1282894.0
2019-12-20,1315928.0
2019-12-23,1419688.0
2019-12-24,1416584.0
2019-12-25,1438082.0
2019-12-26,1495666.0
2019-12-27,1488906.0
2019-12-30,1495830.0
2019-12-31,1534052.0
2020-01-02,753612.0
2020-01-03,792744.0
2020-01-06,801518.0
2020-01-07,783782.0
2020-01-08,783018.0
2020-01-09,768553.0
2020-01-10,773280.0
2020-01-13,771624.0
2020-01-14,758171.0
2020-01-15,746848.0
2020-01-16,758944.0
2020-01-17,772191.0
2020-01-20,776699.0
2020-01-21,775409.0
2020-01-22,730030.0
2020-01-23,717126.0
2020-02-03,716539.0
2020-02-04,719548.0
2020-02-05,744877.0
2020-02-06,757425.0
2020-02-07,767606.0
2020-02-10,778567.0
2020-02-11,779804.0
2020-02-12,796946.0
2020-02-13,786789.0
2020-02-14,777692.0
2020-02-17,777961.0
2020-02-18,762948.0
2020-02-19,772934.0
2020-02-20,764527.0
2020-02-21,744422.0
2020-02-24,717500.0
2020-02-25,661599.0
2020-02-26,678697.0
2020-02-27,692420.0
2020-02-28,668221.0
2020-03-02,676108.0
2020-03-03,691934.0
2020-03-04,684282.0
2020-03-05,681042.0
2020-03-06,691261.0
2020-03-09,726503.0
2020-03-10,705363.0
2020-03-11,700171.0
2020-03-12,700943.0
2020-03-13,688804.0
2020-03-16,695923.0
2020-03-17,690728.0
2020-03-18,681234.0
2020-03-19,684670.0
2020-03-20,706923.0
2020-03-23,679367.0
2020-03-24,677363.0
2020-03-25,675599.0
2020-03-26,691915.0
2020-03-27,698042.0
2020-03-30,696403.0
2020-03-31,687772.0
2020-04-01,686673.0
2020-04-02,671721.0
2020-04-03,664865.0
2020-04-07,674517.0
2020-04-08,671813.0
2020-04-09,671799.0
2020-04-10,679093.0
2020-04-13,676211.0
2020-04-14,676877.0
2020-04-15,680149.0
2020-04-16,667908.0
2020-04-17,674473.0
2020-04-20,653736.0
2020-04-21,642392.0
2020-04-22,646637.0
2020-04-23,607872.0
2020-04-24,592138.0
2020-04-27,573637.0
2020-04-28,566197.0
2020-04-29,544637.0
2020-04-30,537561.0
2020-05-06,536376.0
2020-05-07,536193.0
2020-05-08,595312.0
2020-05-11,581883.0
2020-05-12,560320.0
2020-05-13,559588.0
2020-05-14,557410.0
2020-05-15,638454.0
2020-05-18,639390.0
2020-05-19,601205.0
2020-05-20,656272.0
2020-05-21,624145.0
2020-05-22,593388.0
2020-05-25,589521.0
2020-05-26,645583.0
2020-05-27,616278.0
2020-05-28,667670.0
2020-05-29,672780.0
2020-06-01,708133.0
2020-06-02,697141.0
2020-06-03,677132.0
2020-06-04,662670.0
2020-06-05,650657.0
2020-06-08,666957.0
2020-06-09,670362.0
2020-06-10,689638.0
2020-06-11,677747.0
2020-06-12,668494.0
2020-06-15,687306.0
2020-06-16,661370.0
2020-06-17,654911.0
2020-06-18,649009.0
2020-06-19,655036.0
2020-06-22,653876.0
2020-06-23,620154.0
2020-06-24,602090.0
2020-06-29,595097.0
2020-06-30,579811.0
2020-07-01,651088.0
2020-07-02,600063.0
2020-07-03,610617.0
2020-07-06,604033.0
2020-07-07,605656.0
2020-07-08,627184.0
2020-07-09,709135.0
2020-07-10,652360.0
2020-07-13,747542.0
2020-07-14,720475.0
2020-07-15,717531.0
2020-07-16,684172.0
2020-07-17,664175.0
2020-07-20,673651.0
2020-07-21,778018.0
2020-07-22,761052.0
2020-07-23,686514.0
2020-07-24,677452.0
2020-07-27,708797.0
2020-07-28,704859.0
2020-07-29,701030.0
2020-07-30,710452.0
2020-07-31,729714.0
2020-08-03,734649.0
2020-08-04,748206.0
2020-08-05,786151.0
2020-08-06,765835.0
2020-08-07,777312.0
2020-08-10,786499.0
2020-08-11,783543.0
2020-08-12,753728.0
2020-08-13,729064.0
2020-08-14,737310.0
2020-08-17,739535.0
2020-08-18,754879.0
2020-08-19,714569.0
2020-08-20,733737.0
2020-08-21,712166.0
2020-08-24,734140.0
2020-08-25,719696.0
2020-08-26,735140.0
2020-08-27,757578.0
2020-08-28,755310.0
2020-08-31,770176.0
2020-09-01,801172.0
2020-09-02,781388.0
2020-09-03,805370.0
2020-09-04,790443.0
2020-09-07,796419.0
2020-09-08,794473.0
2020-09-09,805219.0
2020-09-10,819675.0
2020-09-11,820179.0
2020-09-14,827529.0
2020-09-15,827413.0
2020-09-16,794396.0
2020-09-17,848325.0
2020-09-18,822303.0
2020-09-21,820311.0
2020-09-22,823540.0
2020-09-23,819302.0
2020-09-24,871520.0
2020-09-25,818503.0
2020-09-28,819068.0
2020-09-29,786972.0
2020-09-30,768548.0
2020-10-09,775605.0
2020-10-12,822948.0
2020-10-13,823849.0
2020-10-14,833813.0
2020-10-15,825960.0
2020-10-16,807027.0
2020-10-19,827877.0
2020-10-20,806043.0
2020-10-21,830199.0
2020-10-22,805262.0
2020-10-23,800611.0
2020-10-26,811461.0
2020-10-27,795822.0
2020-10-28,799375.0
2020-10-29,783974.0
2020-10-30,780373.0
2020-11-02,774816.0
2020-11-03,772710.0
2020-11-04,768815.0
2020-11-05,766817.0
2020-11-06,781057.0
2020-11-09,769286.0
2020-11-10,754292.0
2020-11-11,735722.0
2020-11-12,751450.0
2020-11-13,734071.0
2020-11-16,732499.0
2020-11-17,717816.0
2020-11-18,723002.0
2020-11-19,725466.0
2020-11-20,706361.0
2020-11-23,693262.0
2020-11-24,733893.0
2020-11-25,720668.0
2020-11-26,705611.0
2020-11-27,698832.0
2020-11-30,730276.0
2020-12-01,736662.0
2020-12-02,727533.0
2020-12-03,749207.0
2020-12-04,760789.0
2020-12-07,749988.0
2020-12-08,770299.0
2020-12-09,748597.0
2020-12-10,732417.0
2020-12-11,716950.0
2020-12-14,722025.0
2020-12-15,744181.0
2020-12-16,768054.0
2020-12-17,761407.0
2020-12-18,749727.0
2020-12-21,743022.0
2020-12-22,706820.0
2020-12-23,706892.0
2020-12-24,713688.0
2020-12-25,718054.0
2020-12-28,725943.0
2020-12-29,715512.0
2020-12-30,728077.0
2020-12-31,722744.0
2021-01-04,722200.0
2021-01-05,741047.0
2021-01-06,744755.0
2021-01-07,729839.0
2021-01-08,706006.0
2021-01-11,655227.0
2021-01-12,653581.0
2021-01-13,663715.0
2021-01-14,670013.0
2021-01-15,655147.0
2021-01-18,655001.0
2021-01-19,658701.0
2021-01-20,673987.0
2021-01-21,695909.0
2021-01-22,670824.0
2021-01-25,654687.0
2021-01-26,643734.0
2021-01-27,640771.0
2021-01-28,655157.0
2021-01-29,669762.0
2021-02-01,738776.0
2021-02-02,698857.0
2021-02-03,652627.0
2021-02-04,649472.0
2021-02-05,647002.0
2021-02-08,595501.0
2021-02-09,583558.0
2021-02-10,554275.0
2021-02-18,564754.0
2021-02-19,586265.0
2021-02-22,618874.0
2021-02-23,638578.0
2021-02-24,620317.0
2021-02-25,640766.0
2021-02-26,598416.0
2021-03-01,579303.0
2021-03-02,581178.0
2021-03-03,566342.0
2021-03-04,578796.0
2021-03-05,598958.0
2021-03-08,572229.0
2021-03-09,578429.0
2021-03-10,564923.0
2021-03-11,566354.0
2021-03-12,573239.0
2021-03-15,557531.0
2021-03-16,548385.0
2021-03-17,545742.0
2021-03-18,603737.0
2021-03-19,551144.0
2021-03-22,569193.0
2021-03-23,557656.0
2021-03-24,570488.0
2021-03-25,583781.0
2021-03-26,567296.0
2021-03-29,569460.0
2021-03-30,585831.0
2021-03-31,607911.0
2021-04-01,583018.0
2021-04-02,551706.0
2021-04-06,545764.0
2021-04-07,550481.0
2021-04-08,559450.0
2021-04-09,559027.0
2021-04-12,543378.0
2021-04-13,547079.0
2021-04-14,566676.0
2021-04-15,572325.0
2021-04-16,582058.0
2021-04-19,566324.0
2021-04-20,569948.0
2021-04-21,580579.0
2021-04-22,590970.0
2021-04-23,573745.0
2021-04-26,567730.0
2021-04-27,562638.0
2021-04-28,566901.0
2021-04-29,569147.0
2021-04-30,549095.0
2021-05-06,581551.0
2021-05-07,630763.0
2021-05-10,646011.0
2021-05-11,614600.0
2021-05-12,607516.0
2021-05-13,589825.0
2021-05-14,584731.0
2021-05-17,651859.0
2021-05-18,713915.0
2021-05-19,672278.0
2021-05-20,617867.0
2021-05-21,593705.0
2021-05-24,576432.0
2021-05-25,565817.0
2021-05-26,583953.0
2021-05-27,558379.0
2021-05-28,560579.0
2021-05-31,562341.0
2021-06-01,631640.0
2021-06-02,577279.0
2021-06-03,559524.0
2021-06-04,578267.0
2021-06-07,569574.0
2021-06-08,562300.0
2021-06-09,564648.0
2021-06-10,567457.0
2021-06-11,593223.0
2021-06-15,552848.0
2021-06-16,538350.0
2021-06-17,595810.0
2021-06-18,597718.0
2021-06-21,605151.0
2021-06-22,602290.0
2021-06-23,584156.0
2021-06-24,577360.0
2021-06-25,580943.0
2021-06-28,567033.0
2021-06-29,565398.0
2021-06-30,580166.0
2021-07-01,570306.0
2021-07-02,551403.0
2021-07-05,563370.0
2021-07-06,568581.0
2021-07-07,544771.0
2021-07-08,559521.0
2021-07-09,566143.0
2021-07-12,544730.0
2021-07-13,561049.0
2021-07-14,552145.0
2021-07-15,569374.0
2021-07-16,572614.0
2021-07-19,624847.0
2021-07-20,653857.0
2021-07-21,642628.0
2021-07-22,617533.0
2021-07-23,592831.0
2021-07-26,569394.0
2021-07-27,563485.0
2021-07-28,582310.0
2021-07-29,567791.0
2021-07-30,552016.0
2021-08-02,540465.0
2021-08-03,549983.0
2021-08-04,557997.0
2021-08-05,551256.0
2021-08-06,566233.0
2021-08-09,631148.0
2021-08-10,636676.0
2021-08-11,634128.0
2021-08-12,621060.0
2021-08-13,624223.0
2021-08-16,599776.0
2021-08-17,588105.0
2021-08-18,586135.0
2021-08-19,627703.0
2021-08-20,614600.0
2021-08-23,613261.0
2021-08-24,582460.0
2021-08-25,572242.0
2021-08-26,578176.0
2021-08-27,584957.0
2021-08-30,591149.0
2021-08-31,587583.0
2021-09-01,588860.0
2021-09-02,585651.0
2021-09-03,578078.0
2021-09-06,622589.0
2021-09-07,600631.0
2021-09-08,588536.0
2021-09-09,591031.0
2021-09-10,566867.0
2021-09-13,594585.0
2021-09-14,597079.0
2021-09-15,591943.0
2021-09-16,597311.0
2021-09-17,608089.0
2021-09-22,603807.0
2021-09-23,611940.0
2021-09-24,601240.0
2021-09-27,609481.0
2021-09-28,622864.0
2021-09-29,611127.0
2021-09-30,616637.0
2021-10-08,589546.0
2021-10-11,592340.0
2021-10-12,584561.0
2021-10-13,587785.0
2021-10-14,632412.0
2021-10-15,641558.0
2021-10-18,623541.0
2021-10-19,636698.0
2021-10-20,638136.0
2021-10-21,631313.0
2021-10-22,614870.0
2021-10-25,607317.0
2021-10-26,607410.0
2021-10-27,612634.0
2021-10-28,611996.0
2021-10-29,641808.0
2021-11-01,646387.0
2021-11-02,634627.0
2021-11-03,657233.0
2021-11-04,639645.0
2021-11-05,637475.0
2021-11-08,659355.0
2021-11-09,657883.0
2021-11-10,657117.0
2021-11-11,718396.0
2021-11-12,724748.0
2021-11-15,731956.0
2021-11-16,725375.0
2021-11-17,707813.0
2021-11-18,711923.0
2021-11-19,694756.0
2021-11-22,706681.0
2021-11-23,719069.0
2021-11-24,710525.0
2021-11-25,690118.0
2021-11-26,679782.0
2021-11-29,676172.0
2021-11-30,699124.0
2021-12-01,704633.0
2021-12-02,707952.0
2021-12-03,689811.0
2021-12-06,700499.0
2021-12-07,712693.0
2021-12-08,718769.0
2021-12-09,737810.0
2021-12-10,781932.0
2021-12-13,731411.0
2021-12-14,721464.0
2021-12-15,723873.0
2021-12-16,690383.0
2021-12-17,705298.0
2021-12-20,694353.0
2021-12-21,703012.0
2021-12-22,696431.0
2021-12-23,698127.0
2021-12-24,680118.0
2021-12-27,679174.0
2021-12-28,670823.0
2021-12-29,669655.0
2021-12-30,685030.0
2021-12-31,666393.0
2022-01-04,687091.0
2022-01-05,695141.0
2022-01-06,710144.0
2022-01-07,734423.0
2022-01-10,742853.0
2022-01-11,702749.0
2022-01-12,693052.0
2022-01-13,680890.0
2022-01-14,680206.0
2022-01-17,676019.0
2022-01-18,665723.0
2022-01-19,693470.0
2022-01-20,708439.0
2022-01-21,711895.0
2022-01-24,716913.0
2022-01-25,695623.0
2022-01-26,688939.0
2022-01-27,670948.0
2022-01-28,633441.0
2022-02-07,622095.0
2022-02-08,645511.0
2022-02-09,639743.0
2022-02-10,644014.0
2022-02-11,656675.0
2022-02-14,650832.0
2022-02-15,651312.0
2022-02-16,640491.0
2022-02-17,639268.0
2022-02-18,649229.0
2022-02-21,642680.0
2022-02-22,653268.0
2022-02-23,647291.0
2022-02-24,684817.0
2022-02-25,658406.0
2022-02-28,637645.0
2022-03-01,643330.0
2022-03-02,647036.0
2022-03-03,647080.0
2022-03-04,638734.0
2022-03-07,660234.0
2022-03-08,665594.0
2022-03-09,659525.0
2022-03-10,638995.0
2022-03-11,637091.0
2022-03-14,643130.0
2022-03-15,641944.0
2022-03-16,648407.0
2022-03-17,661785.0
2022-03-18,674497.0
2022-03-21,673825.0
2022-03-22,700823.0
2022-03-23,673702.0
2022-03-24,673537.0
2022-03-25,698774.0
2022-03-28,659328.0
2022-03-29,647295.0
2022-03-30,651800.0
2022-03-31,647976.0
2022-04-01,633885.0
2022-04-06,652730.0
2022-04-07,667724.0
2022-04-08,664747.0
2022-04-11,669542.0
2022-04-12,690823.0
2022-04-13,705811.0
2022-04-14,723939.0
2022-04-15,721049.0
2022-04-18,717335.0
2022-04-19,713335.0
2022-04-20,695144.0
2022-04-21,692807.0
2022-04-22,710669.0
2022-04-25,698744.0
2022-04-26,710537.0
2022-04-27,735453.0
2022-04-28,724450.0
2022-04-29,698443.0
2022-05-05,710071.0
2022-05-06,729871.0
2022-05-09,724858.0
2022-05-10,733790.0
2022-05-11,749526.0
2022-05-12,766411.0
2022-05-13,795695.0
2022-05-16,785166.0
2022-05-17,753554.0
2022-05-18,749258.0
2022-05-19,749887.0
2022-05-20,737330.0
2022-05-23,741456.0
2022-05-24,752441.0
2022-05-25,742998.0
2022-05-26,725170.0
2022-05-27,715426.0
2022-05-30,713316.0
2022-05-31,747848.0
2022-06-01,769353.0
2022-06-02,744224.0
2022-06-06,730542.0
2022-06-07,736790.0
2022-06-08,740040.0
2022-06-09,746511.0
2022-06-10,772297.0
2022-06-13,765097.0
2022-06-14,807880.0
2022-06-15,820247.0
2022-06-16,769559.0
2022-06-17,750044.0
2022-06-20,750044.0
2022-06-21,759552.0
2022-06-22,780825.0
2022-06-23,786772.0
2022-06-24,838408.0
2022-06-27,774722.0
2022-06-28,773500.0
2022-06-29,811708.0
2022-06-30,818218.0
2022-07-01,881916.0
2022-07-04,881878.0
2022-07-05,852077.0
2022-07-06,879614.0
2022-07-07,876798.0
2022-07-08,891693.0
2022-07-11,892407.0
2022-07-12,902312.0
2022-07-13,899803.0
2022-07-14,900063.0
2022-07-15,923268.0
2022-07-18,897934.0
2022-07-19,905941.0
2022-07-20,898923.0
2022-07-21,905693.0
2022-07-22,893463.0
2022-07-25,887068.0
2022-07-26,828351.0
2022-07-27,816365.0
2022-07-28,833618.0
2022-07-29,853189.0
2022-08-01,843229.0
2022-08-02,849051.0
2022-08-03,845312.0
2022-08-04,853077.0
2022-08-05,865708.0
2022-08-08,853424.0
2022-08-09,870216.0
2022-08-10,851944.0
2022-08-11,847271.0
2022-08-12,846942.0
2022-08-15,853084.0
2022-08-16,834734.0
2022-08-17,830306.0
2022-08-18,857907.0
2022-08-19,853227.0
2022-08-22,865478.0
2022-08-23,872523.0
2022-08-24,866612.0
2022-08-25,861956.0
2022-08-26,822031.0
2022-08-29,864639.0
2022-08-30,841033.0
2022-08-31,866585.0
2022-09-01,901663.0
2022-09-02,880267.0
2022-09-05,876518.0
2022-09-06,861338.0
2022-09-07,862516.0
2022-09-08,857331.0
2022-09-09,836503.0
2022-09-13,825283.0
2022-09-14,816675.0
2022-09-15,806543.0
2022-09-16,792085.0
2022-09-19,793596.0
2022-09-20,797354.0
2022-09-21,787551.0
2022-09-22,795327.0
2022-09-23,793029.0
2022-09-26,721399.0
2022-09-27,714234.0
2022-09-28,727551.0
2022-09-29,714539.0
2022-09-30,700945.0
2022-10-10,745740.0
2022-10-11,784612.0
2022-10-12,803455.0
2022-10-13,831091.0
2022-10-14,846554.0
2022-10-17,866028.0
2022-10-18,856993.0
2022-10-19,856192.0
2022-10-20,875314.0
2022-10-21,847803.0
2022-10-24,900642.0
2022-10-25,902552.0
2022-10-26,933734.0
2022-10-27,918276.0
2022-10-28,914667.0
2022-10-31,904699.0
2022-11-01,941905.0
2022-11-02,943498.0
2022-11-03,937657.0
2022-11-04,950286.0
2022-11-07,999636.0
2022-11-08,1021682.0
2022-11-09,1053314.0
2022-11-10,1045881.0
2022-11-11,1055699.0
