trading_date,AP_total_oi
2017-12-22,28462.0
2017-12-25,39960.0
2017-12-26,33148.0
2017-12-27,27898.0
2017-12-28,23880.0
2017-12-29,21360.0
2018-01-02,18748.0
2018-01-03,18496.0
2018-01-04,17630.0
2018-01-05,15898.0
2018-01-08,15668.0
2018-01-09,21970.0
2018-01-10,21842.0
2018-01-11,26154.0
2018-01-12,29714.0
2018-01-15,30834.0
2018-01-16,34952.0
2018-01-17,38946.0
2018-01-18,40362.0
2018-01-19,39484.0
2018-01-22,38112.0
2018-01-23,35746.0
2018-01-24,36170.0
2018-01-25,36718.0
2018-01-26,34432.0
2018-01-29,39614.0
2018-01-30,43580.0
2018-01-31,43898.0
2018-02-01,45444.0
2018-02-02,50498.0
2018-02-05,56256.0
2018-02-06,62632.0
2018-02-07,87028.0
2018-02-08,69546.0
2018-02-09,74096.0
2018-02-12,77172.0
2018-02-13,76770.0
2018-02-14,80350.0
2018-02-22,101918.0
2018-02-23,102746.0
2018-02-26,84716.0
2018-02-27,92960.0
2018-02-28,96678.0
2018-03-01,100220.0
2018-03-02,109816.0
2018-03-05,113746.0
2018-03-06,125398.0
2018-03-07,116260.0
2018-03-08,113512.0
2018-03-09,113548.0
2018-03-12,116398.0
2018-03-13,110232.0
2018-03-14,108778.0
2018-03-15,125310.0
2018-03-16,128386.0
2018-03-19,118758.0
2018-03-20,111204.0
2018-03-21,112938.0
2018-03-22,103816.0
2018-03-23,105746.0
2018-03-26,117994.0
2018-03-27,108852.0
2018-03-28,113806.0
2018-03-29,107192.0
2018-03-30,106368.0
2018-04-02,129882.0
2018-04-03,118384.0
2018-04-04,114666.0
2018-04-09,107520.0
2018-04-10,130716.0
2018-04-11,157702.0
2018-04-12,170348.0
2018-04-13,179910.0
2018-04-16,185278.0
2018-04-17,170832.0
2018-04-18,185628.0
2018-04-19,186910.0
2018-04-20,202122.0
2018-04-23,272354.0
2018-04-24,283340.0
2018-04-25,289054.0
2018-04-26,361042.0
2018-04-27,356378.0
2018-05-02,423072.0
2018-05-03,447664.0
2018-05-04,409364.0
2018-05-07,435886.0
2018-05-08,522116.0
2018-05-09,537776.0
2018-05-10,542654.0
2018-05-11,535746.0
2018-05-14,641190.0
2018-05-15,616404.0
2018-05-16,599600.0
2018-05-17,695616.0
2018-05-18,752874.0
2018-05-21,848480.0
2018-05-22,980998.0
2018-05-23,987906.0
2018-05-24,1019398.0
2018-05-25,1028858.0
2018-05-28,1036874.0
2018-05-29,1089490.0
2018-05-30,1031136.0
2018-05-31,1090536.0
2018-06-01,996862.0
2018-06-04,1030924.0
2018-06-05,1068102.0
2018-06-06,969126.0
2018-06-07,985502.0
2018-06-08,1033996.0
2018-06-11,900046.0
2018-06-12,1097808.0
2018-06-13,1016970.0
2018-06-14,908012.0
2018-06-15,954914.0
2018-06-19,939204.0
2018-06-20,872666.0
2018-06-21,636558.0
2018-06-22,590664.0
2018-06-25,578566.0
2018-06-26,556576.0
2018-06-27,554634.0
2018-06-28,554728.0
2018-06-29,539712.0
2018-07-02,507210.0
2018-07-03,528802.0
2018-07-04,507012.0
2018-07-05,490546.0
2018-07-06,484514.0
2018-07-09,522564.0
2018-07-10,524796.0
2018-07-11,515320.0
2018-07-12,493724.0
2018-07-13,479378.0
2018-07-16,482090.0
2018-07-17,471808.0
2018-07-18,491194.0
2018-07-19,527764.0
2018-07-20,529802.0
2018-07-23,504324.0
2018-07-24,502122.0
2018-07-25,492264.0
2018-07-26,492476.0
2018-07-27,478222.0
2018-07-30,483130.0
2018-07-31,505464.0
2018-08-01,507018.0
2018-08-02,502636.0
2018-08-03,506506.0
2018-08-06,504226.0
2018-08-07,461218.0
2018-08-08,464546.0
2018-08-09,454844.0
2018-08-10,446086.0
2018-08-13,439758.0
2018-08-14,449872.0
2018-08-15,446398.0
2018-08-16,433614.0
2018-08-17,440906.0
2018-08-20,412954.0
2018-08-21,416910.0
2018-08-22,420564.0
2018-08-23,389362.0
2018-08-24,384066.0
2018-08-27,427216.0
2018-08-28,432452.0
2018-08-29,436110.0
2018-08-30,436204.0
2018-08-31,454586.0
2018-09-03,441594.0
2018-09-04,433040.0
2018-09-05,436666.0
2018-09-06,434284.0
2018-09-07,427226.0
2018-09-10,450048.0
2018-09-11,436832.0
2018-09-12,455488.0
2018-09-13,449690.0
2018-09-14,453384.0
2018-09-17,448518.0
2018-09-18,444958.0
2018-09-19,487882.0
2018-09-20,488384.0
2018-09-21,479456.0
2018-09-25,445138.0
2018-09-26,460560.0
2018-09-27,419296.0
2018-09-28,413938.0
2018-10-08,416972.0
2018-10-09,413920.0
2018-10-10,421582.0
2018-10-11,413086.0
2018-10-12,406604.0
2018-10-15,423800.0
2018-10-16,406164.0
2018-10-17,400048.0
2018-10-18,400862.0
2018-10-19,378092.0
2018-10-22,389142.0
2018-10-23,387494.0
2018-10-24,385540.0
2018-10-25,384512.0
2018-10-26,404114.0
2018-10-29,404566.0
2018-10-30,408058.0
2018-10-31,407088.0
2018-11-01,399752.0
2018-11-02,400104.0
2018-11-05,407660.0
2018-11-06,442746.0
2018-11-07,430110.0
2018-11-08,438748.0
2018-11-09,448182.0
2018-11-12,438524.0
2018-11-13,445530.0
2018-11-14,442280.0
2018-11-15,444588.0
2018-11-16,443102.0
2018-11-19,426882.0
2018-11-20,424906.0
2018-11-21,430150.0
2018-11-22,432038.0
2018-11-23,430646.0
2018-11-26,418178.0
2018-11-27,413146.0
2018-11-28,395716.0
2018-11-29,376052.0
2018-11-30,371202.0
2018-12-03,362098.0
2018-12-04,354218.0
2018-12-05,355922.0
2018-12-06,353674.0
2018-12-07,348162.0
2018-12-10,345432.0
2018-12-11,345014.0
2018-12-12,347894.0
2018-12-13,343300.0
2018-12-14,338500.0
2018-12-17,333056.0
2018-12-18,329032.0
2018-12-19,325396.0
2018-12-20,323754.0
2018-12-21,308620.0
2018-12-24,309762.0
2018-12-25,301420.0
2018-12-26,297220.0
2018-12-27,286304.0
2018-12-28,267874.0
2019-01-02,282712.0
2019-01-03,281966.0
2019-01-04,268106.0
2019-01-07,283066.0
2019-01-08,292432.0
2019-01-09,283118.0
2019-01-10,284890.0
2019-01-11,285952.0
2019-01-14,291208.0
2019-01-15,291184.0
2019-01-16,293442.0
2019-01-17,301192.0
2019-01-18,294340.0
2019-01-21,287278.0
2019-01-22,282598.0
2019-01-23,283864.0
2019-01-24,297708.0
2019-01-25,285170.0
2019-01-28,280302.0
2019-01-29,267366.0
2019-01-30,262918.0
2019-01-31,252730.0
2019-02-01,236932.0
2019-02-11,243604.0
2019-02-12,256478.0
2019-02-13,252266.0
2019-02-14,251002.0
2019-02-15,258342.0
2019-02-18,257270.0
2019-02-19,258894.0
2019-02-20,258774.0
2019-02-21,259984.0
2019-02-22,258838.0
2019-02-25,259606.0
2019-02-26,257706.0
2019-02-27,261708.0
2019-02-28,266200.0
2019-03-01,262584.0
2019-03-04,260858.0
2019-03-05,255970.0
2019-03-06,253042.0
2019-03-07,255482.0
2019-03-08,253114.0
2019-03-11,247370.0
2019-03-12,250552.0
2019-03-13,251788.0
2019-03-14,252522.0
2019-03-15,248920.0
2019-03-18,255926.0
2019-03-19,260644.0
2019-03-20,254168.0
2019-03-21,252900.0
2019-03-22,249172.0
2019-03-25,251872.0
2019-03-26,253054.0
2019-03-27,255188.0
2019-03-28,255448.0
2019-03-29,251270.0
2019-04-01,241944.0
2019-04-02,236806.0
2019-04-03,236666.0
2019-04-04,233254.0
2019-04-08,234988.0
2019-04-09,235280.0
2019-04-10,240236.0
2019-04-11,241688.0
2019-04-12,255856.0
2019-04-15,259504.0
2019-04-16,252384.0
2019-04-17,255518.0
2019-04-18,244082.0
2019-04-19,260752.0
2019-04-22,268002.0
2019-04-23,264608.0
2019-04-24,264312.0
2019-04-25,258276.0
2019-04-26,252512.0
2019-04-29,251598.0
2019-04-30,227586.0
2019-05-06,224446.0
2019-05-07,228076.0
2019-05-08,228596.0
2019-05-09,238644.0
2019-05-10,235240.0
2019-05-13,262136.0
2019-05-14,245830.0
2019-05-15,262076.0
2019-05-16,265364.0
2019-05-17,265008.0
2019-05-20,273608.0
2019-05-21,270508.0
2019-05-22,275590.0
2019-05-23,274710.0
2019-05-24,275186.0
2019-05-27,265192.0
2019-05-28,262606.0
2019-05-29,257928.0
2019-05-30,267966.0
2019-05-31,260898.0
2019-06-03,262152.0
2019-06-04,266750.0
2019-06-05,271142.0
2019-06-06,267598.0
2019-06-10,279940.0
2019-06-11,274168.0
2019-06-12,275530.0
2019-06-13,280702.0
2019-06-14,275524.0
2019-06-17,275630.0
2019-06-18,284870.0
2019-06-19,283090.0
2019-06-20,277486.0
2019-06-21,268884.0
2019-06-24,269342.0
2019-06-25,268174.0
2019-06-26,263746.0
2019-06-27,267974.0
2019-06-28,267130.0
2019-07-01,266810.0
2019-07-02,268446.0
2019-07-03,260988.0
2019-07-04,274696.0
2019-07-05,270336.0
2019-07-08,295160.0
2019-07-09,280450.0
2019-07-10,280686.0
2019-07-11,279832.0
2019-07-12,278976.0
2019-07-15,268330.0
2019-07-16,273144.0
2019-07-17,265596.0
2019-07-18,267682.0
2019-07-19,258366.0
2019-07-22,256886.0
2019-07-23,272078.0
2019-07-24,260154.0
2019-07-25,256910.0
2019-07-26,252354.0
2019-07-29,247468.0
2019-07-30,246536.0
2019-07-31,240476.0
2019-08-01,248370.0
2019-08-02,242498.0
2019-08-05,246166.0
2019-08-06,256184.0
2019-08-07,246042.0
2019-08-08,244884.0
2019-08-09,252498.0
2019-08-12,252426.0
2019-08-13,269142.0
2019-08-14,266526.0
2019-08-15,261800.0
2019-08-16,252964.0
2019-08-19,255994.0
2019-08-20,255440.0
2019-08-21,256126.0
2019-08-22,254348.0
2019-08-23,260132.0
2019-08-26,254516.0
2019-08-27,268596.0
2019-08-28,267228.0
2019-08-29,266388.0
2019-08-30,268004.0
2019-09-02,250552.0
2019-09-03,255762.0
2019-09-04,253570.0
2019-09-05,275826.0
2019-09-06,267230.0
2019-09-09,282122.0
2019-09-10,264632.0
2019-09-11,261610.0
2019-09-12,261344.0
2019-09-16,258448.0
2019-09-17,257974.0
2019-09-18,256958.0
2019-09-19,278560.0
2019-09-20,288298.0
2019-09-23,318968.0
2019-09-24,296220.0
2019-09-25,277960.0
2019-09-26,262152.0
2019-09-27,256314.0
2019-09-30,249440.0
2019-10-08,239208.0
2019-10-09,242336.0
2019-10-10,247908.0
2019-10-11,254664.0
2019-10-14,251114.0
2019-10-15,247576.0
2019-10-16,251980.0
2019-10-17,253706.0
2019-10-18,240428.0
2019-10-21,236206.0
2019-10-22,242168.0
2019-10-23,234140.0
2019-10-24,234254.0
2019-10-25,231010.0
2019-10-28,230380.0
2019-10-29,225030.0
2019-10-30,226114.0
2019-10-31,224826.0
2019-11-01,222012.0
2019-11-04,234130.0
2019-11-05,245112.0
2019-11-06,238570.0
2019-11-07,241304.0
2019-11-08,222706.0
2019-11-11,221106.0
2019-11-12,229978.0
2019-11-13,233286.0
2019-11-14,233524.0
2019-11-15,225748.0
2019-11-18,235974.0
2019-11-19,226816.0
2019-11-20,225394.0
2019-11-21,223730.0
2019-11-22,225678.0
2019-11-25,216790.0
2019-11-26,212976.0
2019-11-27,221306.0
2019-11-28,214876.0
2019-11-29,196734.0
2019-12-02,196306.0
2019-12-03,206496.0
2019-12-04,219760.0
2019-12-05,217154.0
2019-12-06,214556.0
2019-12-09,201832.0
2019-12-10,203444.0
2019-12-11,192662.0
2019-12-12,188416.0
2019-12-13,180440.0
2019-12-16,187070.0
2019-12-17,177642.0
2019-12-18,183408.0
2019-12-19,178252.0
2019-12-20,176404.0
2019-12-23,176628.0
2019-12-24,179922.0
2019-12-25,179444.0
2019-12-26,176898.0
2019-12-27,169790.0
2019-12-30,206708.0
2019-12-31,198758.0
2020-01-02,103087.0
2020-01-03,111938.0
2020-01-06,116257.0
2020-01-07,116545.0
2020-01-08,117067.0
2020-01-09,128304.0
2020-01-10,120245.0
2020-01-13,132322.0
2020-01-14,130604.0
2020-01-15,129237.0
2020-01-16,128976.0
2020-01-17,119042.0
2020-01-20,123552.0
2020-01-21,126359.0
2020-01-22,119300.0
2020-01-23,108606.0
2020-02-03,113490.0
2020-02-04,107668.0
2020-02-05,119062.0
2020-02-06,125226.0
2020-02-07,125561.0
2020-02-10,134424.0
2020-02-11,138237.0
2020-02-12,143478.0
2020-02-13,150924.0
2020-02-14,162029.0
2020-02-17,150078.0
2020-02-18,151770.0
2020-02-19,156292.0
2020-02-20,145151.0
2020-02-21,143433.0
2020-02-24,141616.0
2020-02-25,144236.0
2020-02-26,149576.0
2020-02-27,171222.0
2020-02-28,153798.0
2020-03-02,153728.0
2020-03-03,166210.0
2020-03-04,163722.0
2020-03-05,167638.0
2020-03-06,170897.0
2020-03-09,151333.0
2020-03-10,153216.0
2020-03-11,153581.0
2020-03-12,151142.0
2020-03-13,139585.0
2020-03-16,120211.0
2020-03-17,120053.0
2020-03-18,124466.0
2020-03-19,112165.0
2020-03-20,106006.0
2020-03-23,106282.0
2020-03-24,109941.0
2020-03-25,116905.0
2020-03-26,116114.0
2020-03-27,115375.0
2020-03-30,115831.0
2020-03-31,113426.0
2020-04-01,110486.0
2020-04-02,105841.0
2020-04-03,102562.0
2020-04-07,106108.0
2020-04-08,115961.0
2020-04-09,116412.0
2020-04-10,115041.0
2020-04-13,113972.0
2020-04-14,113897.0
2020-04-15,113180.0
2020-04-16,115435.0
2020-04-17,112267.0
2020-04-20,112399.0
2020-04-21,108814.0
2020-04-22,97554.0
2020-04-23,96385.0
2020-04-24,124649.0
2020-04-27,110980.0
2020-04-28,129989.0
2020-04-29,123008.0
2020-04-30,106437.0
2020-05-06,111790.0
2020-05-07,120209.0
2020-05-08,121606.0
2020-05-11,147425.0
2020-05-12,139665.0
2020-05-13,128601.0
2020-05-14,123161.0
2020-05-15,121841.0
2020-05-18,130947.0
2020-05-19,120469.0
2020-05-20,126232.0
2020-05-21,136089.0
2020-05-22,122455.0
2020-05-25,123317.0
2020-05-26,122235.0
2020-05-27,118888.0
2020-05-28,135956.0
2020-05-29,123560.0
2020-06-01,134117.0
2020-06-02,123542.0
2020-06-03,128444.0
2020-06-04,130717.0
2020-06-05,130710.0
2020-06-08,136696.0
2020-06-09,136892.0
2020-06-10,151943.0
2020-06-11,139123.0
2020-06-12,139369.0
2020-06-15,135262.0
2020-06-16,131292.0
2020-06-17,133315.0
2020-06-18,132893.0
2020-06-19,162648.0
2020-06-22,164067.0
2020-06-23,160111.0
2020-06-24,159435.0
2020-06-29,159134.0
2020-06-30,155918.0
2020-07-01,153092.0
2020-07-02,154237.0
2020-07-03,147126.0
2020-07-06,149159.0
2020-07-07,150310.0
2020-07-08,146729.0
2020-07-09,146724.0
2020-07-10,155390.0
2020-07-13,164439.0
2020-07-14,159786.0
2020-07-15,167624.0
2020-07-16,185698.0
2020-07-17,176854.0
2020-07-20,165647.0
2020-07-21,171429.0
2020-07-22,171593.0
2020-07-23,192192.0
2020-07-24,177835.0
2020-07-27,176189.0
2020-07-28,179881.0
2020-07-29,198744.0
2020-07-30,203961.0
2020-07-31,215712.0
2020-08-03,218145.0
2020-08-04,213577.0
2020-08-05,226101.0
2020-08-06,218113.0
2020-08-07,225593.0
2020-08-10,212151.0
2020-08-11,212814.0
2020-08-12,210819.0
2020-08-13,207106.0
2020-08-14,222813.0
2020-08-17,231638.0
2020-08-18,221530.0
2020-08-19,223500.0
2020-08-20,241417.0
2020-08-21,232379.0
2020-08-24,228101.0
2020-08-25,223783.0
2020-08-26,237764.0
2020-08-27,244700.0
2020-08-28,256557.0
2020-08-31,252077.0
2020-09-01,256358.0
2020-09-02,265096.0
2020-09-03,271232.0
2020-09-04,256101.0
2020-09-07,244527.0
2020-09-08,259814.0
2020-09-09,234296.0
2020-09-10,228675.0
2020-09-11,238434.0
2020-09-14,233183.0
2020-09-15,230285.0
2020-09-16,231205.0
2020-09-17,247775.0
2020-09-18,224865.0
2020-09-21,225135.0
2020-09-22,225049.0
2020-09-23,217627.0
2020-09-24,217330.0
2020-09-25,213401.0
2020-09-28,224844.0
2020-09-29,196449.0
2020-09-30,167047.0
2020-10-09,170781.0
2020-10-12,150831.0
2020-10-13,155805.0
2020-10-14,147730.0
2020-10-15,162421.0
2020-10-16,156474.0
2020-10-19,154638.0
2020-10-20,161477.0
2020-10-21,173560.0
2020-10-22,165756.0
2020-10-23,182306.0
2020-10-26,204007.0
2020-10-27,217287.0
2020-10-28,218345.0
2020-10-29,229789.0
2020-10-30,229087.0
2020-11-02,238670.0
2020-11-03,229007.0
2020-11-04,237504.0
2020-11-05,269555.0
2020-11-06,264656.0
2020-11-09,253194.0
2020-11-10,233712.0
2020-11-11,221886.0
2020-11-12,206201.0
2020-11-13,201181.0
2020-11-16,208631.0
2020-11-17,211053.0
2020-11-18,217407.0
2020-11-19,214593.0
2020-11-20,220828.0
2020-11-23,222815.0
2020-11-24,235445.0
2020-11-25,249625.0
2020-11-26,256728.0
2020-11-27,272352.0
2020-11-30,303077.0
2020-12-01,292289.0
2020-12-02,310536.0
2020-12-03,290685.0
2020-12-04,294422.0
2020-12-07,303372.0
2020-12-08,301450.0
2020-12-09,311982.0
2020-12-10,301682.0
2020-12-11,284796.0
2020-12-14,301774.0
2020-12-15,310771.0
2020-12-16,318844.0
2020-12-17,328024.0
2020-12-18,316106.0
2020-12-21,312570.0
2020-12-22,311383.0
2020-12-23,325631.0
2020-12-24,323396.0
2020-12-25,332310.0
2020-12-28,328111.0
2020-12-29,342662.0
2020-12-30,340764.0
2020-12-31,329205.0
2021-01-04,374652.0
2021-01-05,388683.0
2021-01-06,394796.0
2021-01-07,396721.0
2021-01-08,381417.0
2021-01-11,406354.0
2021-01-12,395849.0
2021-01-13,407670.0
2021-01-14,424470.0
2021-01-15,428573.0
2021-01-18,407387.0
2021-01-19,403117.0
2021-01-20,421314.0
2021-01-21,444522.0
2021-01-22,449614.0
2021-01-25,453423.0
2021-01-26,455060.0
2021-01-27,452557.0
2021-01-28,473832.0
2021-01-29,446731.0
2021-02-01,454806.0
2021-02-02,449203.0
2021-02-03,472304.0
2021-02-04,481909.0
2021-02-05,469367.0
2021-02-08,459349.0
2021-02-09,435284.0
2021-02-10,411532.0
2021-02-18,428537.0
2021-02-19,457733.0
2021-02-22,481872.0
2021-02-23,502538.0
2021-02-24,515718.0
2021-02-25,524274.0
2021-02-26,520039.0
2021-03-01,541795.0
2021-03-02,523306.0
2021-03-03,520380.0
2021-03-04,536085.0
2021-03-05,502854.0
2021-03-08,539218.0
2021-03-09,524551.0
2021-03-10,540555.0
2021-03-11,528765.0
2021-03-12,547736.0
2021-03-15,549422.0
2021-03-16,540726.0
2021-03-17,570979.0
2021-03-18,550099.0
2021-03-19,536135.0
2021-03-22,529737.0
2021-03-23,508806.0
2021-03-24,498317.0
2021-03-25,532552.0
2021-03-26,557517.0
2021-03-29,551223.0
2021-03-30,568153.0
2021-03-31,594382.0
2021-04-01,568575.0
2021-04-02,586406.0
2021-04-06,621382.0
2021-04-07,596528.0
2021-04-08,602092.0
2021-04-09,586281.0
2021-04-12,580170.0
2021-04-13,579994.0
2021-04-14,567388.0
2021-04-15,568803.0
2021-04-16,556388.0
2021-04-19,611450.0
2021-04-20,605643.0
2021-04-21,597102.0
2021-04-22,561633.0
2021-04-23,561685.0
2021-04-26,578183.0
2021-04-27,559728.0
2021-04-28,558744.0
2021-04-29,569243.0
2021-04-30,499655.0
2021-05-06,560540.0
2021-05-07,558836.0
2021-05-10,553072.0
2021-05-11,548666.0
2021-05-12,537577.0
2021-05-13,549894.0
2021-05-14,543317.0
2021-05-17,554520.0
2021-05-18,568476.0
2021-05-19,577670.0
2021-05-20,607804.0
2021-05-21,577639.0
2021-05-24,520883.0
2021-05-25,509004.0
2021-05-26,527850.0
2021-05-27,473056.0
2021-05-28,477605.0
2021-05-31,458897.0
2021-06-01,483941.0
2021-06-02,465313.0
2021-06-03,466893.0
2021-06-04,499708.0
2021-06-07,465174.0
2021-06-08,460106.0
2021-06-09,471023.0
2021-06-10,503476.0
2021-06-11,454377.0
2021-06-15,459331.0
2021-06-16,438441.0
2021-06-17,451934.0
2021-06-18,436529.0
2021-06-21,458067.0
2021-06-22,437794.0
2021-06-23,429088.0
2021-06-24,457789.0
2021-06-25,421087.0
2021-06-28,417776.0
2021-06-29,436213.0
2021-06-30,417523.0
2021-07-01,428861.0
2021-07-02,411600.0
2021-07-05,437034.0
2021-07-06,419876.0
2021-07-07,445173.0
2021-07-08,438551.0
2021-07-09,429232.0
2021-07-12,490128.0
2021-07-13,482310.0
2021-07-14,486256.0
2021-07-15,475638.0
2021-07-16,462545.0
2021-07-19,459521.0
2021-07-20,439933.0
2021-07-21,447368.0
2021-07-22,447753.0
2021-07-23,483853.0
2021-07-26,457034.0
2021-07-27,456652.0
2021-07-28,442843.0
2021-07-29,435667.0
2021-07-30,427310.0
2021-08-02,419668.0
2021-08-03,411478.0
2021-08-04,446431.0
2021-08-05,419885.0
2021-08-06,417046.0
2021-08-09,419943.0
2021-08-10,406239.0
2021-08-11,410772.0
2021-08-12,430917.0
2021-08-13,420215.0
2021-08-16,428635.0
2021-08-17,447512.0
2021-08-18,428808.0
2021-08-19,427426.0
2021-08-20,405922.0
2021-08-23,434391.0
2021-08-24,416022.0
2021-08-25,429128.0
2021-08-26,407931.0
2021-08-27,411113.0
2021-08-30,420195.0
2021-08-31,428051.0
2021-09-01,490997.0
2021-09-02,466016.0
2021-09-03,461613.0
2021-09-06,481863.0
2021-09-07,456047.0
2021-09-08,484283.0
2021-09-09,446046.0
2021-09-10,431547.0
2021-09-13,420748.0
2021-09-14,420230.0
2021-09-15,415970.0
2021-09-16,408699.0
2021-09-17,383019.0
2021-09-22,411330.0
2021-09-23,381304.0
2021-09-24,372102.0
2021-09-27,361923.0
2021-09-28,343308.0
2021-09-29,335867.0
2021-09-30,282702.0
2021-10-08,319587.0
2021-10-11,350071.0
2021-10-12,325506.0
2021-10-13,314556.0
2021-10-14,309050.0
2021-10-15,306689.0
2021-10-18,330080.0
2021-10-19,312501.0
2021-10-20,307329.0
2021-10-21,287898.0
2021-10-22,319212.0
2021-10-25,303253.0
2021-10-26,295643.0
2021-10-27,282265.0
2021-10-28,315530.0
2021-10-29,277115.0
2021-11-01,265242.0
2021-11-02,291005.0
2021-11-03,268420.0
2021-11-04,287475.0
2021-11-05,269551.0
2021-11-08,275917.0
2021-11-09,270300.0
2021-11-10,269078.0
2021-11-11,264491.0
2021-11-12,278622.0
2021-11-15,257520.0
2021-11-16,267316.0
2021-11-17,255029.0
2021-11-18,280163.0
2021-11-19,268078.0
2021-11-22,272823.0
2021-11-23,274182.0
2021-11-24,264386.0
2021-11-25,279696.0
2021-11-26,270385.0
2021-11-29,269279.0
2021-11-30,262568.0
2021-12-01,242744.0
2021-12-02,275686.0
2021-12-03,255472.0
2021-12-06,251158.0
2021-12-07,244086.0
2021-12-08,253887.0
2021-12-09,251526.0
2021-12-10,290898.0
2021-12-13,274855.0
2021-12-14,264961.0
2021-12-15,258180.0
2021-12-16,244787.0
2021-12-17,283961.0
2021-12-20,271589.0
2021-12-21,292669.0
2021-12-22,277722.0
2021-12-23,297753.0
2021-12-24,268343.0
2021-12-27,259231.0
2021-12-28,262819.0
2021-12-29,245240.0
2021-12-30,248774.0
2021-12-31,232728.0
2022-01-04,269423.0
2022-01-05,276334.0
2022-01-06,260463.0
2022-01-07,259653.0
2022-01-10,239374.0
2022-01-11,223047.0
2022-01-12,208995.0
2022-01-13,214182.0
2022-01-14,203414.0
2022-01-17,216246.0
2022-01-18,223234.0
2022-01-19,227766.0
2022-01-20,245116.0
2022-01-21,235973.0
2022-01-24,240780.0
2022-01-25,227011.0
2022-01-26,219854.0
2022-01-27,241022.0
2022-01-28,203461.0
2022-02-07,231619.0
2022-02-08,214211.0
2022-02-09,213583.0
2022-02-10,215274.0
2022-02-11,228153.0
2022-02-14,232816.0
2022-02-15,235787.0
2022-02-16,254789.0
2022-02-17,239774.0
2022-02-18,263856.0
2022-02-21,233140.0
2022-02-22,239831.0
2022-02-23,228181.0
2022-02-24,218659.0
2022-02-25,228810.0
2022-02-28,222386.0
2022-03-01,238021.0
2022-03-02,219831.0
2022-03-03,232816.0
2022-03-04,213396.0
2022-03-07,213651.0
2022-03-08,206717.0
2022-03-09,196937.0
2022-03-10,182464.0
2022-03-11,176467.0
2022-03-14,174158.0
2022-03-15,170965.0
2022-03-16,164931.0
2022-03-17,172205.0
2022-03-18,174933.0
2022-03-21,182595.0
2022-03-22,181452.0
2022-03-23,185010.0
2022-03-24,183649.0
2022-03-25,187647.0
2022-03-28,188833.0
2022-03-29,196569.0
2022-03-30,216496.0
2022-03-31,213147.0
2022-04-01,244958.0
2022-04-06,257128.0
2022-04-07,268563.0
2022-04-08,270964.0
2022-04-11,292540.0
2022-04-12,271666.0
2022-04-13,286670.0
2022-04-14,273976.0
2022-04-15,280584.0
2022-04-18,272751.0
2022-04-19,269345.0
2022-04-20,285615.0
2022-04-21,271169.0
2022-04-22,270215.0
2022-04-25,254739.0
2022-04-26,275208.0
2022-04-27,285382.0
2022-04-28,279764.0
2022-04-29,261248.0
2022-05-05,268770.0
2022-05-06,288096.0
2022-05-09,278301.0
2022-05-10,280448.0
2022-05-11,297368.0
2022-05-12,300376.0
2022-05-13,294915.0
2022-05-16,282357.0
2022-05-17,293429.0
2022-05-18,288799.0
2022-05-19,284664.0
2022-05-20,297615.0
2022-05-23,300341.0
2022-05-24,290526.0
2022-05-25,278603.0
2022-05-26,295719.0
2022-05-27,301299.0
2022-05-30,297367.0
2022-05-31,292447.0
2022-06-01,296039.0
2022-06-02,294177.0
2022-06-06,303139.0
2022-06-07,287991.0
2022-06-08,305164.0
2022-06-09,303077.0
2022-06-10,320335.0
2022-06-13,303869.0
2022-06-14,300878.0
2022-06-15,301041.0
2022-06-16,292160.0
2022-06-17,290305.0
2022-06-20,323808.0
2022-06-21,300488.0
2022-06-22,296055.0
2022-06-23,290815.0
2022-06-24,299659.0
2022-06-27,290761.0
2022-06-28,277833.0
2022-06-29,283609.0
2022-06-30,273648.0
2022-07-01,293586.0
2022-07-04,310561.0
2022-07-05,303844.0
2022-07-06,292813.0
2022-07-07,281829.0
2022-07-08,292816.0
2022-07-11,315855.0
2022-07-12,304790.0
2022-07-13,317881.0
2022-07-14,307108.0
2022-07-15,308420.0
2022-07-18,315169.0
2022-07-19,298066.0
2022-07-20,298199.0
2022-07-21,296996.0
2022-07-22,308847.0
2022-07-25,300954.0
2022-07-26,296382.0
2022-07-27,284340.0
2022-07-28,283356.0
2022-07-29,276278.0
2022-08-01,280516.0
2022-08-02,277875.0
2022-08-03,275791.0
2022-08-04,289512.0
2022-08-05,275497.0
2022-08-08,290438.0
2022-08-09,282744.0
2022-08-10,279234.0
2022-08-11,277304.0
2022-08-12,287069.0
2022-08-15,317329.0
2022-08-16,307172.0
2022-08-17,314453.0
2022-08-18,312804.0
2022-08-19,324264.0
2022-08-22,309577.0
2022-08-23,318837.0
2022-08-24,318472.0
2022-08-25,333913.0
2022-08-26,328611.0
2022-08-29,334541.0
2022-08-30,322521.0
2022-08-31,313043.0
2022-09-01,317924.0
2022-09-02,332603.0
2022-09-05,322258.0
2022-09-06,306798.0
2022-09-07,301203.0
2022-09-08,297775.0
2022-09-09,296833.0
2022-09-13,299016.0
2022-09-14,302517.0
2022-09-15,288712.0
2022-09-16,335166.0
2022-09-19,320579.0
2022-09-20,318804.0
2022-09-21,335075.0
2022-09-22,316320.0
2022-09-23,338137.0
2022-09-26,322066.0
2022-09-27,317290.0
2022-09-28,307941.0
2022-09-29,289255.0
2022-09-30,284851.0
2022-10-10,298320.0
2022-10-11,315666.0
2022-10-12,295940.0
2022-10-13,301268.0
2022-10-14,294733.0
2022-10-17,297160.0
2022-10-18,279014.0
2022-10-19,290883.0
2022-10-20,288728.0
2022-10-21,286635.0
2022-10-24,290191.0
2022-10-25,274160.0
2022-10-26,306898.0
2022-10-27,287343.0
2022-10-28,294372.0
2022-10-31,279345.0
2022-11-01,281478.0
2022-11-02,286119.0
2022-11-03,301671.0
2022-11-04,292654.0
2022-11-07,288068.0
2022-11-08,281947.0
2022-11-09,308407.0
2022-11-10,311717.0
2022-11-11,306935.0
