trading_date,BU_total_oi
2015-09-17,105670.0
2015-09-18,105404.0
2015-09-21,101866.0
2015-09-22,111072.0
2015-09-23,102088.0
2015-09-24,102014.0
2015-09-25,86066.0
2015-09-28,82464.0
2015-09-29,65252.0
2015-09-30,51514.0
2015-10-08,57296.0
2015-10-09,78570.0
2015-10-12,92890.0
2015-10-13,86642.0
2015-10-14,89332.0
2015-10-15,93022.0
2015-10-16,95192.0
2015-10-19,121566.0
2015-10-20,110946.0
2015-10-21,120904.0
2015-10-22,129502.0
2015-10-23,168036.0
2015-10-26,160554.0
2015-10-27,151480.0
2015-10-28,145778.0
2015-10-29,135748.0
2015-10-30,163508.0
2015-11-02,147088.0
2015-11-03,165688.0
2015-11-04,139806.0
2015-11-05,160628.0
2015-11-06,169202.0
2015-11-09,143998.0
2015-11-10,142252.0
2015-11-11,130856.0
2015-11-12,131390.0
2015-11-13,130478.0
2015-11-16,141206.0
2015-11-17,124892.0
2015-11-18,122206.0
2015-11-19,113710.0
2015-11-20,100804.0
2015-11-23,124194.0
2015-11-24,110910.0
2015-11-25,136876.0
2015-11-26,108636.0
2015-11-27,131928.0
2015-11-30,137380.0
2015-12-01,124002.0
2015-12-02,114754.0
2015-12-03,161274.0
2015-12-04,138762.0
2015-12-07,152658.0
2015-12-08,180588.0
2015-12-09,185348.0
2015-12-10,235376.0
2015-12-11,239908.0
2015-12-14,204364.0
2015-12-15,200726.0
2015-12-16,188250.0
2015-12-17,191788.0
2015-12-18,190130.0
2015-12-21,175000.0
2015-12-22,194492.0
2015-12-23,200182.0
2015-12-24,188864.0
2015-12-25,209520.0
2015-12-28,202976.0
2015-12-29,215762.0
2015-12-30,212488.0
2015-12-31,210914.0
2016-01-04,226874.0
2016-01-05,242006.0
2016-01-06,256990.0
2016-01-07,282152.0
2016-01-08,262824.0
2016-01-11,256394.0
2016-01-12,321514.0
2016-01-13,320324.0
2016-01-14,329120.0
2016-01-15,336342.0
2016-01-18,372512.0
2016-01-19,395880.0
2016-01-20,418744.0
2016-01-21,416078.0
2016-01-22,400812.0
2016-01-25,424150.0
2016-01-26,403904.0
2016-01-27,399732.0
2016-01-28,406766.0
2016-01-29,529590.0
2016-02-01,604826.0
2016-02-02,586592.0
2016-02-03,613130.0
2016-02-04,541366.0
2016-02-05,566498.0
2016-02-15,589044.0
2016-02-16,619896.0
2016-02-17,640822.0
2016-02-18,635586.0
2016-02-19,610230.0
2016-02-22,614956.0
2016-02-23,608104.0
2016-02-24,651350.0
2016-02-25,638180.0
2016-02-26,763754.0
2016-02-29,761474.0
2016-03-01,757758.0
2016-03-02,862818.0
2016-03-03,925470.0
2016-03-04,939450.0
2016-03-07,1004646.0
2016-03-08,905368.0
2016-03-09,867668.0
2016-03-10,983394.0
2016-03-11,997256.0
2016-03-14,987006.0
2016-03-15,990198.0
2016-03-16,940328.0
2016-03-17,940502.0
2016-03-18,935534.0
2016-03-21,958960.0
2016-03-22,1007752.0
2016-03-23,1067924.0
2016-03-24,1035434.0
2016-03-25,1009544.0
2016-03-28,1034872.0
2016-03-29,1070946.0
2016-03-30,1099094.0
2016-03-31,1128220.0
2016-04-01,1082306.0
2016-04-05,1034286.0
2016-04-06,997630.0
2016-04-07,1022064.0
2016-04-08,982222.0
2016-04-11,936604.0
2016-04-12,966502.0
2016-04-13,973102.0
2016-04-14,992446.0
2016-04-15,972300.0
2016-04-18,902910.0
2016-04-19,967424.0
2016-04-20,1119516.0
2016-04-21,1169878.0
2016-04-22,1079534.0
2016-04-25,1082988.0
2016-04-26,973826.0
2016-04-27,1072422.0
2016-04-28,1114598.0
2016-04-29,1115394.0
2016-05-03,1157096.0
2016-05-04,1162290.0
2016-05-05,1172510.0
2016-05-06,1148850.0
2016-05-09,1111066.0
2016-05-10,1019606.0
2016-05-11,1038866.0
2016-05-12,1061750.0
2016-05-13,982686.0
2016-05-16,990554.0
2016-05-17,1058000.0
2016-05-18,1010612.0
2016-05-19,936680.0
2016-05-20,918744.0
2016-05-23,822610.0
2016-05-24,826880.0
2016-05-25,813344.0
2016-05-26,823820.0
2016-05-27,901148.0
2016-05-30,886360.0
2016-05-31,864708.0
2016-06-01,948102.0
2016-06-02,899532.0
2016-06-03,878636.0
2016-06-06,835668.0
2016-06-07,830638.0
2016-06-08,809574.0
2016-06-13,818970.0
2016-06-14,824728.0
2016-06-15,819178.0
2016-06-16,781760.0
2016-06-17,790812.0
2016-06-20,841400.0
2016-06-21,802554.0
2016-06-22,892180.0
2016-06-23,901788.0
2016-06-24,814120.0
2016-06-27,852124.0
2016-06-28,910204.0
2016-06-29,957734.0
2016-06-30,935582.0
2016-07-01,893084.0
2016-07-04,965058.0
2016-07-05,918388.0
2016-07-06,891502.0
2016-07-07,856510.0
2016-07-08,837896.0
2016-07-11,851156.0
2016-07-12,849130.0
2016-07-13,851322.0
2016-07-14,953876.0
2016-07-15,963564.0
2016-07-18,924304.0
2016-07-19,922936.0
2016-07-20,914386.0
2016-07-21,915832.0
2016-07-22,892510.0
2016-07-25,878866.0
2016-07-26,932806.0
2016-07-27,908578.0
2016-07-28,912510.0
2016-07-29,928794.0
2016-08-01,925332.0
2016-08-02,952014.0
2016-08-03,962786.0
2016-08-04,990428.0
2016-08-05,1002218.0
2016-08-08,999746.0
2016-08-09,1008820.0
2016-08-10,1022130.0
2016-08-11,1106236.0
2016-08-12,1056866.0
2016-08-15,1091314.0
2016-08-16,1144058.0
2016-08-17,1182650.0
2016-08-18,1199408.0
2016-08-19,1285036.0
2016-08-22,1297646.0
2016-08-23,1325818.0
2016-08-24,1320694.0
2016-08-25,1321704.0
2016-08-26,1273402.0
2016-08-29,1266068.0
2016-08-30,1302276.0
2016-08-31,1300774.0
2016-09-01,1254078.0
2016-09-02,1245202.0
2016-09-05,1246302.0
2016-09-06,1214632.0
2016-09-07,1199466.0
2016-09-08,1197298.0
2016-09-09,1192272.0
2016-09-12,1263076.0
2016-09-13,1271256.0
2016-09-14,1276580.0
2016-09-19,1246676.0
2016-09-20,1253174.0
2016-09-21,1268044.0
2016-09-22,1334366.0
2016-09-23,1375174.0
2016-09-26,1362582.0
2016-09-27,1428012.0
2016-09-28,1396040.0
2016-09-29,1302376.0
2016-09-30,1225220.0
2016-10-10,1244376.0
2016-10-11,1253114.0
2016-10-12,1343736.0
2016-10-13,1326284.0
2016-10-14,1408282.0
2016-10-17,1302550.0
2016-10-18,1282046.0
2016-10-19,1250088.0
2016-10-20,1177090.0
2016-10-21,1156198.0
2016-10-24,1159544.0
2016-10-25,1197630.0
2016-10-26,1223152.0
2016-10-27,1167570.0
2016-10-28,1112892.0
2016-10-31,1112034.0
2016-11-01,1119022.0
2016-11-02,1125180.0
2016-11-03,1123194.0
2016-11-04,1118374.0
2016-11-07,1124488.0
2016-11-08,1119876.0
2016-11-09,1124278.0
2016-11-10,1179188.0
2016-11-11,1260118.0
2016-11-14,1091472.0
2016-11-15,1122704.0
2016-11-16,1164604.0
2016-11-17,1127508.0
2016-11-18,1114800.0
2016-11-21,1102704.0
2016-11-22,1096176.0
2016-11-23,1109274.0
2016-11-24,1098656.0
2016-11-25,1074554.0
2016-11-28,1135590.0
2016-11-29,1075190.0
2016-11-30,953382.0
2016-12-01,936772.0
2016-12-02,896210.0
2016-12-05,914572.0
2016-12-06,925154.0
2016-12-07,912954.0
2016-12-08,868396.0
2016-12-09,904674.0
2016-12-12,892366.0
2016-12-13,897466.0
2016-12-14,915718.0
2016-12-15,924448.0
2016-12-16,880376.0
2016-12-19,826448.0
2016-12-20,801970.0
2016-12-21,816722.0
2016-12-22,807180.0
2016-12-23,755534.0
2016-12-26,718312.0
2016-12-27,775456.0
2016-12-28,818174.0
2016-12-29,832474.0
2016-12-30,787326.0
2017-01-03,716172.0
2017-01-04,715970.0
2017-01-05,746036.0
2017-01-06,758490.0
2017-01-09,766368.0
2017-01-10,781042.0
2017-01-11,793020.0
2017-01-12,784698.0
2017-01-13,822594.0
2017-01-16,778518.0
2017-01-17,736636.0
2017-01-18,711920.0
2017-01-19,740854.0
2017-01-20,718718.0
2017-01-23,686050.0
2017-01-24,618598.0
2017-01-25,588124.0
2017-01-26,551632.0
2017-02-03,586922.0
2017-02-06,623980.0
2017-02-07,628156.0
2017-02-08,722454.0
2017-02-09,670608.0
2017-02-10,724364.0
2017-02-13,832780.0
2017-02-14,821820.0
2017-02-15,736316.0
2017-02-16,702490.0
2017-02-17,697726.0
2017-02-20,748566.0
2017-02-21,723182.0
2017-02-22,790076.0
2017-02-23,717152.0
2017-02-24,706940.0
2017-02-27,736942.0
2017-02-28,702160.0
2017-03-01,761150.0
2017-03-02,725374.0
2017-03-03,699376.0
2017-03-06,727782.0
2017-03-07,719916.0
2017-03-08,756382.0
2017-03-09,719280.0
2017-03-10,731806.0
2017-03-13,702480.0
2017-03-14,747912.0
2017-03-15,704704.0
2017-03-16,681282.0
2017-03-17,657900.0
2017-03-20,664262.0
2017-03-21,678132.0
2017-03-22,740408.0
2017-03-23,725238.0
2017-03-24,717754.0
2017-03-27,739218.0
2017-03-28,720248.0
2017-03-29,679860.0
2017-03-30,696730.0
2017-03-31,637804.0
2017-04-05,666560.0
2017-04-06,653060.0
2017-04-07,653306.0
2017-04-10,659402.0
2017-04-11,722090.0
2017-04-12,692308.0
2017-04-13,689174.0
2017-04-14,737906.0
2017-04-17,719824.0
2017-04-18,725966.0
2017-04-19,728828.0
2017-04-20,693700.0
2017-04-21,711474.0
2017-04-24,705478.0
2017-04-25,687286.0
2017-04-26,727552.0
2017-04-27,695770.0
2017-04-28,650904.0
2017-05-02,659720.0
2017-05-03,660372.0
2017-05-04,592024.0
2017-05-05,652818.0
2017-05-08,621282.0
2017-05-09,636248.0
2017-05-10,634582.0
2017-05-11,639842.0
2017-05-12,645644.0
2017-05-15,618562.0
2017-05-16,613126.0
2017-05-17,582214.0
2017-05-18,601196.0
2017-05-19,608030.0
2017-05-22,624832.0
2017-05-23,623430.0
2017-05-24,620772.0
2017-05-25,617156.0
2017-05-26,583868.0
2017-05-31,648092.0
2017-06-01,638510.0
2017-06-02,672186.0
2017-06-05,640138.0
2017-06-06,633640.0
2017-06-07,632804.0
2017-06-08,628060.0
2017-06-09,639494.0
2017-06-12,666224.0
2017-06-13,706376.0
2017-06-14,713146.0
2017-06-15,727458.0
2017-06-16,711136.0
2017-06-19,728188.0
2017-06-20,749114.0
2017-06-21,837690.0
2017-06-22,833814.0
2017-06-23,809924.0
2017-06-26,783774.0
2017-06-27,784558.0
2017-06-28,758422.0
2017-06-29,763014.0
2017-06-30,755074.0
2017-07-03,763556.0
2017-07-04,762190.0
2017-07-05,761808.0
2017-07-06,776970.0
2017-07-07,807450.0
2017-07-10,802850.0
2017-07-11,858296.0
2017-07-12,831286.0
2017-07-13,848310.0
2017-07-14,879590.0
2017-07-17,847834.0
2017-07-18,827952.0
2017-07-19,851432.0
2017-07-20,834578.0
2017-07-21,803648.0
2017-07-24,823260.0
2017-07-25,882724.0
2017-07-26,845636.0
2017-07-27,866300.0
2017-07-28,821918.0
2017-07-31,801448.0
2017-08-01,796582.0
2017-08-02,780934.0
2017-08-03,776576.0
2017-08-04,779470.0
2017-08-07,744422.0
2017-08-08,744914.0
2017-08-09,745682.0
2017-08-10,704354.0
2017-08-11,660508.0
2017-08-14,662952.0
2017-08-15,669642.0
2017-08-16,683406.0
2017-08-17,720368.0
2017-08-18,751424.0
2017-08-21,753630.0
2017-08-22,768926.0
2017-08-23,805840.0
2017-08-24,824812.0
2017-08-25,833244.0
2017-08-28,814758.0
2017-08-29,814354.0
2017-08-30,813316.0
2017-08-31,822180.0
2017-09-01,825514.0
2017-09-04,828916.0
2017-09-05,863824.0
2017-09-06,878534.0
2017-09-07,863276.0
2017-09-08,839954.0
2017-09-11,795706.0
2017-09-12,779294.0
2017-09-13,776912.0
2017-09-14,768466.0
2017-09-15,762884.0
2017-09-18,733686.0
2017-09-19,757476.0
2017-09-20,740630.0
2017-09-21,727686.0
2017-09-22,696862.0
2017-09-25,688558.0
2017-09-26,667870.0
2017-09-27,651092.0
2017-09-28,615156.0
2017-09-29,586656.0
2017-10-09,632466.0
2017-10-10,638030.0
2017-10-11,629926.0
2017-10-12,609276.0
2017-10-13,614190.0
2017-10-16,635830.0
2017-10-17,608498.0
2017-10-18,602516.0
2017-10-19,622248.0
2017-10-20,594554.0
2017-10-23,574888.0
2017-10-24,564272.0
2017-10-25,516484.0
2017-10-26,518604.0
2017-10-27,491458.0
2017-10-30,531880.0
2017-10-31,533462.0
2017-11-01,536870.0
2017-11-02,520958.0
2017-11-03,521380.0
2017-11-06,531620.0
2017-11-07,542580.0
2017-11-08,519590.0
2017-11-09,518528.0
2017-11-10,512478.0
2017-11-13,521332.0
2017-11-14,502540.0
2017-11-15,443432.0
2017-11-16,428426.0
2017-11-17,422598.0
2017-11-20,409088.0
2017-11-21,389484.0
2017-11-22,394812.0
2017-11-23,404028.0
2017-11-24,407994.0
2017-11-27,417900.0
2017-11-28,408328.0
2017-11-29,405966.0
2017-11-30,395568.0
2017-12-01,412922.0
2017-12-04,433716.0
2017-12-05,439638.0
2017-12-06,464926.0
2017-12-07,384646.0
2017-12-08,369040.0
2017-12-11,354180.0
2017-12-12,382628.0
2017-12-13,357994.0
2017-12-14,345526.0
2017-12-15,362900.0
2017-12-18,338200.0
2017-12-19,331140.0
2017-12-20,326492.0
2017-12-21,369576.0
2017-12-22,375928.0
2017-12-25,377892.0
2017-12-26,376790.0
2017-12-27,380558.0
2017-12-28,371802.0
2017-12-29,369966.0
2018-01-02,414860.0
2018-01-03,421210.0
2018-01-04,435666.0
2018-01-05,455410.0
2018-01-08,466506.0
2018-01-09,475636.0
2018-01-10,495524.0
2018-01-11,487378.0
2018-01-12,492874.0
2018-01-15,541210.0
2018-01-16,484716.0
2018-01-17,481440.0
2018-01-18,484864.0
2018-01-19,470078.0
2018-01-22,480026.0
2018-01-23,458592.0
2018-01-24,589084.0
2018-01-25,623976.0
2018-01-26,641782.0
2018-01-29,659264.0
2018-01-30,616576.0
2018-01-31,617618.0
2018-02-01,617032.0
2018-02-02,615584.0
2018-02-05,561972.0
2018-02-06,538926.0
2018-02-07,529950.0
2018-02-08,512026.0
2018-02-09,490808.0
2018-02-12,489242.0
2018-02-13,477644.0
2018-02-14,459990.0
2018-02-22,468044.0
2018-02-23,485728.0
2018-02-26,476110.0
2018-02-27,477358.0
2018-02-28,488060.0
2018-03-01,489344.0
2018-03-02,491498.0
2018-03-05,519290.0
2018-03-06,501680.0
2018-03-07,516452.0
2018-03-08,509678.0
2018-03-09,494594.0
2018-03-12,474066.0
2018-03-13,509774.0
2018-03-14,497552.0
2018-03-15,487514.0
2018-03-16,470624.0
2018-03-19,471182.0
2018-03-20,479028.0
2018-03-21,469134.0
2018-03-22,485508.0
2018-03-23,457850.0
2018-03-26,464700.0
2018-03-27,470772.0
2018-03-28,476174.0
2018-03-29,489444.0
2018-03-30,519248.0
2018-04-02,493138.0
2018-04-03,479634.0
2018-04-04,460814.0
2018-04-09,449988.0
2018-04-10,445848.0
2018-04-11,469548.0
2018-04-12,481018.0
2018-04-13,489106.0
2018-04-16,482216.0
2018-04-17,475846.0
2018-04-18,506370.0
2018-04-19,523508.0
2018-04-20,509156.0
2018-04-23,494764.0
2018-04-24,474956.0
2018-04-25,459548.0
2018-04-26,433610.0
2018-04-27,405182.0
2018-05-02,384236.0
2018-05-03,394976.0
2018-05-04,413486.0
2018-05-07,423716.0
2018-05-08,413132.0
2018-05-09,420070.0
2018-05-10,428974.0
2018-05-11,441560.0
2018-05-14,436652.0
2018-05-15,436908.0
2018-05-16,429530.0
2018-05-17,424828.0
2018-05-18,537770.0
2018-05-21,525936.0
2018-05-22,550454.0
2018-05-23,504296.0
2018-05-24,503780.0
2018-05-25,505052.0
2018-05-28,461396.0
2018-05-29,449472.0
2018-05-30,415316.0
2018-05-31,403550.0
2018-06-01,399150.0
2018-06-04,445080.0
2018-06-05,443100.0
2018-06-06,474990.0
2018-06-07,496306.0
2018-06-08,423898.0
2018-06-11,418764.0
2018-06-12,435966.0
2018-06-13,420862.0
2018-06-14,422426.0
2018-06-15,410568.0
2018-06-19,392574.0
2018-06-20,383808.0
2018-06-21,389404.0
2018-06-22,385814.0
2018-06-25,385750.0
2018-06-26,392644.0
2018-06-27,409244.0
2018-06-28,413820.0
2018-06-29,423954.0
2018-07-02,415526.0
2018-07-03,437098.0
2018-07-04,434640.0
2018-07-05,457550.0
2018-07-06,477376.0
2018-07-09,544870.0
2018-07-10,554850.0
2018-07-11,561160.0
2018-07-12,500386.0
2018-07-13,486010.0
2018-07-16,476886.0
2018-07-17,477584.0
2018-07-18,468994.0
2018-07-19,473234.0
2018-07-20,502876.0
2018-07-23,510348.0
2018-07-24,511126.0
2018-07-25,521540.0
2018-07-26,499774.0
2018-07-27,494338.0
2018-07-30,505156.0
2018-07-31,494450.0
2018-08-01,482852.0
2018-08-02,471658.0
2018-08-03,489126.0
2018-08-06,488726.0
2018-08-07,545536.0
2018-08-08,534456.0
2018-08-09,544734.0
2018-08-10,545028.0
2018-08-13,559898.0
2018-08-14,549988.0
2018-08-15,549098.0
2018-08-16,496112.0
2018-08-17,479162.0
2018-08-20,487342.0
2018-08-21,489324.0
2018-08-22,509898.0
2018-08-23,499224.0
2018-08-24,489840.0
2018-08-27,479940.0
2018-08-28,477124.0
2018-08-29,472390.0
2018-08-30,505866.0
2018-08-31,538968.0
2018-09-03,547094.0
2018-09-04,555330.0
2018-09-05,544658.0
2018-09-06,620362.0
2018-09-07,708400.0
2018-09-10,818832.0
2018-09-11,724268.0
2018-09-12,700936.0
2018-09-13,688856.0
2018-09-14,688098.0
2018-09-17,660056.0
2018-09-18,628624.0
2018-09-19,614090.0
2018-09-20,608696.0
2018-09-21,558236.0
2018-09-25,582674.0
2018-09-26,594668.0
2018-09-27,604936.0
2018-09-28,549430.0
2018-10-08,574746.0
2018-10-09,617108.0
2018-10-10,582644.0
2018-10-11,559512.0
2018-10-12,562752.0
2018-10-15,578140.0
2018-10-16,585772.0
2018-10-17,580540.0
2018-10-18,545914.0
2018-10-19,533220.0
2018-10-22,494726.0
2018-10-23,485660.0
2018-10-24,471560.0
2018-10-25,459942.0
2018-10-26,435926.0
2018-10-29,390642.0
2018-10-30,367542.0
2018-10-31,372794.0
2018-11-01,363278.0
2018-11-02,354872.0
2018-11-05,328212.0
2018-11-06,331952.0
2018-11-07,369280.0
2018-11-08,378214.0
2018-11-09,378028.0
2018-11-12,350438.0
2018-11-13,344704.0
2018-11-14,340590.0
2018-11-15,336486.0
2018-11-16,327618.0
2018-11-19,342374.0
2018-11-20,335796.0
2018-11-21,312530.0
2018-11-22,323438.0
2018-11-23,353672.0
2018-11-26,370162.0
2018-11-27,359098.0
2018-11-28,334864.0
2018-11-29,344102.0
2018-11-30,322730.0
2018-12-03,361656.0
2018-12-04,352250.0
2018-12-05,413692.0
2018-12-06,442810.0
2018-12-07,466150.0
2018-12-10,453004.0
2018-12-11,528652.0
2018-12-12,497664.0
2018-12-13,504810.0
2018-12-14,494964.0
2018-12-17,556228.0
2018-12-18,548118.0
2018-12-19,609428.0
2018-12-20,530036.0
2018-12-21,550316.0
2018-12-24,555920.0
2018-12-25,580284.0
2018-12-26,554356.0
2018-12-27,584540.0
2018-12-28,531338.0
2019-01-02,562258.0
2019-01-03,557562.0
2019-01-04,588990.0
2019-01-07,581262.0
2019-01-08,531216.0
2019-01-09,524522.0
2019-01-10,556754.0
2019-01-11,545104.0
2019-01-14,567166.0
2019-01-15,539906.0
2019-01-16,595202.0
2019-01-17,553772.0
2019-01-18,626816.0
2019-01-21,671186.0
2019-01-22,624490.0
2019-01-23,591502.0
2019-01-24,641356.0
2019-01-25,742010.0
2019-01-28,691436.0
2019-01-29,736122.0
2019-01-30,698370.0
2019-01-31,636534.0
2019-02-01,624820.0
2019-02-11,627700.0
2019-02-12,721762.0
2019-02-13,757334.0
2019-02-14,710572.0
2019-02-15,788182.0
2019-02-18,771582.0
2019-02-19,766026.0
2019-02-20,771006.0
2019-02-21,817186.0
2019-02-22,761956.0
2019-02-25,809296.0
2019-02-26,776468.0
2019-02-27,748730.0
2019-02-28,738390.0
2019-03-01,844932.0
2019-03-04,850614.0
2019-03-05,800128.0
2019-03-06,828794.0
2019-03-07,814828.0
2019-03-08,786136.0
2019-03-11,773412.0
2019-03-12,785146.0
2019-03-13,778618.0
2019-03-14,833932.0
2019-03-15,828886.0
2019-03-18,884438.0
2019-03-19,927260.0
2019-03-20,937810.0
2019-03-21,923724.0
2019-03-22,916288.0
2019-03-25,931780.0
2019-03-26,939050.0
2019-03-27,949498.0
2019-03-28,939482.0
2019-03-29,939768.0
2019-04-01,881102.0
2019-04-02,863508.0
2019-04-03,865098.0
2019-04-04,840266.0
2019-04-08,843286.0
2019-04-09,877130.0
2019-04-10,825730.0
2019-04-11,859694.0
2019-04-12,815694.0
2019-04-15,834200.0
2019-04-16,791206.0
2019-04-17,803318.0
2019-04-18,849574.0
2019-04-19,821726.0
2019-04-22,957828.0
2019-04-23,957906.0
2019-04-24,961006.0
2019-04-25,1127754.0
2019-04-26,1081552.0
2019-04-29,1018292.0
2019-04-30,908712.0
2019-05-06,842840.0
2019-05-07,859438.0
2019-05-08,809380.0
2019-05-09,782630.0
2019-05-10,728908.0
2019-05-13,696622.0
2019-05-14,718214.0
2019-05-15,709296.0
2019-05-16,691098.0
2019-05-17,689516.0
2019-05-20,683528.0
2019-05-21,675710.0
2019-05-22,663074.0
2019-05-23,718368.0
2019-05-24,703874.0
2019-05-27,658376.0
2019-05-28,637316.0
2019-05-29,625816.0
2019-05-30,606970.0
2019-05-31,613936.0
2019-06-03,629254.0
2019-06-04,619600.0
2019-06-05,615570.0
2019-06-06,631224.0
2019-06-10,602292.0
2019-06-11,584362.0
2019-06-12,592948.0
2019-06-13,642736.0
2019-06-14,653968.0
2019-06-17,666400.0
2019-06-18,692192.0
2019-06-19,689642.0
2019-06-20,678216.0
2019-06-21,658208.0
2019-06-24,645250.0
2019-06-25,625326.0
2019-06-26,634398.0
2019-06-27,610916.0
2019-06-28,581068.0
2019-07-01,594290.0
2019-07-02,579600.0
2019-07-03,569492.0
2019-07-04,572126.0
2019-07-05,561944.0
2019-07-08,593034.0
2019-07-09,581486.0
2019-07-10,585202.0
2019-07-11,614032.0
2019-07-12,589350.0
2019-07-15,590820.0
2019-07-16,595852.0
2019-07-17,630678.0
2019-07-18,641398.0
2019-07-19,640746.0
2019-07-22,663296.0
2019-07-23,664936.0
2019-07-24,702486.0
2019-07-25,691924.0
2019-07-26,706788.0
2019-07-29,714988.0
2019-07-30,716100.0
2019-07-31,721614.0
2019-08-01,758716.0
2019-08-02,726484.0
2019-08-05,681308.0
2019-08-06,667772.0
2019-08-07,673074.0
2019-08-08,681176.0
2019-08-09,683398.0
2019-08-12,675832.0
2019-08-13,684952.0
2019-08-14,685936.0
2019-08-15,705910.0
2019-08-16,695300.0
2019-08-19,682770.0
2019-08-20,690016.0
2019-08-21,791922.0
2019-08-22,754250.0
2019-08-23,743436.0
2019-08-26,722744.0
2019-08-27,737716.0
2019-08-28,739452.0
2019-08-29,804440.0
2019-08-30,762658.0
2019-09-02,732266.0
2019-09-03,782782.0
2019-09-04,779252.0
2019-09-05,723434.0
2019-09-06,732076.0
2019-09-09,712112.0
2019-09-10,702442.0
2019-09-11,721986.0
2019-09-12,718400.0
2019-09-16,616878.0
2019-09-17,637470.0
2019-09-18,594026.0
2019-09-19,590786.0
2019-09-20,607690.0
2019-09-23,594826.0
2019-09-24,600922.0
2019-09-25,615900.0
2019-09-26,617154.0
2019-09-27,569808.0
2019-09-30,509326.0
2019-10-08,524700.0
2019-10-09,539656.0
2019-10-10,605650.0
2019-10-11,598266.0
2019-10-14,630624.0
2019-10-15,647820.0
2019-10-16,650412.0
2019-10-17,641102.0
2019-10-18,644356.0
2019-10-21,607516.0
2019-10-22,601880.0
2019-10-23,605746.0
2019-10-24,606776.0
2019-10-25,595906.0
2019-10-28,579040.0
2019-10-29,586312.0
2019-10-30,555720.0
2019-10-31,565226.0
2019-11-01,539076.0
2019-11-04,542510.0
2019-11-05,509548.0
2019-11-06,499160.0
2019-11-07,507550.0
2019-11-08,485750.0
2019-11-11,525452.0
2019-11-12,535664.0
2019-11-13,522726.0
2019-11-14,512008.0
2019-11-15,510040.0
2019-11-18,508558.0
2019-11-19,496440.0
2019-11-20,483984.0
2019-11-21,469668.0
2019-11-22,466568.0
2019-11-25,445490.0
2019-11-26,437346.0
2019-11-27,438446.0
2019-11-28,406884.0
2019-11-29,422212.0
2019-12-02,404594.0
2019-12-03,397102.0
2019-12-04,387682.0
2019-12-05,419880.0
2019-12-06,417172.0
2019-12-09,463062.0
2019-12-10,484848.0
2019-12-11,479074.0
2019-12-12,503938.0
2019-12-13,484350.0
2019-12-16,529156.0
2019-12-17,536058.0
2019-12-18,536400.0
2019-12-19,579488.0
2019-12-20,578530.0
2019-12-23,563382.0
2019-12-24,566796.0
2019-12-25,579082.0
2019-12-26,565342.0
2019-12-27,613462.0
2019-12-30,580108.0
2019-12-31,540610.0
2020-01-02,277546.0
2020-01-03,277408.0
2020-01-06,283566.0
2020-01-07,260433.0
2020-01-08,254357.0
2020-01-09,239463.0
2020-01-10,242622.0
2020-01-13,248200.0
2020-01-14,239882.0
2020-01-15,234179.0
2020-01-16,219253.0
2020-01-17,229174.0
2020-01-20,214783.0
2020-01-21,214395.0
2020-01-22,204874.0
2020-01-23,193294.0
2020-02-03,201831.0
2020-02-04,209324.0
2020-02-05,236006.0
2020-02-06,247479.0
2020-02-07,262388.0
2020-02-10,270908.0
2020-02-11,303212.0
2020-02-12,318021.0
2020-02-13,330558.0
2020-02-14,352666.0
2020-02-17,357899.0
2020-02-18,363497.0
2020-02-19,370576.0
2020-02-20,368385.0
2020-02-21,371834.0
2020-02-24,371637.0
2020-02-25,410671.0
2020-02-26,423280.0
2020-02-27,409268.0
2020-02-28,410730.0
2020-03-02,410788.0
2020-03-03,393840.0
2020-03-04,403683.0
2020-03-05,424930.0
2020-03-06,437312.0
2020-03-09,431126.0
2020-03-10,469865.0
2020-03-11,589731.0
2020-03-12,617552.0
2020-03-13,581878.0
2020-03-16,596821.0
2020-03-17,591881.0
2020-03-18,589749.0
2020-03-19,577231.0
2020-03-20,566345.0
2020-03-23,602396.0
2020-03-24,596131.0
2020-03-25,642328.0
2020-03-26,739887.0
2020-03-27,749267.0
2020-03-30,780357.0
2020-03-31,788682.0
2020-04-01,762877.0
2020-04-02,761033.0
2020-04-03,781981.0
2020-04-07,776112.0
2020-04-08,797738.0
2020-04-09,808157.0
2020-04-10,803387.0
2020-04-13,757456.0
2020-04-14,787075.0
2020-04-15,807604.0
2020-04-16,806350.0
2020-04-17,816841.0
2020-04-20,812289.0
2020-04-21,809701.0
2020-04-22,805334.0
2020-04-23,788806.0
2020-04-24,706190.0
2020-04-27,710194.0
2020-04-28,694822.0
2020-04-29,649383.0
2020-04-30,626352.0
2020-05-06,619271.0
2020-05-07,637522.0
2020-05-08,631085.0
2020-05-11,642551.0
2020-05-12,656745.0
2020-05-13,660224.0
2020-05-14,646933.0
2020-05-15,642154.0
2020-05-18,641128.0
2020-05-19,638267.0
2020-05-20,641914.0
2020-05-21,639006.0
2020-05-22,597429.0
2020-05-25,627995.0
2020-05-26,653104.0
2020-05-27,643662.0
2020-05-28,600397.0
2020-05-29,598535.0
2020-06-01,613881.0
2020-06-02,593373.0
2020-06-03,603255.0
2020-06-04,585806.0
2020-06-05,579567.0
2020-06-08,585197.0
2020-06-09,590558.0
2020-06-10,579539.0
2020-06-11,589913.0
2020-06-12,560717.0
2020-06-15,546406.0
2020-06-16,539168.0
2020-06-17,527123.0
2020-06-18,513665.0
2020-06-19,510685.0
2020-06-22,500076.0
2020-06-23,492706.0
2020-06-24,470885.0
2020-06-29,495766.0
2020-06-30,532960.0
2020-07-01,587633.0
2020-07-02,566110.0
2020-07-03,582985.0
2020-07-06,582869.0
2020-07-07,563563.0
2020-07-08,539279.0
2020-07-09,548933.0
2020-07-10,519259.0
2020-07-13,501747.0
2020-07-14,511569.0
2020-07-15,506487.0
2020-07-16,496262.0
2020-07-17,521953.0
2020-07-20,524540.0
2020-07-21,543878.0
2020-07-22,560419.0
2020-07-23,551599.0
2020-07-24,543639.0
2020-07-27,551678.0
2020-07-28,591953.0
2020-07-29,573719.0
2020-07-30,600586.0
2020-07-31,598526.0
2020-08-03,634676.0
2020-08-04,624431.0
2020-08-05,638375.0
2020-08-06,641324.0
2020-08-07,641352.0
2020-08-10,661582.0
2020-08-11,728866.0
2020-08-12,683907.0
2020-08-13,687595.0
2020-08-14,696606.0
2020-08-17,688244.0
2020-08-18,691810.0
2020-08-19,702472.0
2020-08-20,672626.0
2020-08-21,662095.0
2020-08-24,686334.0
2020-08-25,687772.0
2020-08-26,675960.0
2020-08-27,673412.0
2020-08-28,686314.0
2020-08-31,673884.0
2020-09-01,692206.0
2020-09-02,699679.0
2020-09-03,770075.0
2020-09-04,813707.0
2020-09-07,810612.0
2020-09-08,803564.0
2020-09-09,785800.0
2020-09-10,780530.0
2020-09-11,788540.0
2020-09-14,758755.0
2020-09-15,805430.0
2020-09-16,801270.0
2020-09-17,810825.0
2020-09-18,851272.0
2020-09-21,846943.0
2020-09-22,825266.0
2020-09-23,798042.0
2020-09-24,806437.0
2020-09-25,779701.0
2020-09-28,756818.0
2020-09-29,722682.0
2020-09-30,669522.0
2020-10-09,690188.0
2020-10-12,760592.0
2020-10-13,804955.0
2020-10-14,800456.0
2020-10-15,784944.0
2020-10-16,775191.0
2020-10-19,761511.0
2020-10-20,755496.0
2020-10-21,766571.0
2020-10-22,757605.0
2020-10-23,737373.0
2020-10-26,709034.0
2020-10-27,711908.0
2020-10-28,710572.0
2020-10-29,754572.0
2020-10-30,748348.0
2020-11-02,754085.0
2020-11-03,751428.0
2020-11-04,746792.0
2020-11-05,774832.0
2020-11-06,831349.0
2020-11-09,795097.0
2020-11-10,737980.0
2020-11-11,726872.0
2020-11-12,715347.0
2020-11-13,710732.0
2020-11-16,692167.0
2020-11-17,706194.0
2020-11-18,702721.0
2020-11-19,714233.0
2020-11-20,719097.0
2020-11-23,713188.0
2020-11-24,720032.0
2020-11-25,669145.0
2020-11-26,673051.0
2020-11-27,698427.0
2020-11-30,669663.0
2020-12-01,666815.0
2020-12-02,669975.0
2020-12-03,737826.0
2020-12-04,712520.0
2020-12-07,718043.0
2020-12-08,709825.0
2020-12-09,680433.0
2020-12-10,688656.0
2020-12-11,682215.0
2020-12-14,733259.0
2020-12-15,714567.0
2020-12-16,700413.0
2020-12-17,691724.0
2020-12-18,725414.0
2020-12-21,717292.0
2020-12-22,701396.0
2020-12-23,669889.0
2020-12-24,633368.0
2020-12-25,607609.0
2020-12-28,591569.0
2020-12-29,595117.0
2020-12-30,620019.0
2020-12-31,661666.0
2021-01-04,655337.0
2021-01-05,698055.0
2021-01-06,668967.0
2021-01-07,656331.0
2021-01-08,660724.0
2021-01-11,657023.0
2021-01-12,651172.0
2021-01-13,652869.0
2021-01-14,645446.0
2021-01-15,644759.0
2021-01-18,622156.0
2021-01-19,625431.0
2021-01-20,638065.0
2021-01-21,636995.0
2021-01-22,628833.0
2021-01-25,624982.0
2021-01-26,604764.0
2021-01-27,614093.0
2021-01-28,591542.0
2021-01-29,583672.0
2021-02-01,594293.0
2021-02-02,611178.0
2021-02-03,592952.0
2021-02-04,605116.0
2021-02-05,596987.0
2021-02-08,581922.0
2021-02-09,555050.0
2021-02-10,519290.0
2021-02-18,540060.0
2021-02-19,542253.0
2021-02-22,555721.0
2021-02-23,573274.0
2021-02-24,551268.0
2021-02-25,529810.0
2021-02-26,480245.0
2021-03-01,449454.0
2021-03-02,435995.0
2021-03-03,443123.0
2021-03-04,442130.0
2021-03-05,453567.0
2021-03-08,454953.0
2021-03-09,441278.0
2021-03-10,432856.0
2021-03-11,433760.0
2021-03-12,436153.0
2021-03-15,435393.0
2021-03-16,452303.0
2021-03-17,445861.0
2021-03-18,447700.0
2021-03-19,495845.0
2021-03-22,506028.0
2021-03-23,524220.0
2021-03-24,529427.0
2021-03-25,527772.0
2021-03-26,509388.0
2021-03-29,497949.0
2021-03-30,485790.0
2021-03-31,492147.0
2021-04-01,505170.0
2021-04-02,471002.0
2021-04-06,492609.0
2021-04-07,526995.0
2021-04-08,585100.0
2021-04-09,593830.0
2021-04-12,629302.0
2021-04-13,599227.0
2021-04-14,540701.0
2021-04-15,505085.0
2021-04-16,497991.0
2021-04-19,490221.0
2021-04-20,486003.0
2021-04-21,483770.0
2021-04-22,484266.0
2021-04-23,484481.0
2021-04-26,490991.0
2021-04-27,488580.0
2021-04-28,479686.0
2021-04-29,476206.0
2021-04-30,470649.0
2021-05-06,488821.0
2021-05-07,488326.0
2021-05-10,510560.0
2021-05-11,488167.0
2021-05-12,510188.0
2021-05-13,497090.0
2021-05-14,457230.0
2021-05-17,468003.0
2021-05-18,463985.0
2021-05-19,460257.0
2021-05-20,443457.0
2021-05-21,439334.0
2021-05-24,436814.0
2021-05-25,454043.0
2021-05-26,448326.0
2021-05-27,427739.0
2021-05-28,421324.0
2021-05-31,407019.0
2021-06-01,423039.0
2021-06-02,419727.0
2021-06-03,433286.0
2021-06-04,441077.0
2021-06-07,432851.0
2021-06-08,447287.0
2021-06-09,459896.0
2021-06-10,504792.0
2021-06-11,458868.0
2021-06-15,454130.0
2021-06-16,461143.0
2021-06-17,472390.0
2021-06-18,454814.0
2021-06-21,450533.0
2021-06-22,470639.0
2021-06-23,509050.0
2021-06-24,511099.0
2021-06-25,559115.0
2021-06-28,543885.0
2021-06-29,504237.0
2021-06-30,494079.0
2021-07-01,485800.0
2021-07-02,487593.0
2021-07-05,507176.0
2021-07-06,499741.0
2021-07-07,471346.0
2021-07-08,459308.0
2021-07-09,447217.0
2021-07-12,434848.0
2021-07-13,434894.0
2021-07-14,447978.0
2021-07-15,566480.0
2021-07-16,572135.0
2021-07-19,566230.0
2021-07-20,568662.0
2021-07-21,597129.0
2021-07-22,590546.0
2021-07-23,609889.0
2021-07-26,620694.0
2021-07-27,591704.0
2021-07-28,557638.0
2021-07-29,523260.0
2021-07-30,484991.0
2021-08-02,453859.0
2021-08-03,455338.0
2021-08-04,448276.0
2021-08-05,456841.0
2021-08-06,447651.0
2021-08-09,464415.0
2021-08-10,474324.0
2021-08-11,451214.0
2021-08-12,430267.0
2021-08-13,437384.0
2021-08-16,462226.0
2021-08-17,495236.0
2021-08-18,498007.0
2021-08-19,508978.0
2021-08-20,535571.0
2021-08-23,537492.0
2021-08-24,521478.0
2021-08-25,529854.0
2021-08-26,514349.0
2021-08-27,496550.0
2021-08-30,483564.0
2021-08-31,478146.0
2021-09-01,490089.0
2021-09-02,482959.0
2021-09-03,493145.0
2021-09-06,479936.0
2021-09-07,481628.0
2021-09-08,480417.0
2021-09-09,480417.0
2021-09-10,466721.0
2021-09-13,473317.0
2021-09-14,473932.0
2021-09-15,469171.0
2021-09-16,462694.0
2021-09-17,448864.0
2021-09-22,469986.0
2021-09-23,484448.0
2021-09-24,458871.0
2021-09-27,451933.0
2021-09-28,464472.0
2021-09-29,429119.0
2021-09-30,404555.0
2021-10-08,438175.0
2021-10-11,442879.0
2021-10-12,436267.0
2021-10-13,431659.0
2021-10-14,434791.0
2021-10-15,443472.0
2021-10-18,444935.0
2021-10-19,440318.0
2021-10-20,464235.0
2021-10-21,464156.0
2021-10-22,459973.0
2021-10-25,460489.0
2021-10-26,467694.0
2021-10-27,467111.0
2021-10-28,466188.0
2021-10-29,464594.0
2021-11-01,481286.0
2021-11-02,504492.0
2021-11-03,522566.0
2021-11-04,515652.0
2021-11-05,544923.0
2021-11-08,530525.0
2021-11-09,539144.0
2021-11-10,530268.0
2021-11-11,539130.0
2021-11-12,547534.0
2021-11-15,542344.0
2021-11-16,538266.0
2021-11-17,534357.0
2021-11-18,545827.0
2021-11-19,530212.0
2021-11-22,537462.0
2021-11-23,539018.0
2021-11-24,542864.0
2021-11-25,520152.0
2021-11-26,487519.0
2021-11-29,541490.0
2021-11-30,545838.0
2021-12-01,538181.0
2021-12-02,570547.0
2021-12-03,558259.0
2021-12-06,556185.0
2021-12-07,563287.0
2021-12-08,558253.0
2021-12-09,551041.0
2021-12-10,569976.0
2021-12-13,569326.0
2021-12-14,562905.0
2021-12-15,560887.0
2021-12-16,576436.0
2021-12-17,588360.0
2021-12-20,584870.0
2021-12-21,598413.0
2021-12-22,590510.0
2021-12-23,623419.0
2021-12-24,606385.0
2021-12-27,598747.0
2021-12-28,635634.0
2021-12-29,679320.0
2021-12-30,679758.0
2021-12-31,678755.0
2022-01-04,673882.0
2022-01-05,700777.0
2022-01-06,711523.0
2022-01-07,750604.0
2022-01-10,714451.0
2022-01-11,718715.0
2022-01-12,748003.0
2022-01-13,746158.0
2022-01-14,776534.0
2022-01-17,777023.0
2022-01-18,820904.0
2022-01-19,834933.0
2022-01-20,867310.0
2022-01-21,830089.0
2022-01-24,804182.0
2022-01-25,772647.0
2022-01-26,754813.0
2022-01-27,724844.0
2022-01-28,706456.0
2022-02-07,732199.0
2022-02-08,730059.0
2022-02-09,714104.0
2022-02-10,719790.0
2022-02-11,733225.0
2022-02-14,733512.0
2022-02-15,740230.0
2022-02-16,736080.0
2022-02-17,744241.0
2022-02-18,745808.0
2022-02-21,753360.0
2022-02-22,755165.0
2022-02-23,746692.0
2022-02-24,720365.0
2022-02-25,724083.0
2022-02-28,715286.0
2022-03-01,709554.0
2022-03-02,706438.0
2022-03-03,686547.0
2022-03-04,657536.0
2022-03-07,700339.0
2022-03-08,688076.0
2022-03-09,697472.0
2022-03-10,582207.0
2022-03-11,591499.0
2022-03-14,581515.0
2022-03-15,585261.0
2022-03-16,575473.0
2022-03-17,583787.0
2022-03-18,586567.0
2022-03-21,604163.0
2022-03-22,616488.0
2022-03-23,616479.0
2022-03-24,614856.0
2022-03-25,634345.0
2022-03-28,617358.0
2022-03-29,626793.0
2022-03-30,600048.0
2022-03-31,586210.0
2022-04-01,562787.0
2022-04-06,615022.0
2022-04-07,609165.0
2022-04-08,645966.0
2022-04-11,664566.0
2022-04-12,674678.0
2022-04-13,628203.0
2022-04-14,624352.0
2022-04-15,626473.0
2022-04-18,649842.0
2022-04-19,651184.0
2022-04-20,661704.0
2022-04-21,697692.0
2022-04-22,696557.0
2022-04-25,684869.0
2022-04-26,724069.0
2022-04-27,739949.0
2022-04-28,787119.0
2022-04-29,784917.0
2022-05-05,812092.0
2022-05-06,836748.0
2022-05-09,849145.0
2022-05-10,790357.0
2022-05-11,856639.0
2022-05-12,851267.0
2022-05-13,867022.0
2022-05-16,839059.0
2022-05-17,909777.0
2022-05-18,918650.0
2022-05-19,911075.0
2022-05-20,911038.0
2022-05-23,928985.0
2022-05-24,976855.0
2022-05-25,995012.0
2022-05-26,989104.0
2022-05-27,1049929.0
2022-05-30,1065252.0
2022-05-31,1029513.0
2022-06-01,963441.0
2022-06-02,982837.0
2022-06-06,1031676.0
2022-06-07,1040674.0
2022-06-08,1041716.0
2022-06-09,1019318.0
2022-06-10,999830.0
2022-06-13,976519.0
2022-06-14,998003.0
2022-06-15,935072.0
2022-06-16,915370.0
2022-06-17,901302.0
2022-06-20,823323.0
2022-06-21,833307.0
2022-06-22,827878.0
2022-06-23,837962.0
2022-06-24,823188.0
2022-06-27,860163.0
2022-06-28,881432.0
2022-06-29,872931.0
2022-06-30,904197.0
2022-07-01,885361.0
2022-07-04,923522.0
2022-07-05,931491.0
2022-07-06,913161.0
2022-07-07,928003.0
2022-07-08,936719.0
2022-07-11,951571.0
2022-07-12,961982.0
2022-07-13,955952.0
2022-07-14,958314.0
2022-07-15,965138.0
2022-07-18,945336.0
2022-07-19,933394.0
2022-07-20,928968.0
2022-07-21,932722.0
2022-07-22,943428.0
2022-07-25,964032.0
2022-07-26,983654.0
2022-07-27,990614.0
2022-07-28,981228.0
2022-07-29,944882.0
2022-08-01,929004.0
2022-08-02,919795.0
2022-08-03,931884.0
2022-08-04,951840.0
2022-08-05,961904.0
2022-08-08,978902.0
2022-08-09,989709.0
2022-08-10,1013897.0
2022-08-11,1033511.0
2022-08-12,1021508.0
2022-08-15,1001591.0
2022-08-16,992103.0
2022-08-17,999413.0
2022-08-18,1015124.0
2022-08-19,981666.0
2022-08-22,958547.0
2022-08-23,966037.0
2022-08-24,950434.0
2022-08-25,940056.0
2022-08-26,940855.0
2022-08-29,935034.0
2022-08-30,925982.0
2022-08-31,898651.0
2022-09-01,876337.0
2022-09-02,864032.0
2022-09-05,855670.0
2022-09-06,835683.0
2022-09-07,837572.0
2022-09-08,804691.0
2022-09-09,784318.0
2022-09-13,780907.0
2022-09-14,801780.0
2022-09-15,782058.0
2022-09-16,783462.0
2022-09-19,787812.0
2022-09-20,775374.0
2022-09-21,766151.0
2022-09-22,760121.0
2022-09-23,750830.0
2022-09-26,751501.0
2022-09-27,746687.0
2022-09-28,734883.0
2022-09-29,754592.0
2022-09-30,739502.0
2022-10-10,769052.0
2022-10-11,793074.0
2022-10-12,809901.0
2022-10-13,821750.0
2022-10-14,833492.0
2022-10-17,810478.0
2022-10-18,813882.0
2022-10-19,807850.0
2022-10-20,800493.0
2022-10-21,814665.0
2022-10-24,815256.0
2022-10-25,809826.0
2022-10-26,815263.0
2022-10-27,837047.0
2022-10-28,820913.0
2022-10-31,817249.0
2022-11-01,814842.0
2022-11-02,814177.0
2022-11-03,808545.0
2022-11-04,832937.0
2022-11-07,838104.0
2022-11-08,849813.0
2022-11-09,841899.0
2022-11-10,852113.0
2022-11-11,860940.0
