trading_date,C_total_oi
2013-11-05,488936.0
2013-11-06,473992.0
2013-11-07,463506.0
2013-11-08,471878.0
2013-11-11,480178.0
2013-11-12,470052.0
2013-11-13,451236.0
2013-11-14,446084.0
2013-11-15,438500.0
2013-11-18,437046.0
2013-11-19,456758.0
2013-11-20,450818.0
2013-11-21,440164.0
2013-11-22,423890.0
2013-11-25,418726.0
2013-11-26,414886.0
2013-11-27,412290.0
2013-11-28,411806.0
2013-11-29,409776.0
2013-12-02,393680.0
2013-12-03,390732.0
2013-12-04,388354.0
2013-12-05,384464.0
2013-12-06,371488.0
2013-12-09,369216.0
2013-12-10,364368.0
2013-12-11,362606.0
2013-12-12,363104.0
2013-12-13,374066.0
2013-12-16,376552.0
2013-12-17,377822.0
2013-12-18,392396.0
2013-12-19,401706.0
2013-12-20,399602.0
2013-12-23,408732.0
2013-12-24,433986.0
2013-12-25,458826.0
2013-12-26,479406.0
2013-12-27,485502.0
2013-12-30,481176.0
2013-12-31,477720.0
2014-01-02,466124.0
2014-01-03,469694.0
2014-01-06,473122.0
2014-01-07,474366.0
2014-01-08,474494.0
2014-01-09,491222.0
2014-01-10,489446.0
2014-01-13,491994.0
2014-01-14,497388.0
2014-01-15,500726.0
2014-01-16,509750.0
2014-01-17,510692.0
2014-01-20,512276.0
2014-01-21,508502.0
2014-01-22,510690.0
2014-01-23,505246.0
2014-01-24,497416.0
2014-01-27,495824.0
2014-01-28,477066.0
2014-01-29,460670.0
2014-01-30,454010.0
2014-02-07,470252.0
2014-02-10,538434.0
2014-02-11,553144.0
2014-02-12,591490.0
2014-02-13,597810.0
2014-02-14,616550.0
2014-02-17,632828.0
2014-02-18,637316.0
2014-02-19,641338.0
2014-02-20,638124.0
2014-02-21,622506.0
2014-02-24,630030.0
2014-02-25,636800.0
2014-02-26,651228.0
2014-02-27,655638.0
2014-02-28,683122.0
2014-03-03,679164.0
2014-03-04,682216.0
2014-03-05,671516.0
2014-03-06,675706.0
2014-03-07,658262.0
2014-03-10,661216.0
2014-03-11,656816.0
2014-03-12,664392.0
2014-03-13,609160.0
2014-03-14,528762.0
2014-03-17,523678.0
2014-03-18,499850.0
2014-03-19,487138.0
2014-03-20,464866.0
2014-03-21,465772.0
2014-03-24,459218.0
2014-03-25,445958.0
2014-03-26,472472.0
2014-03-27,465616.0
2014-03-28,465796.0
2014-03-31,461830.0
2014-04-01,453464.0
2014-04-02,510564.0
2014-04-03,505982.0
2014-04-04,487750.0
2014-04-08,469392.0
2014-04-09,460666.0
2014-04-10,453866.0
2014-04-11,451990.0
2014-04-14,409260.0
2014-04-15,388892.0
2014-04-16,369168.0
2014-04-17,349710.0
2014-04-18,333412.0
2014-04-21,333530.0
2014-04-22,329222.0
2014-04-23,320646.0
2014-04-24,313306.0
2014-04-25,312782.0
2014-04-28,304518.0
2014-04-29,300820.0
2014-04-30,283858.0
2014-05-05,288030.0
2014-05-06,286260.0
2014-05-07,285944.0
2014-05-08,291226.0
2014-05-09,288282.0
2014-05-12,297318.0
2014-05-13,303922.0
2014-05-14,305468.0
2014-05-15,308408.0
2014-05-16,309644.0
2014-05-19,319218.0
2014-05-20,326294.0
2014-05-21,328036.0
2014-05-22,330634.0
2014-05-23,320590.0
2014-05-26,319832.0
2014-05-27,319638.0
2014-05-28,318798.0
2014-05-29,340996.0
2014-05-30,334584.0
2014-06-03,325686.0
2014-06-04,324310.0
2014-06-05,320754.0
2014-06-06,322884.0
2014-06-09,310802.0
2014-06-10,311906.0
2014-06-11,299138.0
2014-06-12,300512.0
2014-06-13,310018.0
2014-06-16,309922.0
2014-06-17,298576.0
2014-06-18,295078.0
2014-06-19,299900.0
2014-06-20,298262.0
2014-06-23,294928.0
2014-06-24,291744.0
2014-06-25,293414.0
2014-06-26,293772.0
2014-06-27,287620.0
2014-06-30,290338.0
2014-07-01,284764.0
2014-07-02,285054.0
2014-07-03,292762.0
2014-07-04,312282.0
2014-07-07,331022.0
2014-07-08,344680.0
2014-07-09,358124.0
2014-07-10,346970.0
2014-07-11,327788.0
2014-07-14,351988.0
2014-07-15,403578.0
2014-07-16,388618.0
2014-07-17,380696.0
2014-07-18,370558.0
2014-07-21,370802.0
2014-07-22,347290.0
2014-07-23,349456.0
2014-07-24,346254.0
2014-07-25,341758.0
2014-07-28,341968.0
2014-07-29,347842.0
2014-07-30,351454.0
2014-07-31,389456.0
2014-08-01,410990.0
2014-08-04,502802.0
2014-08-05,505712.0
2014-08-06,490158.0
2014-08-07,477108.0
2014-08-08,481824.0
2014-08-11,489502.0
2014-08-12,500478.0
2014-08-13,486050.0
2014-08-14,465610.0
2014-08-15,491034.0
2014-08-18,475672.0
2014-08-19,444462.0
2014-08-20,444738.0
2014-08-21,429074.0
2014-08-22,433180.0
2014-08-25,427244.0
2014-08-26,430978.0
2014-08-27,428946.0
2014-08-28,429142.0
2014-08-29,434678.0
2014-09-01,450008.0
2014-09-02,443772.0
2014-09-03,442888.0
2014-09-04,444150.0
2014-09-05,443354.0
2014-09-09,446470.0
2014-09-10,447464.0
2014-09-11,450108.0
2014-09-12,445442.0
2014-09-15,433768.0
2014-09-16,440614.0
2014-09-17,438806.0
2014-09-18,448994.0
2014-09-19,453722.0
2014-09-22,482340.0
2014-09-23,484876.0
2014-09-24,472362.0
2014-09-25,459726.0
2014-09-26,442590.0
2014-09-29,409960.0
2014-09-30,385548.0
2014-10-08,387946.0
2014-10-09,408584.0
2014-10-10,545444.0
2014-10-13,582002.0
2014-10-14,587640.0
2014-10-15,546272.0
2014-10-16,503138.0
2014-10-17,498932.0
2014-10-20,519522.0
2014-10-21,539692.0
2014-10-22,535800.0
2014-10-23,521256.0
2014-10-24,503968.0
2014-10-27,519420.0
2014-10-28,488900.0
2014-10-29,479924.0
2014-10-30,457254.0
2014-10-31,449614.0
2014-11-03,448770.0
2014-11-04,444010.0
2014-11-05,443462.0
2014-11-06,440518.0
2014-11-07,433080.0
2014-11-10,433026.0
2014-11-11,429884.0
2014-11-12,406968.0
2014-11-13,410264.0
2014-11-14,403822.0
2014-11-17,396828.0
2014-11-18,391318.0
2014-11-19,386526.0
2014-11-20,384372.0
2014-11-21,380722.0
2014-11-24,375718.0
2014-11-25,383746.0
2014-11-26,373638.0
2014-11-27,359616.0
2014-11-28,337788.0
2014-12-01,316194.0
2014-12-02,311948.0
2014-12-03,313784.0
2014-12-04,309786.0
2014-12-05,303704.0
2014-12-08,322012.0
2014-12-09,322268.0
2014-12-10,311684.0
2014-12-11,309664.0
2014-12-12,310826.0
2014-12-15,293998.0
2014-12-16,291440.0
2014-12-17,289732.0
2014-12-18,285982.0
2014-12-19,281760.0
2014-12-22,302084.0
2014-12-23,324572.0
2014-12-24,324124.0
2014-12-25,328016.0
2014-12-26,324038.0
2014-12-29,296770.0
2014-12-30,271582.0
2014-12-31,278958.0
2015-01-05,296642.0
2015-01-06,272504.0
2015-01-07,275618.0
2015-01-08,269282.0
2015-01-09,251066.0
2015-01-12,251210.0
2015-01-13,261818.0
2015-01-14,264996.0
2015-01-15,263070.0
2015-01-16,265498.0
2015-01-19,274770.0
2015-01-20,282676.0
2015-01-21,287556.0
2015-01-22,295404.0
2015-01-23,302366.0
2015-01-26,320952.0
2015-01-27,326416.0
2015-01-28,330098.0
2015-01-29,325176.0
2015-01-30,330918.0
2015-02-02,339110.0
2015-02-03,341096.0
2015-02-04,336364.0
2015-02-05,327784.0
2015-02-06,326236.0
2015-02-09,327800.0
2015-02-10,333032.0
2015-02-11,336646.0
2015-02-12,323002.0
2015-02-13,314736.0
2015-02-16,311874.0
2015-02-17,308630.0
2015-02-25,308996.0
2015-02-26,317936.0
2015-02-27,333042.0
2015-03-02,334912.0
2015-03-03,334466.0
2015-03-04,351476.0
2015-03-05,343810.0
2015-03-06,343056.0
2015-03-09,359738.0
2015-03-10,367768.0
2015-03-11,362468.0
2015-03-12,361158.0
2015-03-13,368962.0
2015-03-16,374446.0
2015-03-17,372492.0
2015-03-18,376166.0
2015-03-19,375232.0
2015-03-20,375404.0
2015-03-23,366124.0
2015-03-24,366718.0
2015-03-25,366952.0
2015-03-26,370898.0
2015-03-27,375844.0
2015-03-30,367646.0
2015-03-31,364536.0
2015-04-01,360166.0
2015-04-02,362386.0
2015-04-03,386306.0
2015-04-07,386554.0
2015-04-08,382200.0
2015-04-09,376774.0
2015-04-10,356420.0
2015-04-13,356388.0
2015-04-14,364404.0
2015-04-15,373130.0
2015-04-16,379090.0
2015-04-17,350136.0
2015-04-20,350470.0
2015-04-21,348862.0
2015-04-22,343812.0
2015-04-23,340922.0
2015-04-24,343390.0
2015-04-27,341736.0
2015-04-28,347390.0
2015-04-29,359554.0
2015-04-30,358322.0
2015-05-04,352624.0
2015-05-05,356018.0
2015-05-06,349778.0
2015-05-07,349472.0
2015-05-08,344730.0
2015-05-11,332916.0
2015-05-12,332508.0
2015-05-13,308820.0
2015-05-14,308948.0
2015-05-15,307742.0
2015-05-18,310068.0
2015-05-19,302444.0
2015-05-20,302996.0
2015-05-21,314876.0
2015-05-22,311840.0
2015-05-25,314252.0
2015-05-26,310016.0
2015-05-27,337340.0
2015-05-28,346016.0
2015-05-29,349224.0
2015-06-01,356958.0
2015-06-02,351168.0
2015-06-03,357292.0
2015-06-04,405844.0
2015-06-05,419080.0
2015-06-08,444506.0
2015-06-09,467152.0
2015-06-10,491608.0
2015-06-11,497206.0
2015-06-12,518072.0
2015-06-15,531820.0
2015-06-16,539790.0
2015-06-17,544610.0
2015-06-18,548112.0
2015-06-19,553924.0
2015-06-23,543210.0
2015-06-24,562148.0
2015-06-25,578762.0
2015-06-26,584714.0
2015-06-29,583630.0
2015-06-30,598940.0
2015-07-01,576850.0
2015-07-02,569474.0
2015-07-03,566188.0
2015-07-06,557048.0
2015-07-07,588730.0
2015-07-08,570242.0
2015-07-09,582880.0
2015-07-10,643206.0
2015-07-13,664586.0
2015-07-14,767776.0
2015-07-15,776602.0
2015-07-16,816326.0
2015-07-17,850932.0
2015-07-20,872372.0
2015-07-21,911700.0
2015-07-22,941308.0
2015-07-23,959320.0
2015-07-24,1025310.0
2015-07-27,1157774.0
2015-07-28,1196988.0
2015-07-29,1214500.0
2015-07-30,1271346.0
2015-07-31,1306710.0
2015-08-03,1338758.0
2015-08-04,1359186.0
2015-08-05,1404284.0
2015-08-06,1423666.0
2015-08-07,1481712.0
2015-08-10,1515680.0
2015-08-11,1539854.0
2015-08-12,1526948.0
2015-08-13,1536086.0
2015-08-14,1575788.0
2015-08-17,1538762.0
2015-08-18,1532292.0
2015-08-19,1526054.0
2015-08-20,1510194.0
2015-08-21,1438928.0
2015-08-24,1415974.0
2015-08-25,1393456.0
2015-08-26,1379596.0
2015-08-27,1343866.0
2015-08-28,1344746.0
2015-08-31,1382322.0
2015-09-01,1381216.0
2015-09-02,1375668.0
2015-09-07,1357982.0
2015-09-08,1323766.0
2015-09-09,1352544.0
2015-09-10,1336462.0
2015-09-11,1285134.0
2015-09-14,1303260.0
2015-09-15,1303662.0
2015-09-16,1236532.0
2015-09-17,1315686.0
2015-09-18,1635634.0
2015-09-21,1717596.0
2015-09-22,1776878.0
2015-09-23,1836136.0
2015-09-24,1875672.0
2015-09-25,1812734.0
2015-09-28,1801502.0
2015-09-29,1905438.0
2015-09-30,2016382.0
2015-10-08,2091328.0
2015-10-09,2153006.0
2015-10-12,2239412.0
2015-10-13,2370948.0
2015-10-14,2307794.0
2015-10-15,2287928.0
2015-10-16,2331816.0
2015-10-19,2340612.0
2015-10-20,2363836.0
2015-10-21,2326654.0
2015-10-22,2308404.0
2015-10-23,2274514.0
2015-10-26,2269746.0
2015-10-27,2197622.0
2015-10-28,2197800.0
2015-10-29,2198028.0
2015-10-30,2224584.0
2015-11-02,2219246.0
2015-11-03,2209930.0
2015-11-04,2124782.0
2015-11-05,2121322.0
2015-11-06,2073114.0
2015-11-09,1764376.0
2015-11-10,2007770.0
2015-11-11,2056496.0
2015-11-12,2140400.0
2015-11-13,2070724.0
2015-11-16,2129538.0
2015-11-17,2164460.0
2015-11-18,2110938.0
2015-11-19,2072982.0
2015-11-20,2084920.0
2015-11-23,2067400.0
2015-11-24,1996348.0
2015-11-25,1959904.0
2015-11-26,1881884.0
2015-11-27,1840566.0
2015-11-30,1962990.0
2015-12-01,1950886.0
2015-12-02,1926048.0
2015-12-03,1948286.0
2015-12-04,1914464.0
2015-12-07,1884396.0
2015-12-08,1827208.0
2015-12-09,1852250.0
2015-12-10,1809950.0
2015-12-11,1775160.0
2015-12-14,1734370.0
2015-12-15,1720738.0
2015-12-16,1721554.0
2015-12-17,1741382.0
2015-12-18,1728644.0
2015-12-21,1735556.0
2015-12-22,1739550.0
2015-12-23,1743410.0
2015-12-24,1781868.0
2015-12-25,1812980.0
2015-12-28,1892028.0
2015-12-29,1806342.0
2015-12-30,1774678.0
2015-12-31,1737616.0
2016-01-04,1755498.0
2016-01-05,1722706.0
2016-01-06,1766830.0
2016-01-07,1823184.0
2016-01-08,1843178.0
2016-01-11,1843740.0
2016-01-12,1864294.0
2016-01-13,1864868.0
2016-01-14,1888078.0
2016-01-15,1907704.0
2016-01-18,1873604.0
2016-01-19,1830488.0
2016-01-20,1800438.0
2016-01-21,1787180.0
2016-01-22,1772704.0
2016-01-25,1801332.0
2016-01-26,1804872.0
2016-01-27,1843840.0
2016-01-28,1931012.0
2016-01-29,1989440.0
2016-02-01,1987154.0
2016-02-02,1994470.0
2016-02-03,1957672.0
2016-02-04,1873352.0
2016-02-05,1865680.0
2016-02-15,1873340.0
2016-02-16,1922376.0
2016-02-17,1902588.0
2016-02-18,1898080.0
2016-02-19,2056382.0
2016-02-22,2092940.0
2016-02-23,2069834.0
2016-02-24,2088040.0
2016-02-25,2053526.0
2016-02-26,2076106.0
2016-02-29,2160468.0
2016-03-01,2143122.0
2016-03-02,2096758.0
2016-03-03,2050706.0
2016-03-04,1996760.0
2016-03-07,2248910.0
2016-03-08,2165320.0
2016-03-09,2251396.0
2016-03-10,2394610.0
2016-03-11,2334694.0
2016-03-14,2316988.0
2016-03-15,2347304.0
2016-03-16,2444614.0
2016-03-17,2408262.0
2016-03-18,2124934.0
2016-03-21,2078142.0
2016-03-22,2054768.0
2016-03-23,2284806.0
2016-03-24,2239248.0
2016-03-25,2323442.0
2016-03-28,2498870.0
2016-03-29,2492036.0
2016-03-30,2458568.0
2016-03-31,2461156.0
2016-04-01,2469718.0
2016-04-05,2442742.0
2016-04-06,2450960.0
2016-04-07,2458932.0
2016-04-08,2453858.0
2016-04-11,2504768.0
2016-04-12,2477712.0
2016-04-13,2418920.0
2016-04-14,2432656.0
2016-04-15,2423852.0
2016-04-18,2419168.0
2016-04-19,2386206.0
2016-04-20,2036466.0
2016-04-21,2062048.0
2016-04-22,1873330.0
2016-04-25,1780202.0
2016-04-26,1723486.0
2016-04-27,1729894.0
2016-04-28,1660030.0
2016-04-29,1678266.0
2016-05-03,1692654.0
2016-05-04,1641854.0
2016-05-05,1599324.0
2016-05-06,1512938.0
2016-05-09,1465050.0
2016-05-10,1443958.0
2016-05-11,1493300.0
2016-05-12,1459000.0
2016-05-13,1382302.0
2016-05-16,1359464.0
2016-05-17,1418486.0
2016-05-18,1403216.0
2016-05-19,1417674.0
2016-05-20,1425954.0
2016-05-23,1371176.0
2016-05-24,1302806.0
2016-05-25,1287690.0
2016-05-26,1297024.0
2016-05-27,1409866.0
2016-05-30,1571554.0
2016-05-31,1623258.0
2016-06-01,1573118.0
2016-06-02,1632096.0
2016-06-03,1560736.0
2016-06-06,1579346.0
2016-06-07,1605076.0
2016-06-08,1602464.0
2016-06-13,1750688.0
2016-06-14,1703888.0
2016-06-15,1709810.0
2016-06-16,1614088.0
2016-06-17,1593906.0
2016-06-20,1670760.0
2016-06-21,1674546.0
2016-06-22,1690682.0
2016-06-23,1710166.0
2016-06-24,1678928.0
2016-06-27,1832046.0
2016-06-28,1860310.0
2016-06-29,1872452.0
2016-06-30,1890936.0
2016-07-01,1965038.0
2016-07-04,2057402.0
2016-07-05,2128784.0
2016-07-06,2158446.0
2016-07-07,2197150.0
2016-07-08,2020544.0
2016-07-11,2035426.0
2016-07-12,2052738.0
2016-07-13,2115388.0
2016-07-14,2189290.0
2016-07-15,2260122.0
2016-07-18,2317496.0
2016-07-19,2393312.0
2016-07-20,2366756.0
2016-07-21,2380568.0
2016-07-22,2387632.0
2016-07-25,2431614.0
2016-07-26,2425156.0
2016-07-27,2466788.0
2016-07-28,2554912.0
2016-07-29,2538506.0
2016-08-01,2556092.0
2016-08-02,2584700.0
2016-08-03,2609698.0
2016-08-04,2574614.0
2016-08-05,2562504.0
2016-08-08,2648316.0
2016-08-09,2702718.0
2016-08-10,2698238.0
2016-08-11,2705186.0
2016-08-12,2657454.0
2016-08-15,2655436.0
2016-08-16,2649460.0
2016-08-17,2617160.0
2016-08-18,2694886.0
2016-08-19,2731348.0
2016-08-22,2710346.0
2016-08-23,2777424.0
2016-08-24,2813560.0
2016-08-25,2831746.0
2016-08-26,2859478.0
2016-08-29,2874502.0
2016-08-30,2859938.0
2016-08-31,2807242.0
2016-09-01,2845312.0
2016-09-02,2903068.0
2016-09-05,3072858.0
2016-09-06,3123790.0
2016-09-07,3090618.0
2016-09-08,3110034.0
2016-09-09,3081678.0
2016-09-12,3044752.0
2016-09-13,2927016.0
2016-09-14,2910962.0
2016-09-19,3053794.0
2016-09-20,3062296.0
2016-09-21,3137124.0
2016-09-22,3168018.0
2016-09-23,3229094.0
2016-09-26,3229776.0
2016-09-27,3229420.0
2016-09-28,3160874.0
2016-09-29,3123938.0
2016-09-30,3000206.0
2016-10-10,2838086.0
2016-10-11,2844904.0
2016-10-12,2871826.0
2016-10-13,2803062.0
2016-10-14,2825430.0
2016-10-17,2837512.0
2016-10-18,2863328.0
2016-10-19,2896272.0
2016-10-20,2902142.0
2016-10-21,2863462.0
2016-10-24,2874654.0
2016-10-25,2854856.0
2016-10-26,2946402.0
2016-10-27,2974430.0
2016-10-28,2931158.0
2016-10-31,2962486.0
2016-11-01,2906626.0
2016-11-02,2851938.0
2016-11-03,2837838.0
2016-11-04,2738976.0
2016-11-07,2743126.0
2016-11-08,2651600.0
2016-11-09,2574560.0
2016-11-10,2466478.0
2016-11-11,2370958.0
2016-11-14,2118488.0
2016-11-15,2048980.0
2016-11-16,2050706.0
2016-11-17,2060180.0
2016-11-18,2098052.0
2016-11-21,2156446.0
2016-11-22,2207384.0
2016-11-23,2250700.0
2016-11-24,2325886.0
2016-11-25,2323224.0
2016-11-28,2394152.0
2016-11-29,2385142.0
2016-11-30,2364306.0
2016-12-01,2390914.0
2016-12-02,2341950.0
2016-12-05,2326418.0
2016-12-06,2351158.0
2016-12-07,2378636.0
2016-12-08,2355328.0
2016-12-09,2358726.0
2016-12-12,2510682.0
2016-12-13,2513442.0
2016-12-14,2469304.0
2016-12-15,2490132.0
2016-12-16,2571544.0
2016-12-19,2598726.0
2016-12-20,2463746.0
2016-12-21,2478522.0
2016-12-22,2415282.0
2016-12-23,2281132.0
2016-12-26,2227346.0
2016-12-27,2206884.0
2016-12-28,2280322.0
2016-12-29,2333918.0
2016-12-30,2342082.0
2017-01-03,2438980.0
2017-01-04,2594982.0
2017-01-05,2622472.0
2017-01-06,2656074.0
2017-01-09,2732472.0
2017-01-10,2829374.0
2017-01-11,2946668.0
2017-01-12,2950250.0
2017-01-13,2939920.0
2017-01-16,2979320.0
2017-01-17,2963604.0
2017-01-18,3293552.0
2017-01-19,3406712.0
2017-01-20,3410796.0
2017-01-23,3444840.0
2017-01-24,3325292.0
2017-01-25,3197430.0
2017-01-26,3143092.0
2017-02-03,3241166.0
2017-02-06,4273070.0
2017-02-07,4658262.0
2017-02-08,4909612.0
2017-02-09,4935092.0
2017-02-10,4992656.0
2017-02-13,5083242.0
2017-02-14,5024622.0
2017-02-15,4972988.0
2017-02-16,4932558.0
2017-02-17,4793860.0
2017-02-20,4880540.0
2017-02-21,4670258.0
2017-02-22,4628636.0
2017-02-23,4585144.0
2017-02-24,4555072.0
2017-02-27,4603150.0
2017-02-28,4626602.0
2017-03-01,4687952.0
2017-03-02,4777864.0
2017-03-03,4780412.0
2017-03-06,4781048.0
2017-03-07,4641196.0
2017-03-08,4472062.0
2017-03-09,4346652.0
2017-03-10,4184684.0
2017-03-13,4147232.0
2017-03-14,4211988.0
2017-03-15,4252678.0
2017-03-16,4274952.0
2017-03-17,4237372.0
2017-03-20,4272482.0
2017-03-21,4336204.0
2017-03-22,4091830.0
2017-03-23,4006474.0
2017-03-24,4013122.0
2017-03-27,3779130.0
2017-03-28,3807854.0
2017-03-29,3709754.0
2017-03-30,3539676.0
2017-03-31,3430366.0
2017-04-05,3371242.0
2017-04-06,3219254.0
2017-04-07,2981422.0
2017-04-10,2933362.0
2017-04-11,2970706.0
2017-04-12,2834346.0
2017-04-13,2867568.0
2017-04-14,2800688.0
2017-04-17,2752934.0
2017-04-18,2705414.0
2017-04-19,2618418.0
2017-04-20,2566818.0
2017-04-21,2461176.0
2017-04-24,2465326.0
2017-04-25,2450958.0
2017-04-26,2418090.0
2017-04-27,2434554.0
2017-04-28,2372048.0
2017-05-02,2273088.0
2017-05-03,2217768.0
2017-05-04,2229382.0
2017-05-05,2237114.0
2017-05-08,2311026.0
2017-05-09,2330680.0
2017-05-10,2237708.0
2017-05-11,2161478.0
2017-05-12,2181908.0
2017-05-15,2227872.0
2017-05-16,2252634.0
2017-05-17,2227758.0
2017-05-18,2167314.0
2017-05-19,2162362.0
2017-05-22,2282122.0
2017-05-23,2280074.0
2017-05-24,2253838.0
2017-05-25,2253026.0
2017-05-26,2212124.0
2017-05-31,2195482.0
2017-06-01,2168210.0
2017-06-02,2133116.0
2017-06-05,2121062.0
2017-06-06,2077806.0
2017-06-07,2083364.0
2017-06-08,2075222.0
2017-06-09,2324608.0
2017-06-12,2431008.0
2017-06-13,2383888.0
2017-06-14,2426518.0
2017-06-15,2425618.0
2017-06-16,2409720.0
2017-06-19,2362196.0
2017-06-20,2311198.0
2017-06-21,2314224.0
2017-06-22,2258416.0
2017-06-23,2229266.0
2017-06-26,2226222.0
2017-06-27,2191824.0
2017-06-28,2159310.0
2017-06-29,2136352.0
2017-06-30,2080754.0
2017-07-03,2153048.0
2017-07-04,2157490.0
2017-07-05,2170950.0
2017-07-06,2168438.0
2017-07-07,2230130.0
2017-07-10,2222836.0
2017-07-11,2281716.0
2017-07-12,2292476.0
2017-07-13,2299790.0
2017-07-14,2219202.0
2017-07-17,2158946.0
2017-07-18,2151636.0
2017-07-19,2153136.0
2017-07-20,2200932.0
2017-07-21,2177234.0
2017-07-24,2090818.0
2017-07-25,2057702.0
2017-07-26,1971620.0
2017-07-27,1939330.0
2017-07-28,1898478.0
2017-07-31,1951786.0
2017-08-01,1928712.0
2017-08-02,1907614.0
2017-08-03,1874834.0
2017-08-04,1847660.0
2017-08-07,1808624.0
2017-08-08,1772828.0
2017-08-09,1726088.0
2017-08-10,1723506.0
2017-08-11,1679390.0
2017-08-14,1663598.0
2017-08-15,1646882.0
2017-08-16,1640310.0
2017-08-17,1710022.0
2017-08-18,1692340.0
2017-08-21,1647498.0
2017-08-22,1695612.0
2017-08-23,1653734.0
2017-08-24,1629146.0
2017-08-25,1594902.0
2017-08-28,1610942.0
2017-08-29,1557328.0
2017-08-30,1550244.0
2017-08-31,1493530.0
2017-09-01,1503312.0
2017-09-04,1423224.0
2017-09-05,1455208.0
2017-09-06,1481720.0
2017-09-07,1459552.0
2017-09-08,1413144.0
2017-09-11,1390626.0
2017-09-12,1400030.0
2017-09-13,1361156.0
2017-09-14,1407166.0
2017-09-15,1340516.0
2017-09-18,1327334.0
2017-09-19,1335292.0
2017-09-20,1304324.0
2017-09-21,1331010.0
2017-09-22,1361824.0
2017-09-25,1376230.0
2017-09-26,1468678.0
2017-09-27,1423364.0
2017-09-28,1241636.0
2017-09-29,1172644.0
2017-10-09,1235938.0
2017-10-10,1315150.0
2017-10-11,1300118.0
2017-10-12,1289290.0
2017-10-13,1269198.0
2017-10-16,1286950.0
2017-10-17,1287166.0
2017-10-18,1329898.0
2017-10-19,1319132.0
2017-10-20,1370824.0
2017-10-23,1408414.0
2017-10-24,1430432.0
2017-10-25,1344474.0
2017-10-26,1358846.0
2017-10-27,1337194.0
2017-10-30,1419644.0
2017-10-31,1441200.0
2017-11-01,1376362.0
2017-11-02,1372952.0
2017-11-03,1372042.0
2017-11-06,1328182.0
2017-11-07,1279428.0
2017-11-08,1252810.0
2017-11-09,1247604.0
2017-11-10,1222286.0
2017-11-13,1251096.0
2017-11-14,1270172.0
2017-11-15,1249752.0
2017-11-16,1293886.0
2017-11-17,1223604.0
2017-11-20,1189016.0
2017-11-21,1218718.0
2017-11-22,1263766.0
2017-11-23,1254598.0
2017-11-24,1230570.0
2017-11-27,1227294.0
2017-11-28,1219848.0
2017-11-29,1240392.0
2017-11-30,1196750.0
2017-12-01,1174514.0
2017-12-04,1233366.0
2017-12-05,1242790.0
2017-12-06,1306170.0
2017-12-07,1204234.0
2017-12-08,1220710.0
2017-12-11,1219148.0
2017-12-12,1211242.0
2017-12-13,1261674.0
2017-12-14,1297956.0
2017-12-15,1334852.0
2017-12-18,1439124.0
2017-12-19,1367636.0
2017-12-20,1381764.0
2017-12-21,1420512.0
2017-12-22,1414096.0
2017-12-25,1404790.0
2017-12-26,1360536.0
2017-12-27,1383060.0
2017-12-28,1332822.0
2017-12-29,1294084.0
2018-01-02,1296388.0
2018-01-03,1359168.0
2018-01-04,1352286.0
2018-01-05,1382830.0
2018-01-08,1422702.0
2018-01-09,1335468.0
2018-01-10,1380728.0
2018-01-11,1370842.0
2018-01-12,1372688.0
2018-01-15,1432168.0
2018-01-16,1392028.0
2018-01-17,1409618.0
2018-01-18,1367546.0
2018-01-19,1351638.0
2018-01-22,1326848.0
2018-01-23,1350318.0
2018-01-24,1291872.0
2018-01-25,1296774.0
2018-01-26,1253956.0
2018-01-29,1245092.0
2018-01-30,1232142.0
2018-01-31,1220936.0
2018-02-01,1263638.0
2018-02-02,1232500.0
2018-02-05,1324454.0
2018-02-06,1276182.0
2018-02-07,1287590.0
2018-02-08,1259070.0
2018-02-09,1289232.0
2018-02-12,1274818.0
2018-02-13,1213066.0
2018-02-14,1216748.0
2018-02-22,1258262.0
2018-02-23,1313454.0
2018-02-26,1483758.0
2018-02-27,1478730.0
2018-02-28,1528938.0
2018-03-01,1540814.0
2018-03-02,1657750.0
2018-03-05,1718448.0
2018-03-06,1836170.0
2018-03-07,1816406.0
2018-03-08,1831616.0
2018-03-09,1841864.0
2018-03-12,1813532.0
2018-03-13,1816704.0
2018-03-14,1820544.0
2018-03-15,1853508.0
2018-03-16,1875786.0
2018-03-19,1837628.0
2018-03-20,1841268.0
2018-03-21,1895140.0
2018-03-22,1887648.0
2018-03-23,1847026.0
2018-03-26,1857622.0
2018-03-27,1844902.0
2018-03-28,1806092.0
2018-03-29,1808906.0
2018-03-30,1822896.0
2018-04-02,1808046.0
2018-04-03,1777650.0
2018-04-04,1827484.0
2018-04-09,1782878.0
2018-04-10,1716818.0
2018-04-11,1709650.0
2018-04-12,1659764.0
2018-04-13,1645004.0
2018-04-16,1637420.0
2018-04-17,1623408.0
2018-04-18,1634910.0
2018-04-19,1635152.0
2018-04-20,1612458.0
2018-04-23,1594684.0
2018-04-24,1572916.0
2018-04-25,1552418.0
2018-04-26,1529514.0
2018-04-27,1447068.0
2018-05-02,1329062.0
2018-05-03,1276480.0
2018-05-04,1257176.0
2018-05-07,1260686.0
2018-05-08,1234394.0
2018-05-09,1253138.0
2018-05-10,1242682.0
2018-05-11,1235282.0
2018-05-14,1241726.0
2018-05-15,1242506.0
2018-05-16,1263998.0
2018-05-17,1275226.0
2018-05-18,1250734.0
2018-05-21,1322426.0
2018-05-22,1328130.0
2018-05-23,1297262.0
2018-05-24,1416874.0
2018-05-25,1401084.0
2018-05-28,1425484.0
2018-05-29,1469634.0
2018-05-30,1453028.0
2018-05-31,1444050.0
2018-06-01,1418648.0
2018-06-04,1456148.0
2018-06-05,1344248.0
2018-06-06,1336322.0
2018-06-07,1330928.0
2018-06-08,1209846.0
2018-06-11,1192906.0
2018-06-12,1196552.0
2018-06-13,1209324.0
2018-06-14,1241416.0
2018-06-15,1276692.0
2018-06-19,1204418.0
2018-06-20,1217276.0
2018-06-21,1207352.0
2018-06-22,1188900.0
2018-06-25,1216418.0
2018-06-26,1236360.0
2018-06-27,1218570.0
2018-06-28,1226864.0
2018-06-29,1252506.0
2018-07-02,1251602.0
2018-07-03,1247066.0
2018-07-04,1236930.0
2018-07-05,1228820.0
2018-07-06,1207730.0
2018-07-09,1251476.0
2018-07-10,1238924.0
2018-07-11,1229512.0
2018-07-12,1244134.0
2018-07-13,1247582.0
2018-07-16,1340650.0
2018-07-17,1322728.0
2018-07-18,1329108.0
2018-07-19,1318574.0
2018-07-20,1320160.0
2018-07-23,1268524.0
2018-07-24,1270790.0
2018-07-25,1252094.0
2018-07-26,1235696.0
2018-07-27,1208638.0
2018-07-30,1203978.0
2018-07-31,1179408.0
2018-08-01,1165886.0
2018-08-02,1157718.0
2018-08-03,1141132.0
2018-08-06,1214914.0
2018-08-07,1216948.0
2018-08-08,1333744.0
2018-08-09,1344436.0
2018-08-10,1335730.0
2018-08-13,1404786.0
2018-08-14,1388396.0
2018-08-15,1384324.0
2018-08-16,1265564.0
2018-08-17,1208628.0
2018-08-20,1210742.0
2018-08-21,1207600.0
2018-08-22,1224362.0
2018-08-23,1241720.0
2018-08-24,1228568.0
2018-08-27,1245348.0
2018-08-28,1266312.0
2018-08-29,1278754.0
2018-08-30,1259976.0
2018-08-31,1441770.0
2018-09-03,1629050.0
2018-09-04,1676570.0
2018-09-05,1686628.0
2018-09-06,1677742.0
2018-09-07,1649388.0
2018-09-10,1707782.0
2018-09-11,1681220.0
2018-09-12,1548946.0
2018-09-13,1410804.0
2018-09-14,1382622.0
2018-09-17,1351968.0
2018-09-18,1338254.0
2018-09-19,1348366.0
2018-09-20,1361586.0
2018-09-21,1411328.0
2018-09-25,1338618.0
2018-09-26,1341398.0
2018-09-27,1273572.0
2018-09-28,1259312.0
2018-10-08,1347912.0
2018-10-09,1402112.0
2018-10-10,1446318.0
2018-10-11,1463388.0
2018-10-12,1491328.0
2018-10-15,1509742.0
2018-10-16,1530742.0
2018-10-17,1532822.0
2018-10-18,1511208.0
2018-10-19,1555592.0
2018-10-22,1571972.0
2018-10-23,1587788.0
2018-10-24,1587072.0
2018-10-25,1591138.0
2018-10-26,1587596.0
2018-10-29,1667876.0
2018-10-30,1747670.0
2018-10-31,1673160.0
2018-11-01,1660758.0
2018-11-02,1587744.0
2018-11-05,1621418.0
2018-11-06,1593914.0
2018-11-07,1624068.0
2018-11-08,1603802.0
2018-11-09,1673516.0
2018-11-12,1757278.0
2018-11-13,1759612.0
2018-11-14,1719198.0
2018-11-15,1786668.0
2018-11-16,1795180.0
2018-11-19,1808102.0
2018-11-20,1792286.0
2018-11-21,1778386.0
2018-11-22,1799562.0
2018-11-23,1737874.0
2018-11-26,1713006.0
2018-11-27,1598502.0
2018-11-28,1621588.0
2018-11-29,1623282.0
2018-11-30,1643756.0
2018-12-03,1609582.0
2018-12-04,1603854.0
2018-12-05,1595880.0
2018-12-06,1580912.0
2018-12-07,1614818.0
2018-12-10,1639636.0
2018-12-11,1642832.0
2018-12-12,1644160.0
2018-12-13,1621800.0
2018-12-14,1625314.0
2018-12-17,1630760.0
2018-12-18,1676536.0
2018-12-19,1627520.0
2018-12-20,1603152.0
2018-12-21,1577086.0
2018-12-24,1635338.0
2018-12-25,1595540.0
2018-12-26,1587446.0
2018-12-27,1582210.0
2018-12-28,1562082.0
2019-01-02,1516384.0
2019-01-03,1488618.0
2019-01-04,1490722.0
2019-01-07,1516812.0
2019-01-08,1589900.0
2019-01-09,1572904.0
2019-01-10,1573288.0
2019-01-11,1625322.0
2019-01-14,1675214.0
2019-01-15,1687902.0
2019-01-16,1653332.0
2019-01-17,1686242.0
2019-01-18,1695822.0
2019-01-21,1685710.0
2019-01-22,1680184.0
2019-01-23,1654876.0
2019-01-24,1645594.0
2019-01-25,1590930.0
2019-01-28,1530108.0
2019-01-29,1513190.0
2019-01-30,1479084.0
2019-01-31,1440782.0
2019-02-01,1398434.0
2019-02-11,1399458.0
2019-02-12,1421382.0
2019-02-13,1445364.0
2019-02-14,1494640.0
2019-02-15,1501788.0
2019-02-18,1512466.0
2019-02-19,1523026.0
2019-02-20,1577138.0
2019-02-21,1601988.0
2019-02-22,1589414.0
2019-02-25,1614994.0
2019-02-26,1662910.0
2019-02-27,1711326.0
2019-02-28,1764464.0
2019-03-01,1729598.0
2019-03-04,1740500.0
2019-03-05,1783716.0
2019-03-06,1795674.0
2019-03-07,1773012.0
2019-03-08,1779072.0
2019-03-11,1806104.0
2019-03-12,1830872.0
2019-03-13,1870986.0
2019-03-14,1934026.0
2019-03-15,1938606.0
2019-03-18,1980822.0
2019-03-19,2042648.0
2019-03-20,2097466.0
2019-03-21,2180378.0
2019-03-22,2239922.0
2019-03-25,2288844.0
2019-03-26,2292886.0
2019-03-27,2288392.0
2019-03-28,2280402.0
2019-03-29,2298066.0
2019-04-01,2344048.0
2019-04-02,2370178.0
2019-04-03,2423332.0
2019-04-04,2401870.0
2019-04-08,2315084.0
2019-04-09,2260958.0
2019-04-10,2271296.0
2019-04-11,2229496.0
2019-04-12,2328098.0
2019-04-15,2330718.0
2019-04-16,2315382.0
2019-04-17,2300504.0
2019-04-18,2187660.0
2019-04-19,2255542.0
2019-04-22,2311250.0
2019-04-23,2327788.0
2019-04-24,2302438.0
2019-04-25,2305554.0
2019-04-26,2163898.0
2019-04-29,2129386.0
2019-04-30,2041354.0
2019-05-06,1984894.0
2019-05-07,1977052.0
2019-05-08,1978270.0
2019-05-09,1983842.0
2019-05-10,1932910.0
2019-05-13,1966590.0
2019-05-14,1869524.0
2019-05-15,1921834.0
2019-05-16,1989808.0
2019-05-17,2009660.0
2019-05-20,2035338.0
2019-05-21,1984280.0
2019-05-22,1924038.0
2019-05-23,1884016.0
2019-05-24,1778986.0
2019-05-27,1822118.0
2019-05-28,1841662.0
2019-05-29,1862234.0
2019-05-30,1772746.0
2019-05-31,1660490.0
2019-06-03,1669798.0
2019-06-04,1830708.0
2019-06-05,1805066.0
2019-06-06,1791708.0
2019-06-10,1832380.0
2019-06-11,1878296.0
2019-06-12,1916922.0
2019-06-13,1921874.0
2019-06-14,1988912.0
2019-06-17,2032430.0
2019-06-18,2051582.0
2019-06-19,1981924.0
2019-06-20,1924120.0
2019-06-21,1985302.0
2019-06-24,2028078.0
2019-06-25,2044670.0
2019-06-26,2036072.0
2019-06-27,2041596.0
2019-06-28,2139316.0
2019-07-01,2014136.0
2019-07-02,1973194.0
2019-07-03,1930220.0
2019-07-04,1922854.0
2019-07-05,1948116.0
2019-07-08,1953398.0
2019-07-09,1979078.0
2019-07-10,1941734.0
2019-07-11,1946934.0
2019-07-12,1952894.0
2019-07-15,1961304.0
2019-07-16,1943006.0
2019-07-17,1928912.0
2019-07-18,1915408.0
2019-07-19,1921656.0
2019-07-22,1972962.0
2019-07-23,1924148.0
2019-07-24,1898806.0
2019-07-25,1895362.0
2019-07-26,1911300.0
2019-07-29,1938714.0
2019-07-30,1951144.0
2019-07-31,1939256.0
2019-08-01,1941286.0
2019-08-02,1855714.0
2019-08-05,1820772.0
2019-08-06,1781150.0
2019-08-07,1809830.0
2019-08-08,1885898.0
2019-08-09,1778778.0
2019-08-12,1787378.0
2019-08-13,1761558.0
2019-08-14,1768458.0
2019-08-15,1749202.0
2019-08-16,1756020.0
2019-08-19,1768694.0
2019-08-20,1741566.0
2019-08-21,1801034.0
2019-08-22,1847118.0
2019-08-23,1875568.0
2019-08-26,1845892.0
2019-08-27,1798284.0
2019-08-28,1796684.0
2019-08-29,1817704.0
2019-08-30,1822158.0
2019-09-02,1789258.0
2019-09-03,1812750.0
2019-09-04,1817756.0
2019-09-05,1849914.0
2019-09-06,1791986.0
2019-09-09,1806940.0
2019-09-10,1816922.0
2019-09-11,1822008.0
2019-09-12,1744694.0
2019-09-16,1772850.0
2019-09-17,1848718.0
2019-09-18,1872016.0
2019-09-19,1863014.0
2019-09-20,1905144.0
2019-09-23,1906600.0
2019-09-24,1850256.0
2019-09-25,1788658.0
2019-09-26,1798296.0
2019-09-27,1714242.0
2019-09-30,1699260.0
2019-10-08,1853690.0
2019-10-09,2080578.0
2019-10-10,2148592.0
2019-10-11,2211574.0
2019-10-14,2172472.0
2019-10-15,2150640.0
2019-10-16,2158092.0
2019-10-17,2125688.0
2019-10-18,2207258.0
2019-10-21,2207376.0
2019-10-22,2257178.0
2019-10-23,2208684.0
2019-10-24,2258650.0
2019-10-25,2277440.0
2019-10-28,2340350.0
2019-10-29,2453190.0
2019-10-30,2532024.0
2019-10-31,2648626.0
2019-11-01,2673414.0
2019-11-04,2675250.0
2019-11-05,2663958.0
2019-11-06,2688226.0
2019-11-07,2719022.0
2019-11-08,2863262.0
2019-11-11,2863002.0
2019-11-12,2780122.0
2019-11-13,2800644.0
2019-11-14,2823938.0
2019-11-15,2759898.0
2019-11-18,2826292.0
2019-11-19,2824530.0
2019-11-20,2824686.0
2019-11-21,2791456.0
2019-11-22,2750428.0
2019-11-25,2728752.0
2019-11-26,2704860.0
2019-11-27,2702500.0
2019-11-28,2678314.0
2019-11-29,2652396.0
2019-12-02,2596072.0
2019-12-03,2529348.0
2019-12-04,2513136.0
2019-12-05,2499988.0
2019-12-06,2432080.0
2019-12-09,2423952.0
2019-12-10,2397184.0
2019-12-11,2381980.0
2019-12-12,2357996.0
2019-12-13,2273632.0
2019-12-16,2301350.0
2019-12-17,2297036.0
2019-12-18,2270420.0
2019-12-19,2253918.0
2019-12-20,2239130.0
2019-12-23,2200776.0
2019-12-24,2210830.0
2019-12-25,2294798.0
2019-12-26,2380980.0
2019-12-27,2370648.0
2019-12-30,2361372.0
2019-12-31,2362444.0
2020-01-02,1206575.0
2020-01-03,1219657.0
2020-01-06,1193795.0
2020-01-07,1248696.0
2020-01-08,1235416.0
2020-01-09,1228935.0
2020-01-10,1205209.0
2020-01-13,1192964.0
2020-01-14,1187550.0
2020-01-15,1188303.0
2020-01-16,1247049.0
2020-01-17,1241015.0
2020-01-20,1203748.0
2020-01-21,1124521.0
2020-01-22,989653.0
2020-01-23,937309.0
2020-02-03,874100.0
2020-02-04,878849.0
2020-02-05,834861.0
2020-02-06,872759.0
2020-02-07,921803.0
2020-02-10,879663.0
2020-02-11,879122.0
2020-02-12,901909.0
2020-02-13,896004.0
2020-02-14,874822.0
2020-02-17,928683.0
2020-02-18,920780.0
2020-02-19,953096.0
2020-02-20,973765.0
2020-02-21,990437.0
2020-02-24,976531.0
2020-02-25,976691.0
2020-02-26,991538.0
2020-02-27,1021834.0
2020-02-28,985941.0
2020-03-02,1015728.0
2020-03-03,1014830.0
2020-03-04,1008308.0
2020-03-05,1025267.0
2020-03-06,991736.0
2020-03-09,948620.0
2020-03-10,1043394.0
2020-03-11,1154972.0
2020-03-12,1111202.0
2020-03-13,1100898.0
2020-03-16,1083414.0
2020-03-17,1004438.0
2020-03-18,954474.0
2020-03-19,913879.0
2020-03-20,931106.0
2020-03-23,1009034.0
2020-03-24,977437.0
2020-03-25,1066199.0
2020-03-26,1064518.0
2020-03-27,1133834.0
2020-03-30,1194388.0
2020-03-31,1168053.0
2020-04-01,1140109.0
2020-04-02,1115667.0
2020-04-03,1106121.0
2020-04-07,1111447.0
2020-04-08,1164636.0
2020-04-09,1168917.0
2020-04-10,1154495.0
2020-04-13,1150135.0
2020-04-14,1145731.0
2020-04-15,1212248.0
2020-04-16,1170269.0
2020-04-17,1182866.0
2020-04-20,1184432.0
2020-04-21,1136699.0
2020-04-22,1137091.0
2020-04-23,1182428.0
2020-04-24,1188149.0
2020-04-27,1224286.0
2020-04-28,1207167.0
2020-04-29,1176582.0
2020-04-30,1084513.0
2020-05-06,1088734.0
2020-05-07,1083409.0
2020-05-08,1081807.0
2020-05-11,1051140.0
2020-05-12,1035359.0
2020-05-13,1009472.0
2020-05-14,1005006.0
2020-05-15,951221.0
2020-05-18,965634.0
2020-05-19,974651.0
2020-05-20,981222.0
2020-05-21,975312.0
2020-05-22,982245.0
2020-05-25,993461.0
2020-05-26,999777.0
2020-05-27,990558.0
2020-05-28,1021429.0
2020-05-29,1009563.0
2020-06-01,982686.0
2020-06-02,1000585.0
2020-06-03,988194.0
2020-06-04,971969.0
2020-06-05,1010226.0
2020-06-08,990428.0
2020-06-09,1017324.0
2020-06-10,1070217.0
2020-06-11,1088103.0
2020-06-12,1068815.0
2020-06-15,1121177.0
2020-06-16,1115947.0
2020-06-17,1125381.0
2020-06-18,1139113.0
2020-06-19,1129546.0
2020-06-22,1158025.0
2020-06-23,1109746.0
2020-06-24,1133298.0
2020-06-29,1191955.0
2020-06-30,1174626.0
2020-07-01,1175990.0
2020-07-02,1138312.0
2020-07-03,1153959.0
2020-07-06,1171347.0
2020-07-07,1174507.0
2020-07-08,1172010.0
2020-07-09,1217154.0
2020-07-10,1224430.0
2020-07-13,1225977.0
2020-07-14,1202483.0
2020-07-15,1230917.0
2020-07-16,1256504.0
2020-07-17,1281184.0
2020-07-20,1331046.0
2020-07-21,1299338.0
2020-07-22,1311436.0
2020-07-23,1400405.0
2020-07-24,1449777.0
2020-07-27,1451789.0
2020-07-28,1473214.0
2020-07-29,1501595.0
2020-07-30,1552947.0
2020-07-31,1561328.0
2020-08-03,1576078.0
2020-08-04,1581663.0
2020-08-05,1558313.0
2020-08-06,1582773.0
2020-08-07,1528626.0
2020-08-10,1510976.0
2020-08-11,1514060.0
2020-08-12,1507003.0
2020-08-13,1511561.0
2020-08-14,1660189.0
2020-08-17,1673367.0
2020-08-18,1668978.0
2020-08-19,1658332.0
2020-08-20,1706914.0
2020-08-21,1665817.0
2020-08-24,1687430.0
2020-08-25,1696790.0
2020-08-26,1723820.0
2020-08-27,1736668.0
2020-08-28,1711279.0
2020-08-31,1702282.0
2020-09-01,1715511.0
2020-09-02,1740570.0
2020-09-03,1685967.0
2020-09-04,1722069.0
2020-09-07,1863506.0
2020-09-08,1863251.0
2020-09-09,1883631.0
2020-09-10,1963715.0
2020-09-11,2028222.0
2020-09-14,2018903.0
2020-09-15,1981725.0
2020-09-16,2015201.0
2020-09-17,2085462.0
2020-09-18,2246119.0
2020-09-21,2241683.0
2020-09-22,2237183.0
2020-09-23,2082739.0
2020-09-24,2071698.0
2020-09-25,2054747.0
2020-09-28,2058385.0
2020-09-29,2056845.0
2020-09-30,2049563.0
2020-10-09,2128033.0
2020-10-12,2153515.0
2020-10-13,2173712.0
2020-10-14,2156147.0
2020-10-15,2161978.0
2020-10-16,2218750.0
2020-10-19,2177258.0
2020-10-20,2204622.0
2020-10-21,2217737.0
2020-10-22,2194813.0
2020-10-23,2157748.0
2020-10-26,2153767.0
2020-10-27,2131275.0
2020-10-28,2170719.0
2020-10-29,2161396.0
2020-10-30,2168536.0
2020-11-02,2011174.0
2020-11-03,1977961.0
2020-11-04,1970744.0
2020-11-05,1947002.0
2020-11-06,1925723.0
2020-11-09,1885588.0
2020-11-10,1890001.0
2020-11-11,1874462.0
2020-11-12,1861264.0
2020-11-13,1842363.0
2020-11-16,1873402.0
2020-11-17,1871226.0
2020-11-18,1884748.0
2020-11-19,1901170.0
2020-11-20,1883154.0
2020-11-23,1893256.0
2020-11-24,1848783.0
2020-11-25,1863166.0
2020-11-26,1875474.0
2020-11-27,1850934.0
2020-11-30,1830522.0
2020-12-01,1836417.0
2020-12-02,1764403.0
2020-12-03,1745486.0
2020-12-04,1717179.0
2020-12-07,1706911.0
2020-12-08,1725422.0
2020-12-09,1694907.0
2020-12-10,1645605.0
2020-12-11,1613355.0
2020-12-14,1563745.0
2020-12-15,1561402.0
2020-12-16,1539861.0
2020-12-17,1540989.0
2020-12-18,1530697.0
2020-12-21,1498540.0
2020-12-22,1512642.0
2020-12-23,1549409.0
2020-12-24,1533911.0
2020-12-25,1564131.0
2020-12-28,1577955.0
2020-12-29,1530110.0
2020-12-30,1562713.0
2020-12-31,1556234.0
2021-01-04,1519854.0
2021-01-05,1550599.0
2021-01-06,1579551.0
2021-01-07,1557233.0
2021-01-08,1584954.0
2021-01-11,1546100.0
2021-01-12,1564963.0
2021-01-13,1552284.0
2021-01-14,1542639.0
2021-01-15,1559106.0
2021-01-18,1589473.0
2021-01-19,1587687.0
2021-01-20,1566389.0
2021-01-21,1565222.0
2021-01-22,1554989.0
2021-01-25,1525957.0
2021-01-26,1524490.0
2021-01-27,1541575.0
2021-01-28,1553574.0
2021-01-29,1572159.0
2021-02-01,1565376.0
2021-02-02,1570382.0
2021-02-03,1557121.0
2021-02-04,1556755.0
2021-02-05,1582977.0
2021-02-08,1533017.0
2021-02-09,1519092.0
2021-02-10,1478722.0
2021-02-18,1495573.0
2021-02-19,1508730.0
2021-02-22,1426125.0
2021-02-23,1400095.0
2021-02-24,1415606.0
2021-02-25,1402195.0
2021-02-26,1354828.0
2021-03-01,1319358.0
2021-03-02,1302115.0
2021-03-03,1303022.0
2021-03-04,1292217.0
2021-03-05,1258163.0
2021-03-08,1224201.0
2021-03-09,1149488.0
2021-03-10,1211923.0
2021-03-11,1215401.0
2021-03-12,1209084.0
2021-03-15,1194930.0
2021-03-16,1178751.0
2021-03-17,1174634.0
2021-03-18,1183371.0
2021-03-19,1186071.0
2021-03-22,1156377.0
2021-03-23,1145029.0
2021-03-24,1142864.0
2021-03-25,1115458.0
2021-03-26,1106599.0
2021-03-29,1185935.0
2021-03-30,1193002.0
2021-03-31,1187765.0
2021-04-01,1150454.0
2021-04-02,1153965.0
2021-04-06,1101525.0
2021-04-07,1063381.0
2021-04-08,1059248.0
2021-04-09,1072844.0
2021-04-12,1076640.0
2021-04-13,1058122.0
2021-04-14,1053085.0
2021-04-15,1049386.0
2021-04-16,1075641.0
2021-04-19,1086102.0
2021-04-20,1077431.0
2021-04-21,1078759.0
2021-04-22,1053348.0
2021-04-23,1053570.0
2021-04-26,1040955.0
2021-04-27,1031733.0
2021-04-28,1027524.0
2021-04-29,1013967.0
2021-04-30,964010.0
2021-05-06,952416.0
2021-05-07,1002558.0
2021-05-10,976599.0
2021-05-11,986312.0
2021-05-12,1017844.0
2021-05-13,954511.0
2021-05-14,954389.0
2021-05-17,947336.0
2021-05-18,952305.0
2021-05-19,950888.0
2021-05-20,948552.0
2021-05-21,949887.0
2021-05-24,931496.0
2021-05-25,935261.0
2021-05-26,1023405.0
2021-05-27,1034941.0
2021-05-28,1023942.0
2021-05-31,1036667.0
2021-06-01,1028531.0
2021-06-02,998370.0
2021-06-03,990815.0
2021-06-04,988253.0
2021-06-07,979378.0
2021-06-08,990395.0
2021-06-09,983035.0
2021-06-10,979765.0
2021-06-11,985560.0
2021-06-15,940647.0
2021-06-16,975726.0
2021-06-17,989341.0
2021-06-18,1038447.0
2021-06-21,1088069.0
2021-06-22,1081296.0
2021-06-23,1075008.0
2021-06-24,1096815.0
2021-06-25,1109092.0
2021-06-28,1089728.0
2021-06-29,1062698.0
2021-06-30,1052995.0
2021-07-01,1074353.0
2021-07-02,1043235.0
2021-07-05,1073704.0
2021-07-06,1098484.0
2021-07-07,1125470.0
2021-07-08,1156962.0
2021-07-09,1185238.0
2021-07-12,1211863.0
2021-07-13,1177101.0
2021-07-14,1165004.0
2021-07-15,1141250.0
2021-07-16,1120430.0
2021-07-19,1198790.0
2021-07-20,1225823.0
2021-07-21,1256103.0
2021-07-22,1268163.0
2021-07-23,1240321.0
2021-07-26,1202830.0
2021-07-27,1139884.0
2021-07-28,1118645.0
2021-07-29,1107285.0
2021-07-30,1108221.0
2021-08-02,1088335.0
2021-08-03,1094660.0
2021-08-04,1087799.0
2021-08-05,1084439.0
2021-08-06,1081439.0
2021-08-09,1075063.0
2021-08-10,1089465.0
2021-08-11,1072667.0
2021-08-12,1066226.0
2021-08-13,1089346.0
2021-08-16,1091437.0
2021-08-17,1076885.0
2021-08-18,1081576.0
2021-08-19,1070490.0
2021-08-20,1189871.0
2021-08-23,1231749.0
2021-08-24,1231276.0
2021-08-25,1249366.0
2021-08-26,1258054.0
2021-08-27,1304373.0
2021-08-30,1316938.0
2021-08-31,1304576.0
2021-09-01,1353077.0
2021-09-02,1280426.0
2021-09-03,1255060.0
2021-09-06,1333493.0
2021-09-07,1364805.0
2021-09-08,1355874.0
2021-09-09,1370366.0
2021-09-10,1413049.0
2021-09-13,1372091.0
2021-09-14,1425716.0
2021-09-15,1391869.0
2021-09-16,1481624.0
2021-09-17,1472811.0
2021-09-22,1425694.0
2021-09-23,1413677.0
2021-09-24,1400865.0
2021-09-27,1378186.0
2021-09-28,1359528.0
2021-09-29,1296271.0
2021-09-30,1232792.0
2021-10-08,1234667.0
2021-10-11,1262818.0
2021-10-12,1247759.0
2021-10-13,1264278.0
2021-10-14,1232516.0
2021-10-15,1266391.0
2021-10-18,1254819.0
2021-10-19,1280102.0
2021-10-20,1274377.0
2021-10-21,1275250.0
2021-10-22,1241044.0
2021-10-25,1228563.0
2021-10-26,1218974.0
2021-10-27,1220307.0
2021-10-28,1155065.0
2021-10-29,1203509.0
2021-11-01,1173839.0
2021-11-02,1217732.0
2021-11-03,1219445.0
2021-11-04,1276658.0
2021-11-05,1279201.0
2021-11-08,1314030.0
2021-11-09,1345369.0
2021-11-10,1363852.0
2021-11-11,1347244.0
2021-11-12,1328525.0
2021-11-15,1353545.0
2021-11-16,1383226.0
2021-11-17,1401391.0
2021-11-18,1394531.0
2021-11-19,1431200.0
2021-11-22,1415748.0
2021-11-23,1389578.0
2021-11-24,1390327.0
2021-11-25,1391858.0
2021-11-26,1369802.0
2021-11-29,1392162.0
2021-11-30,1381519.0
2021-12-01,1397943.0
2021-12-02,1451296.0
2021-12-03,1439811.0
2021-12-06,1465758.0
2021-12-07,1449469.0
2021-12-08,1460377.0
2021-12-09,1442103.0
2021-12-10,1431440.0
2021-12-13,1549351.0
2021-12-14,1542533.0
2021-12-15,1572290.0
2021-12-16,1539731.0
2021-12-17,1524562.0
2021-12-20,1507868.0
2021-12-21,1480483.0
2021-12-22,1481234.0
2021-12-23,1432766.0
2021-12-24,1425950.0
2021-12-27,1430893.0
2021-12-28,1450987.0
2021-12-29,1484832.0
2021-12-30,1487903.0
2021-12-31,1464172.0
2022-01-04,1410355.0
2022-01-05,1415217.0
2022-01-06,1415253.0
2022-01-07,1439660.0
2022-01-10,1409501.0
2022-01-11,1387139.0
2022-01-12,1456488.0
2022-01-13,1464737.0
2022-01-14,1493168.0
2022-01-17,1492641.0
2022-01-18,1501598.0
2022-01-19,1547334.0
2022-01-20,1612099.0
2022-01-21,1586540.0
2022-01-24,1571275.0
2022-01-25,1606348.0
2022-01-26,1634971.0
2022-01-27,1615018.0
2022-01-28,1558273.0
2022-02-07,1560637.0
2022-02-08,1622432.0
2022-02-09,1604825.0
2022-02-10,1636582.0
2022-02-11,1616972.0
2022-02-14,1611010.0
2022-02-15,1625921.0
2022-02-16,1627090.0
2022-02-17,1629157.0
2022-02-18,1620362.0
2022-02-21,1633399.0
2022-02-22,1649319.0
2022-02-23,1712113.0
2022-02-24,1769186.0
2022-02-25,1784175.0
2022-02-28,1804874.0
2022-03-01,1859771.0
2022-03-02,1878963.0
2022-03-03,1876857.0
2022-03-04,1894929.0
2022-03-07,1958492.0
2022-03-08,1908184.0
2022-03-09,1865970.0
2022-03-10,1764258.0
2022-03-11,1762206.0
2022-03-14,1716636.0
2022-03-15,1718517.0
2022-03-16,1733901.0
2022-03-17,1728529.0
2022-03-18,1801232.0
2022-03-21,1821507.0
2022-03-22,1886043.0
2022-03-23,1917734.0
2022-03-24,1961459.0
2022-03-25,1963756.0
2022-03-28,1921883.0
2022-03-29,1900112.0
2022-03-30,1810800.0
2022-03-31,1798374.0
2022-04-01,1717928.0
2022-04-06,1791302.0
2022-04-07,1776038.0
2022-04-08,1766664.0
2022-04-11,1792405.0
2022-04-12,1780037.0
2022-04-13,1791621.0
2022-04-14,1859979.0
2022-04-15,1891631.0
2022-04-18,1914365.0
2022-04-19,1973376.0
2022-04-20,2015892.0
2022-04-21,2039489.0
2022-04-22,2000949.0
2022-04-25,1932527.0
2022-04-26,1945922.0
2022-04-27,1925848.0
2022-04-28,1989998.0
2022-04-29,2000567.0
2022-05-05,1903103.0
2022-05-06,1857849.0
2022-05-09,1840408.0
2022-05-10,1740186.0
2022-05-11,1759926.0
2022-05-12,1770290.0
2022-05-13,1795334.0
2022-05-16,1808151.0
2022-05-17,1849366.0
2022-05-18,1833918.0
2022-05-19,1810308.0
2022-05-20,1818813.0
2022-05-23,1811958.0
2022-05-24,1771734.0
2022-05-25,1746837.0
2022-05-26,1727643.0
2022-05-27,1734927.0
2022-05-30,1776886.0
2022-05-31,1796676.0
2022-06-01,1834483.0
2022-06-02,1822780.0
2022-06-06,1802720.0
2022-06-07,1813714.0
2022-06-08,1857026.0
2022-06-09,1883281.0
2022-06-10,1881943.0
2022-06-13,1833932.0
2022-06-14,1812057.0
2022-06-15,1843006.0
2022-06-16,1832799.0
2022-06-17,1805568.0
2022-06-20,1774975.0
2022-06-21,1753687.0
2022-06-22,1693398.0
2022-06-23,1630015.0
2022-06-24,1642810.0
2022-06-27,1626445.0
2022-06-28,1606871.0
2022-06-29,1605127.0
2022-06-30,1620938.0
2022-07-01,1612679.0
2022-07-04,1597290.0
2022-07-05,1618768.0
2022-07-06,1589949.0
2022-07-07,1582078.0
2022-07-08,1594118.0
2022-07-11,1563185.0
2022-07-12,1556029.0
2022-07-13,1553865.0
2022-07-14,1550965.0
2022-07-15,1557624.0
2022-07-18,1561666.0
2022-07-19,1615193.0
2022-07-20,1578531.0
2022-07-21,1595426.0
2022-07-22,1604585.0
2022-07-25,1580072.0
2022-07-26,1552950.0
2022-07-27,1540579.0
2022-07-28,1514128.0
2022-07-29,1513909.0
2022-08-01,1493643.0
2022-08-02,1449210.0
2022-08-03,1447408.0
2022-08-04,1473793.0
2022-08-05,1483758.0
2022-08-08,1440388.0
2022-08-09,1435721.0
2022-08-10,1426622.0
2022-08-11,1414094.0
2022-08-12,1392415.0
2022-08-15,1398380.0
2022-08-16,1399067.0
2022-08-17,1404464.0
2022-08-18,1405926.0
2022-08-19,1409432.0
2022-08-22,1422139.0
2022-08-23,1410616.0
2022-08-24,1408369.0
2022-08-25,1407640.0
2022-08-26,1417739.0
2022-08-29,1463164.0
2022-08-30,1456585.0
2022-08-31,1441968.0
2022-09-01,1415278.0
2022-09-02,1394566.0
2022-09-05,1400519.0
2022-09-06,1423718.0
2022-09-07,1399888.0
2022-09-08,1389194.0
2022-09-09,1384631.0
2022-09-13,1391807.0
2022-09-14,1385239.0
2022-09-15,1385730.0
2022-09-16,1368956.0
2022-09-19,1374167.0
2022-09-20,1360986.0
2022-09-21,1363047.0
2022-09-22,1365392.0
2022-09-23,1349981.0
2022-09-26,1340107.0
2022-09-27,1346283.0
2022-09-28,1358136.0
2022-09-29,1356925.0
2022-09-30,1335498.0
2022-10-10,1308306.0
2022-10-11,1304683.0
2022-10-12,1288155.0
2022-10-13,1296088.0
2022-10-14,1315531.0
2022-10-17,1310730.0
2022-10-18,1299898.0
2022-10-19,1311296.0
2022-10-20,1332821.0
2022-10-21,1377351.0
2022-10-24,1371114.0
2022-10-25,1353845.0
2022-10-26,1359181.0
2022-10-27,1384900.0
2022-10-28,1380371.0
2022-10-31,1390251.0
2022-11-01,1395878.0
2022-11-02,1413668.0
2022-11-03,1406307.0
2022-11-04,1387459.0
2022-11-07,1398918.0
2022-11-08,1412692.0
2022-11-09,1404606.0
2022-11-10,1418092.0
2022-11-11,1409253.0
