trading_date,CS_total_oi
2014-12-19,7240.0
2014-12-22,10660.0
2014-12-23,11306.0
2014-12-24,10454.0
2014-12-25,11334.0
2014-12-26,11632.0
2014-12-29,11162.0
2014-12-30,10906.0
2014-12-31,10148.0
2015-01-05,12268.0
2015-01-06,17486.0
2015-01-07,15496.0
2015-01-08,15668.0
2015-01-09,16404.0
2015-01-12,16120.0
2015-01-13,16782.0
2015-01-14,15844.0
2015-01-15,15866.0
2015-01-16,15218.0
2015-01-19,14024.0
2015-01-20,14198.0
2015-01-21,14082.0
2015-01-22,15532.0
2015-01-23,16202.0
2015-01-26,16026.0
2015-01-27,15872.0
2015-01-28,17048.0
2015-01-29,17964.0
2015-01-30,18170.0
2015-02-02,18290.0
2015-02-03,18844.0
2015-02-04,19702.0
2015-02-05,25956.0
2015-02-06,25430.0
2015-02-09,32114.0
2015-02-10,36340.0
2015-02-11,36076.0
2015-02-12,32900.0
2015-02-13,33622.0
2015-02-16,32378.0
2015-02-17,30594.0
2015-02-25,30668.0
2015-02-26,30626.0
2015-02-27,32236.0
2015-03-02,33138.0
2015-03-03,28890.0
2015-03-04,34654.0
2015-03-05,30918.0
2015-03-06,29624.0
2015-03-09,32270.0
2015-03-10,55144.0
2015-03-11,64022.0
2015-03-12,62720.0
2015-03-13,67326.0
2015-03-16,73230.0
2015-03-17,74370.0
2015-03-18,61922.0
2015-03-19,60244.0
2015-03-20,61922.0
2015-03-23,60096.0
2015-03-24,68086.0
2015-03-25,67574.0
2015-03-26,71098.0
2015-03-27,75434.0
2015-03-30,75498.0
2015-03-31,71432.0
2015-04-01,61470.0
2015-04-02,60948.0
2015-04-03,57680.0
2015-04-07,56036.0
2015-04-08,56032.0
2015-04-09,56476.0
2015-04-10,47868.0
2015-04-13,48908.0
2015-04-14,45432.0
2015-04-15,45036.0
2015-04-16,42644.0
2015-04-17,39216.0
2015-04-20,38634.0
2015-04-21,38882.0
2015-04-22,37560.0
2015-04-23,37992.0
2015-04-24,38698.0
2015-04-27,38966.0
2015-04-28,38456.0
2015-04-29,37698.0
2015-04-30,38240.0
2015-05-04,40020.0
2015-05-05,37846.0
2015-05-06,35416.0
2015-05-07,36754.0
2015-05-08,34214.0
2015-05-11,33452.0
2015-05-12,34344.0
2015-05-13,35824.0
2015-05-14,34970.0
2015-05-15,36950.0
2015-05-18,34648.0
2015-05-19,35224.0
2015-05-20,34058.0
2015-05-21,33154.0
2015-05-22,32376.0
2015-05-25,30544.0
2015-05-26,30372.0
2015-05-27,32640.0
2015-05-28,31874.0
2015-05-29,29870.0
2015-06-01,30032.0
2015-06-02,29526.0
2015-06-03,29348.0
2015-06-04,31146.0
2015-06-05,33450.0
2015-06-08,38220.0
2015-06-09,38902.0
2015-06-10,38736.0
2015-06-11,37410.0
2015-06-12,38952.0
2015-06-15,44746.0
2015-06-16,46616.0
2015-06-17,46100.0
2015-06-18,44992.0
2015-06-19,43948.0
2015-06-23,42970.0
2015-06-24,41692.0
2015-06-25,44684.0
2015-06-26,41862.0
2015-06-29,42420.0
2015-06-30,41606.0
2015-07-01,40182.0
2015-07-02,40288.0
2015-07-03,40084.0
2015-07-06,39474.0
2015-07-07,39230.0
2015-07-08,43018.0
2015-07-09,34346.0
2015-07-10,34966.0
2015-07-13,35052.0
2015-07-14,35562.0
2015-07-15,35512.0
2015-07-16,37970.0
2015-07-17,40090.0
2015-07-20,37486.0
2015-07-21,38940.0
2015-07-22,39380.0
2015-07-23,39168.0
2015-07-24,39236.0
2015-07-27,41820.0
2015-07-28,43454.0
2015-07-29,43042.0
2015-07-30,44408.0
2015-07-31,44094.0
2015-08-03,46686.0
2015-08-04,46978.0
2015-08-05,48248.0
2015-08-06,48912.0
2015-08-07,49868.0
2015-08-10,58284.0
2015-08-11,57072.0
2015-08-12,62836.0
2015-08-13,55360.0
2015-08-14,50356.0
2015-08-17,50676.0
2015-08-18,50446.0
2015-08-19,51442.0
2015-08-20,52636.0
2015-08-21,53364.0
2015-08-24,51146.0
2015-08-25,52106.0
2015-08-26,53210.0
2015-08-27,56268.0
2015-08-28,54978.0
2015-08-31,57456.0
2015-09-01,58660.0
2015-09-02,61954.0
2015-09-07,70872.0
2015-09-08,69494.0
2015-09-09,84810.0
2015-09-10,99104.0
2015-09-11,100986.0
2015-09-14,106624.0
2015-09-15,109904.0
2015-09-16,106278.0
2015-09-17,110546.0
2015-09-18,125806.0
2015-09-21,129182.0
2015-09-22,140492.0
2015-09-23,142824.0
2015-09-24,143904.0
2015-09-25,149358.0
2015-09-28,145884.0
2015-09-29,145786.0
2015-09-30,156698.0
2015-10-08,182578.0
2015-10-09,182724.0
2015-10-12,206540.0
2015-10-13,269022.0
2015-10-14,323790.0
2015-10-15,330354.0
2015-10-16,334284.0
2015-10-19,372948.0
2015-10-20,374858.0
2015-10-21,381982.0
2015-10-22,438508.0
2015-10-23,446724.0
2015-10-26,460396.0
2015-10-27,483596.0
2015-10-28,504968.0
2015-10-29,510810.0
2015-10-30,520738.0
2015-11-02,517062.0
2015-11-03,487116.0
2015-11-04,453620.0
2015-11-05,493928.0
2015-11-06,579144.0
2015-11-09,608864.0
2015-11-10,647144.0
2015-11-11,680498.0
2015-11-12,688514.0
2015-11-13,592558.0
2015-11-16,665350.0
2015-11-17,683532.0
2015-11-18,723388.0
2015-11-19,696052.0
2015-11-20,667140.0
2015-11-23,699202.0
2015-11-24,696506.0
2015-11-25,726880.0
2015-11-26,708454.0
2015-11-27,732662.0
2015-11-30,784910.0
2015-12-01,784004.0
2015-12-02,782602.0
2015-12-03,793782.0
2015-12-04,797666.0
2015-12-07,764552.0
2015-12-08,717764.0
2015-12-09,745854.0
2015-12-10,739014.0
2015-12-11,717698.0
2015-12-14,724484.0
2015-12-15,683472.0
2015-12-16,699304.0
2015-12-17,721328.0
2015-12-18,681424.0
2015-12-21,672156.0
2015-12-22,661696.0
2015-12-23,656150.0
2015-12-24,674410.0
2015-12-25,716494.0
2015-12-28,816504.0
2015-12-29,804536.0
2015-12-30,775190.0
2015-12-31,760252.0
2016-01-04,773760.0
2016-01-05,760908.0
2016-01-06,764222.0
2016-01-07,819520.0
2016-01-08,833364.0
2016-01-11,825482.0
2016-01-12,812744.0
2016-01-13,821466.0
2016-01-14,877254.0
2016-01-15,803034.0
2016-01-18,758228.0
2016-01-19,789782.0
2016-01-20,802830.0
2016-01-21,794120.0
2016-01-22,754314.0
2016-01-25,785634.0
2016-01-26,760218.0
2016-01-27,736672.0
2016-01-28,754058.0
2016-01-29,723512.0
2016-02-01,723266.0
2016-02-02,718590.0
2016-02-03,706944.0
2016-02-04,674560.0
2016-02-05,669748.0
2016-02-15,669900.0
2016-02-16,684824.0
2016-02-17,767382.0
2016-02-18,835556.0
2016-02-19,843284.0
2016-02-22,824316.0
2016-02-23,865222.0
2016-02-24,850764.0
2016-02-25,830624.0
2016-02-26,828544.0
2016-02-29,909482.0
2016-03-01,800454.0
2016-03-02,755318.0
2016-03-03,741368.0
2016-03-04,678274.0
2016-03-07,630606.0
2016-03-08,609162.0
2016-03-09,597272.0
2016-03-10,608392.0
2016-03-11,580474.0
2016-03-14,629388.0
2016-03-15,646878.0
2016-03-16,682912.0
2016-03-17,668506.0
2016-03-18,543338.0
2016-03-21,518906.0
2016-03-22,482578.0
2016-03-23,493718.0
2016-03-24,431750.0
2016-03-25,440722.0
2016-03-28,440416.0
2016-03-29,421952.0
2016-03-30,412334.0
2016-03-31,435810.0
2016-04-01,433462.0
2016-04-05,412510.0
2016-04-06,395854.0
2016-04-07,415888.0
2016-04-08,416266.0
2016-04-11,412176.0
2016-04-12,409354.0
2016-04-13,399642.0
2016-04-14,442180.0
2016-04-15,429890.0
2016-04-18,515448.0
2016-04-19,487706.0
2016-04-20,471762.0
2016-04-21,479462.0
2016-04-22,421018.0
2016-04-25,441686.0
2016-04-26,424344.0
2016-04-27,418478.0
2016-04-28,423466.0
2016-04-29,448392.0
2016-05-03,477186.0
2016-05-04,450302.0
2016-05-05,455472.0
2016-05-06,390440.0
2016-05-09,382556.0
2016-05-10,382222.0
2016-05-11,392982.0
2016-05-12,385530.0
2016-05-13,350998.0
2016-05-16,346082.0
2016-05-17,363018.0
2016-05-18,360744.0
2016-05-19,383524.0
2016-05-20,400154.0
2016-05-23,403222.0
2016-05-24,403508.0
2016-05-25,391468.0
2016-05-26,394878.0
2016-05-27,413182.0
2016-05-30,493524.0
2016-05-31,532888.0
2016-06-01,560970.0
2016-06-02,537216.0
2016-06-03,523654.0
2016-06-06,535806.0
2016-06-07,510260.0
2016-06-08,498652.0
2016-06-13,565590.0
2016-06-14,572586.0
2016-06-15,540200.0
2016-06-16,524746.0
2016-06-17,483202.0
2016-06-20,485718.0
2016-06-21,495644.0
2016-06-22,486986.0
2016-06-23,482438.0
2016-06-24,457630.0
2016-06-27,456680.0
2016-06-28,444570.0
2016-06-29,464246.0
2016-06-30,465506.0
2016-07-01,490350.0
2016-07-04,496116.0
2016-07-05,488520.0
2016-07-06,493370.0
2016-07-07,497042.0
2016-07-08,474138.0
2016-07-11,471270.0
2016-07-12,474470.0
2016-07-13,467874.0
2016-07-14,480750.0
2016-07-15,489072.0
2016-07-18,521246.0
2016-07-19,530440.0
2016-07-20,527478.0
2016-07-21,542828.0
2016-07-22,545246.0
2016-07-25,545366.0
2016-07-26,543300.0
2016-07-27,557298.0
2016-07-28,601708.0
2016-07-29,566568.0
2016-08-01,568080.0
2016-08-02,558448.0
2016-08-03,560800.0
2016-08-04,551968.0
2016-08-05,566434.0
2016-08-08,609170.0
2016-08-09,600206.0
2016-08-10,592224.0
2016-08-11,594612.0
2016-08-12,592874.0
2016-08-15,634308.0
2016-08-16,630456.0
2016-08-17,636218.0
2016-08-18,652386.0
2016-08-19,634034.0
2016-08-22,630612.0
2016-08-23,646098.0
2016-08-24,658682.0
2016-08-25,690578.0
2016-08-26,700260.0
2016-08-29,734912.0
2016-08-30,808586.0
2016-08-31,828038.0
2016-09-01,827394.0
2016-09-02,1053378.0
2016-09-05,1113536.0
2016-09-06,1115284.0
2016-09-07,1191130.0
2016-09-08,1217938.0
2016-09-09,1166410.0
2016-09-12,1160616.0
2016-09-13,1121572.0
2016-09-14,1120764.0
2016-09-19,1181384.0
2016-09-20,1216480.0
2016-09-21,1335948.0
2016-09-22,1372924.0
2016-09-23,1377212.0
2016-09-26,1340782.0
2016-09-27,1300276.0
2016-09-28,1239690.0
2016-09-29,1197044.0
2016-09-30,1115830.0
2016-10-10,1063088.0
2016-10-11,1056328.0
2016-10-12,1069216.0
2016-10-13,1058294.0
2016-10-14,1003142.0
2016-10-17,961046.0
2016-10-18,961202.0
2016-10-19,969508.0
2016-10-20,955314.0
2016-10-21,999306.0
2016-10-24,1060450.0
2016-10-25,1101326.0
2016-10-26,1099128.0
2016-10-27,1073240.0
2016-10-28,1143908.0
2016-10-31,1177458.0
2016-11-01,1183198.0
2016-11-02,1185600.0
2016-11-03,1199654.0
2016-11-04,1172386.0
2016-11-07,1150800.0
2016-11-08,1168540.0
2016-11-09,1110806.0
2016-11-10,1096718.0
2016-11-11,1045612.0
2016-11-14,933502.0
2016-11-15,934174.0
2016-11-16,954186.0
2016-11-17,941182.0
2016-11-18,951612.0
2016-11-21,979710.0
2016-11-22,973650.0
2016-11-23,998102.0
2016-11-24,1026694.0
2016-11-25,982450.0
2016-11-28,1021832.0
2016-11-29,1058572.0
2016-11-30,1046354.0
2016-12-01,1071190.0
2016-12-02,1048996.0
2016-12-05,1047372.0
2016-12-06,1031070.0
2016-12-07,1022682.0
2016-12-08,1022642.0
2016-12-09,1017852.0
2016-12-12,1083468.0
2016-12-13,1077240.0
2016-12-14,1059114.0
2016-12-15,1065658.0
2016-12-16,1095644.0
2016-12-19,1101100.0
2016-12-20,1036798.0
2016-12-21,1047940.0
2016-12-22,1048012.0
2016-12-23,994452.0
2016-12-26,952582.0
2016-12-27,936334.0
2016-12-28,971208.0
2016-12-29,1001024.0
2016-12-30,1011518.0
2017-01-03,1032520.0
2017-01-04,1063066.0
2017-01-05,1055906.0
2017-01-06,1099880.0
2017-01-09,1112796.0
2017-01-10,1131672.0
2017-01-11,1195586.0
2017-01-12,1219388.0
2017-01-13,1240824.0
2017-01-16,1205840.0
2017-01-17,1176592.0
2017-01-18,1238568.0
2017-01-19,1320436.0
2017-01-20,1341920.0
2017-01-23,1331578.0
2017-01-24,1309588.0
2017-01-25,1296564.0
2017-01-26,1274176.0
2017-02-03,1270320.0
2017-02-06,1391070.0
2017-02-07,1435406.0
2017-02-08,1458888.0
2017-02-09,1513750.0
2017-02-10,1514722.0
2017-02-13,1529932.0
2017-02-14,1563912.0
2017-02-15,1540002.0
2017-02-16,1502496.0
2017-02-17,1463432.0
2017-02-20,1433726.0
2017-02-21,1341228.0
2017-02-22,1327212.0
2017-02-23,1275982.0
2017-02-24,1331932.0
2017-02-27,1329318.0
2017-02-28,1304882.0
2017-03-01,1281046.0
2017-03-02,1259778.0
2017-03-03,1238256.0
2017-03-06,1251808.0
2017-03-07,1245478.0
2017-03-08,1131768.0
2017-03-09,1101908.0
2017-03-10,1074994.0
2017-03-13,1077206.0
2017-03-14,1038884.0
2017-03-15,1038932.0
2017-03-16,1058676.0
2017-03-17,1042572.0
2017-03-20,1055484.0
2017-03-21,1087904.0
2017-03-22,1200706.0
2017-03-23,1210234.0
2017-03-24,1229438.0
2017-03-27,1233624.0
2017-03-28,1211814.0
2017-03-29,1113496.0
2017-03-30,1071882.0
2017-03-31,1043360.0
2017-04-05,1047066.0
2017-04-06,1046854.0
2017-04-07,1037316.0
2017-04-10,1043954.0
2017-04-11,1070354.0
2017-04-12,1029042.0
2017-04-13,1038658.0
2017-04-14,997542.0
2017-04-17,957736.0
2017-04-18,969494.0
2017-04-19,965924.0
2017-04-20,936208.0
2017-04-21,935994.0
2017-04-24,935468.0
2017-04-25,938476.0
2017-04-26,928562.0
2017-04-27,962850.0
2017-04-28,953980.0
2017-05-02,958678.0
2017-05-03,971378.0
2017-05-04,968072.0
2017-05-05,913202.0
2017-05-08,932488.0
2017-05-09,916488.0
2017-05-10,898404.0
2017-05-11,882242.0
2017-05-12,873886.0
2017-05-15,995870.0
2017-05-16,975804.0
2017-05-17,1001972.0
2017-05-18,997274.0
2017-05-19,969558.0
2017-05-22,1040102.0
2017-05-23,1004116.0
2017-05-24,951568.0
2017-05-25,924262.0
2017-05-26,904834.0
2017-05-31,875654.0
2017-06-01,864764.0
2017-06-02,885546.0
2017-06-05,950736.0
2017-06-06,936906.0
2017-06-07,968952.0
2017-06-08,907152.0
2017-06-09,943134.0
2017-06-12,913790.0
2017-06-13,865294.0
2017-06-14,876646.0
2017-06-15,926662.0
2017-06-16,880468.0
2017-06-19,872452.0
2017-06-20,837200.0
2017-06-21,850484.0
2017-06-22,825886.0
2017-06-23,937284.0
2017-06-26,929090.0
2017-06-27,939548.0
2017-06-28,880738.0
2017-06-29,861522.0
2017-06-30,855716.0
2017-07-03,838930.0
2017-07-04,795112.0
2017-07-05,784612.0
2017-07-06,811222.0
2017-07-07,808948.0
2017-07-10,787444.0
2017-07-11,806836.0
2017-07-12,810728.0
2017-07-13,787896.0
2017-07-14,776114.0
2017-07-17,745262.0
2017-07-18,752912.0
2017-07-19,717242.0
2017-07-20,729212.0
2017-07-21,754698.0
2017-07-24,752468.0
2017-07-25,765600.0
2017-07-26,747596.0
2017-07-27,755076.0
2017-07-28,743506.0
2017-07-31,757422.0
2017-08-01,732874.0
2017-08-02,716588.0
2017-08-03,680544.0
2017-08-04,658704.0
2017-08-07,652248.0
2017-08-08,615286.0
2017-08-09,574740.0
2017-08-10,536298.0
2017-08-11,518666.0
2017-08-14,504402.0
2017-08-15,488666.0
2017-08-16,486958.0
2017-08-17,514214.0
2017-08-18,506622.0
2017-08-21,470396.0
2017-08-22,513896.0
2017-08-23,493454.0
2017-08-24,494598.0
2017-08-25,482632.0
2017-08-28,461630.0
2017-08-29,432174.0
2017-08-30,410916.0
2017-08-31,396722.0
2017-09-01,382140.0
2017-09-04,403376.0
2017-09-05,414816.0
2017-09-06,432738.0
2017-09-07,440600.0
2017-09-08,377678.0
2017-09-11,369814.0
2017-09-12,369996.0
2017-09-13,387388.0
2017-09-14,374026.0
2017-09-15,375372.0
2017-09-18,375892.0
2017-09-19,370400.0
2017-09-20,368918.0
2017-09-21,371220.0
2017-09-22,376226.0
2017-09-25,383098.0
2017-09-26,384860.0
2017-09-27,380214.0
2017-09-28,335112.0
2017-09-29,295284.0
2017-10-09,353208.0
2017-10-10,361520.0
2017-10-11,379768.0
2017-10-12,398840.0
2017-10-13,364632.0
2017-10-16,420734.0
2017-10-17,385258.0
2017-10-18,384664.0
2017-10-19,376056.0
2017-10-20,372302.0
2017-10-23,388824.0
2017-10-24,436444.0
2017-10-25,382296.0
2017-10-26,357310.0
2017-10-27,344164.0
2017-10-30,372540.0
2017-10-31,354844.0
2017-11-01,363428.0
2017-11-02,356424.0
2017-11-03,391708.0
2017-11-06,402716.0
2017-11-07,421046.0
2017-11-08,531372.0
2017-11-09,514222.0
2017-11-10,563460.0
2017-11-13,561770.0
2017-11-14,730028.0
2017-11-15,713950.0
2017-11-16,698558.0
2017-11-17,548372.0
2017-11-20,567322.0
2017-11-21,534068.0
2017-11-22,537822.0
2017-11-23,500888.0
2017-11-24,499096.0
2017-11-27,487232.0
2017-11-28,487148.0
2017-11-29,478622.0
2017-11-30,452348.0
2017-12-01,434286.0
2017-12-04,481624.0
2017-12-05,483144.0
2017-12-06,524282.0
2017-12-07,446712.0
2017-12-08,436374.0
2017-12-11,427702.0
2017-12-12,416000.0
2017-12-13,407386.0
2017-12-14,448518.0
2017-12-15,426080.0
2017-12-18,490186.0
2017-12-19,488890.0
2017-12-20,475930.0
2017-12-21,477882.0
2017-12-22,459470.0
2017-12-25,443238.0
2017-12-26,429640.0
2017-12-27,412440.0
2017-12-28,413302.0
2017-12-29,401506.0
2018-01-02,427648.0
2018-01-03,453600.0
2018-01-04,442430.0
2018-01-05,432042.0
2018-01-08,434358.0
2018-01-09,421918.0
2018-01-10,418586.0
2018-01-11,421512.0
2018-01-12,405888.0
2018-01-15,420756.0
2018-01-16,400332.0
2018-01-17,390106.0
2018-01-18,384942.0
2018-01-19,384068.0
2018-01-22,380672.0
2018-01-23,385008.0
2018-01-24,375104.0
2018-01-25,385384.0
2018-01-26,391884.0
2018-01-29,385078.0
2018-01-30,380244.0
2018-01-31,381762.0
2018-02-01,396346.0
2018-02-02,364246.0
2018-02-05,356582.0
2018-02-06,359182.0
2018-02-07,379466.0
2018-02-08,378608.0
2018-02-09,373224.0
2018-02-12,374902.0
2018-02-13,337756.0
2018-02-14,325046.0
2018-02-22,333842.0
2018-02-23,348056.0
2018-02-26,460050.0
2018-02-27,447464.0
2018-02-28,458028.0
2018-03-01,440634.0
2018-03-02,451292.0
2018-03-05,488500.0
2018-03-06,488094.0
2018-03-07,490626.0
2018-03-08,493474.0
2018-03-09,491288.0
2018-03-12,456272.0
2018-03-13,441436.0
2018-03-14,442040.0
2018-03-15,430352.0
2018-03-16,415982.0
2018-03-19,415466.0
2018-03-20,414900.0
2018-03-21,407060.0
2018-03-22,421620.0
2018-03-23,404904.0
2018-03-26,400536.0
2018-03-27,422178.0
2018-03-28,423302.0
2018-03-29,392458.0
2018-03-30,385742.0
2018-04-02,377312.0
2018-04-03,370792.0
2018-04-04,377996.0
2018-04-09,355106.0
2018-04-10,382866.0
2018-04-11,370688.0
2018-04-12,370142.0
2018-04-13,338686.0
2018-04-16,328940.0
2018-04-17,315274.0
2018-04-18,315198.0
2018-04-19,324988.0
2018-04-20,310486.0
2018-04-23,302218.0
2018-04-24,299016.0
2018-04-25,289136.0
2018-04-26,291308.0
2018-04-27,281468.0
2018-05-02,310742.0
2018-05-03,327084.0
2018-05-04,320748.0
2018-05-07,305186.0
2018-05-08,302840.0
2018-05-09,337516.0
2018-05-10,344672.0
2018-05-11,332902.0
2018-05-14,354012.0
2018-05-15,316630.0
2018-05-16,334932.0
2018-05-17,339476.0
2018-05-18,350558.0
2018-05-21,364986.0
2018-05-22,356358.0
2018-05-23,336144.0
2018-05-24,375820.0
2018-05-25,360514.0
2018-05-28,366062.0
2018-05-29,363266.0
2018-05-30,352604.0
2018-05-31,341030.0
2018-06-01,319252.0
2018-06-04,317992.0
2018-06-05,288646.0
2018-06-06,280304.0
2018-06-07,283302.0
2018-06-08,264946.0
2018-06-11,258146.0
2018-06-12,257986.0
2018-06-13,251970.0
2018-06-14,241072.0
2018-06-15,266582.0
2018-06-19,239496.0
2018-06-20,249676.0
2018-06-21,257750.0
2018-06-22,255772.0
2018-06-25,274618.0
2018-06-26,257876.0
2018-06-27,268586.0
2018-06-28,242590.0
2018-06-29,235396.0
2018-07-02,250444.0
2018-07-03,279962.0
2018-07-04,260412.0
2018-07-05,250528.0
2018-07-06,250236.0
2018-07-09,274816.0
2018-07-10,275576.0
2018-07-11,264704.0
2018-07-12,263914.0
2018-07-13,262918.0
2018-07-16,294650.0
2018-07-17,291204.0
2018-07-18,297216.0
2018-07-19,296784.0
2018-07-20,308672.0
2018-07-23,280646.0
2018-07-24,272482.0
2018-07-25,271574.0
2018-07-26,266238.0
2018-07-27,255208.0
2018-07-30,265336.0
2018-07-31,256822.0
2018-08-01,248612.0
2018-08-02,242582.0
2018-08-03,246382.0
2018-08-06,270506.0
2018-08-07,260248.0
2018-08-08,268152.0
2018-08-09,278916.0
2018-08-10,271588.0
2018-08-13,287432.0
2018-08-14,282216.0
2018-08-15,288794.0
2018-08-16,271586.0
2018-08-17,230486.0
2018-08-20,228704.0
2018-08-21,232162.0
2018-08-22,247436.0
2018-08-23,244880.0
2018-08-24,241338.0
2018-08-27,239198.0
2018-08-28,235298.0
2018-08-29,231314.0
2018-08-30,225820.0
2018-08-31,235830.0
2018-09-03,258698.0
2018-09-04,267004.0
2018-09-05,257024.0
2018-09-06,256298.0
2018-09-07,263022.0
2018-09-10,281320.0
2018-09-11,278538.0
2018-09-12,264528.0
2018-09-13,251200.0
2018-09-14,242122.0
2018-09-17,244062.0
2018-09-18,227248.0
2018-09-19,232010.0
2018-09-20,240946.0
2018-09-21,251774.0
2018-09-25,267856.0
2018-09-26,274916.0
2018-09-27,271876.0
2018-09-28,249702.0
2018-10-08,246462.0
2018-10-09,248872.0
2018-10-10,256356.0
2018-10-11,260506.0
2018-10-12,278954.0
2018-10-15,294156.0
2018-10-16,292488.0
2018-10-17,307606.0
2018-10-18,299288.0
2018-10-19,299996.0
2018-10-22,311516.0
2018-10-23,305612.0
2018-10-24,312398.0
2018-10-25,344042.0
2018-10-26,348278.0
2018-10-29,357546.0
2018-10-30,379396.0
2018-10-31,323164.0
2018-11-01,320510.0
2018-11-02,300004.0
2018-11-05,294160.0
2018-11-06,288496.0
2018-11-07,281544.0
2018-11-08,280602.0
2018-11-09,280176.0
2018-11-12,275040.0
2018-11-13,265682.0
2018-11-14,253810.0
2018-11-15,262230.0
2018-11-16,251578.0
2018-11-19,248358.0
2018-11-20,255192.0
2018-11-21,238090.0
2018-11-22,254762.0
2018-11-23,250020.0
2018-11-26,244924.0
2018-11-27,245156.0
2018-11-28,268586.0
2018-11-29,262018.0
2018-11-30,257828.0
2018-12-03,232206.0
2018-12-04,269592.0
2018-12-05,270526.0
2018-12-06,265012.0
2018-12-07,276146.0
2018-12-10,265404.0
2018-12-11,270148.0
2018-12-12,262190.0
2018-12-13,257710.0
2018-12-14,255540.0
2018-12-17,271144.0
2018-12-18,266374.0
2018-12-19,236046.0
2018-12-20,236582.0
2018-12-21,222438.0
2018-12-24,252928.0
2018-12-25,233004.0
2018-12-26,213904.0
2018-12-27,206116.0
2018-12-28,193532.0
2019-01-02,187844.0
2019-01-03,184634.0
2019-01-04,193576.0
2019-01-07,207922.0
2019-01-08,248912.0
2019-01-09,252384.0
2019-01-10,263432.0
2019-01-11,273406.0
2019-01-14,277772.0
2019-01-15,277612.0
2019-01-16,265640.0
2019-01-17,269836.0
2019-01-18,270328.0
2019-01-21,247174.0
2019-01-22,233762.0
2019-01-23,228608.0
2019-01-24,222774.0
2019-01-25,207998.0
2019-01-28,194160.0
2019-01-29,193482.0
2019-01-30,195660.0
2019-01-31,194508.0
2019-02-01,183358.0
2019-02-11,188768.0
2019-02-12,206186.0
2019-02-13,208216.0
2019-02-14,205710.0
2019-02-15,207306.0
2019-02-18,224156.0
2019-02-19,227050.0
2019-02-20,239354.0
2019-02-21,248578.0
2019-02-22,268890.0
2019-02-25,280860.0
2019-02-26,274874.0
2019-02-27,277158.0
2019-02-28,261746.0
2019-03-01,250536.0
2019-03-04,252940.0
2019-03-05,252770.0
2019-03-06,234088.0
2019-03-07,222522.0
2019-03-08,220936.0
2019-03-11,218528.0
2019-03-12,222642.0
2019-03-13,242532.0
2019-03-14,248642.0
2019-03-15,250974.0
2019-03-18,251448.0
2019-03-19,249966.0
2019-03-20,248154.0
2019-03-21,255098.0
2019-03-22,254534.0
2019-03-25,242760.0
2019-03-26,242530.0
2019-03-27,238740.0
2019-03-28,245726.0
2019-03-29,241270.0
2019-04-01,228780.0
2019-04-02,216252.0
2019-04-03,218534.0
2019-04-04,199702.0
2019-04-08,204568.0
2019-04-09,198772.0
2019-04-10,199258.0
2019-04-11,204680.0
2019-04-12,202378.0
2019-04-15,208184.0
2019-04-16,208362.0
2019-04-17,200940.0
2019-04-18,197828.0
2019-04-19,211502.0
2019-04-22,211076.0
2019-04-23,210864.0
2019-04-24,206648.0
2019-04-25,204820.0
2019-04-26,177898.0
2019-04-29,178046.0
2019-04-30,176138.0
2019-05-06,166230.0
2019-05-07,173784.0
2019-05-08,162374.0
2019-05-09,169046.0
2019-05-10,161978.0
2019-05-13,173226.0
2019-05-14,176666.0
2019-05-15,187594.0
2019-05-16,197902.0
2019-05-17,197454.0
2019-05-20,201378.0
2019-05-21,205928.0
2019-05-22,199370.0
2019-05-23,195910.0
2019-05-24,194158.0
2019-05-27,210472.0
2019-05-28,208706.0
2019-05-29,204914.0
2019-05-30,189182.0
2019-05-31,177432.0
2019-06-03,162610.0
2019-06-04,162750.0
2019-06-05,161238.0
2019-06-06,154224.0
2019-06-10,149448.0
2019-06-11,155932.0
2019-06-12,167912.0
2019-06-13,165856.0
2019-06-14,177070.0
2019-06-17,171784.0
2019-06-18,163400.0
2019-06-19,172020.0
2019-06-20,175536.0
2019-06-21,168946.0
2019-06-24,164576.0
2019-06-25,165808.0
2019-06-26,174448.0
2019-06-27,172178.0
2019-06-28,159430.0
2019-07-01,150894.0
2019-07-02,166442.0
2019-07-03,154952.0
2019-07-04,153264.0
2019-07-05,191288.0
2019-07-08,194952.0
2019-07-09,203814.0
2019-07-10,209404.0
2019-07-11,217614.0
2019-07-12,219076.0
2019-07-15,218172.0
2019-07-16,220468.0
2019-07-17,227738.0
2019-07-18,220114.0
2019-07-19,224370.0
2019-07-22,256336.0
2019-07-23,241724.0
2019-07-24,216582.0
2019-07-25,205840.0
2019-07-26,197368.0
2019-07-29,193818.0
2019-07-30,187666.0
2019-07-31,181622.0
2019-08-01,182194.0
2019-08-02,175856.0
2019-08-05,181160.0
2019-08-06,170402.0
2019-08-07,166110.0
2019-08-08,181168.0
2019-08-09,192150.0
2019-08-12,186888.0
2019-08-13,191572.0
2019-08-14,195562.0
2019-08-15,204590.0
2019-08-16,200748.0
2019-08-19,210856.0
2019-08-20,212382.0
2019-08-21,203332.0
2019-08-22,211730.0
2019-08-23,208720.0
2019-08-26,192998.0
2019-08-27,196990.0
2019-08-28,190638.0
2019-08-29,208170.0
2019-08-30,213134.0
2019-09-02,225614.0
2019-09-03,231888.0
2019-09-04,238758.0
2019-09-05,247036.0
2019-09-06,245436.0
2019-09-09,236758.0
2019-09-10,236706.0
2019-09-11,232946.0
2019-09-12,248922.0
2019-09-16,252988.0
2019-09-17,264422.0
2019-09-18,255330.0
2019-09-19,264900.0
2019-09-20,284358.0
2019-09-23,280730.0
2019-09-24,283500.0
2019-09-25,278382.0
2019-09-26,281712.0
2019-09-27,286460.0
2019-09-30,271970.0
2019-10-08,276256.0
2019-10-09,276166.0
2019-10-10,274514.0
2019-10-11,273916.0
2019-10-14,277762.0
2019-10-15,284400.0
2019-10-16,276388.0
2019-10-17,266170.0
2019-10-18,260190.0
2019-10-21,238980.0
2019-10-22,242140.0
2019-10-23,237140.0
2019-10-24,260292.0
2019-10-25,262590.0
2019-10-28,271514.0
2019-10-29,262314.0
2019-10-30,260554.0
2019-10-31,267462.0
2019-11-01,257506.0
2019-11-04,250054.0
2019-11-05,250214.0
2019-11-06,247052.0
2019-11-07,254324.0
2019-11-08,247930.0
2019-11-11,238070.0
2019-11-12,235298.0
2019-11-13,245318.0
2019-11-14,251944.0
2019-11-15,246504.0
2019-11-18,238638.0
2019-11-19,233322.0
2019-11-20,236758.0
2019-11-21,247932.0
2019-11-22,243956.0
2019-11-25,248892.0
2019-11-26,250284.0
2019-11-27,266490.0
2019-11-28,268708.0
2019-11-29,256184.0
2019-12-02,261876.0
2019-12-03,235826.0
2019-12-04,238830.0
2019-12-05,229372.0
2019-12-06,218736.0
2019-12-09,216230.0
2019-12-10,198900.0
2019-12-11,202242.0
2019-12-12,194496.0
2019-12-13,191086.0
2019-12-16,191066.0
2019-12-17,190888.0
2019-12-18,198206.0
2019-12-19,215856.0
2019-12-20,236990.0
2019-12-23,211538.0
2019-12-24,200532.0
2019-12-25,183344.0
2019-12-26,185534.0
2019-12-27,178012.0
2019-12-30,181520.0
2019-12-31,178050.0
2020-01-02,97171.0
2020-01-03,98281.0
2020-01-06,93136.0
2020-01-07,96587.0
2020-01-08,94143.0
2020-01-09,92457.0
2020-01-10,89842.0
2020-01-13,84461.0
2020-01-14,84665.0
2020-01-15,87109.0
2020-01-16,98792.0
2020-01-17,102531.0
2020-01-20,98850.0
2020-01-21,89544.0
2020-01-22,76554.0
2020-01-23,67213.0
2020-02-03,68375.0
2020-02-04,67028.0
2020-02-05,67178.0
2020-02-06,69677.0
2020-02-07,71890.0
2020-02-10,70461.0
2020-02-11,70936.0
2020-02-12,70236.0
2020-02-13,72151.0
2020-02-14,74734.0
2020-02-17,79853.0
2020-02-18,91551.0
2020-02-19,93567.0
2020-02-20,107829.0
2020-02-21,102998.0
2020-02-24,105269.0
2020-02-25,111528.0
2020-02-26,120179.0
2020-02-27,111867.0
2020-02-28,113263.0
2020-03-02,104354.0
2020-03-03,94107.0
2020-03-04,97076.0
2020-03-05,97931.0
2020-03-06,94532.0
2020-03-09,93271.0
2020-03-10,92066.0
2020-03-11,93140.0
2020-03-12,86002.0
2020-03-13,86476.0
2020-03-16,91527.0
2020-03-17,93263.0
2020-03-18,92534.0
2020-03-19,93650.0
2020-03-20,95091.0
2020-03-23,91643.0
2020-03-24,89862.0
2020-03-25,93092.0
2020-03-26,95150.0
2020-03-27,98753.0
2020-03-30,102775.0
2020-03-31,96389.0
2020-04-01,85566.0
2020-04-02,79984.0
2020-04-03,79159.0
2020-04-07,74432.0
2020-04-08,77189.0
2020-04-09,84296.0
2020-04-10,79687.0
2020-04-13,77940.0
2020-04-14,79840.0
2020-04-15,89219.0
2020-04-16,90658.0
2020-04-17,88451.0
2020-04-20,86806.0
2020-04-21,84144.0
2020-04-22,78720.0
2020-04-23,87499.0
2020-04-24,93542.0
2020-04-27,98617.0
2020-04-28,93790.0
2020-04-29,92465.0
2020-04-30,83065.0
2020-05-06,81206.0
2020-05-07,83468.0
2020-05-08,89100.0
2020-05-11,84096.0
2020-05-12,84292.0
2020-05-13,83303.0
2020-05-14,84744.0
2020-05-15,86690.0
2020-05-18,83830.0
2020-05-19,80070.0
2020-05-20,88917.0
2020-05-21,94898.0
2020-05-22,89146.0
2020-05-25,87544.0
2020-05-26,92711.0
2020-05-27,94844.0
2020-05-28,88527.0
2020-05-29,82995.0
2020-06-01,78201.0
2020-06-02,79727.0
2020-06-03,76479.0
2020-06-04,76072.0
2020-06-05,79026.0
2020-06-08,88357.0
2020-06-09,80664.0
2020-06-10,80840.0
2020-06-11,83435.0
2020-06-12,81015.0
2020-06-15,86973.0
2020-06-16,86473.0
2020-06-17,88468.0
2020-06-18,86523.0
2020-06-19,86822.0
2020-06-22,82284.0
2020-06-23,77908.0
2020-06-24,76971.0
2020-06-29,76922.0
2020-06-30,74115.0
2020-07-01,76792.0
2020-07-02,77578.0
2020-07-03,76302.0
2020-07-06,85741.0
2020-07-07,87242.0
2020-07-08,85840.0
2020-07-09,105896.0
2020-07-10,106224.0
2020-07-13,101191.0
2020-07-14,97312.0
2020-07-15,98751.0
2020-07-16,101429.0
2020-07-17,103978.0
2020-07-20,124014.0
2020-07-21,113286.0
2020-07-22,106922.0
2020-07-23,135056.0
2020-07-24,119829.0
2020-07-27,123147.0
2020-07-28,111514.0
2020-07-29,108316.0
2020-07-30,107191.0
2020-07-31,118438.0
2020-08-03,142111.0
2020-08-04,137797.0
2020-08-05,126653.0
2020-08-06,122514.0
2020-08-07,117600.0
2020-08-10,113565.0
2020-08-11,111879.0
2020-08-12,109178.0
2020-08-13,107686.0
2020-08-14,112251.0
2020-08-17,114469.0
2020-08-18,113158.0
2020-08-19,113639.0
2020-08-20,110556.0
2020-08-21,112096.0
2020-08-24,120845.0
2020-08-25,116558.0
2020-08-26,117324.0
2020-08-27,119386.0
2020-08-28,115631.0
2020-08-31,113437.0
2020-09-01,116097.0
2020-09-02,119699.0
2020-09-03,118979.0
2020-09-04,127739.0
2020-09-07,146214.0
2020-09-08,155002.0
2020-09-09,149337.0
2020-09-10,174053.0
2020-09-11,184458.0
2020-09-14,182148.0
2020-09-15,177965.0
2020-09-16,182389.0
2020-09-17,192289.0
2020-09-18,206858.0
2020-09-21,205639.0
2020-09-22,201030.0
2020-09-23,186701.0
2020-09-24,188446.0
2020-09-25,183081.0
2020-09-28,183028.0
2020-09-29,176178.0
2020-09-30,167864.0
2020-10-09,178339.0
2020-10-12,184756.0
2020-10-13,187520.0
2020-10-14,200743.0
2020-10-15,192470.0
2020-10-16,207554.0
2020-10-19,205567.0
2020-10-20,205546.0
2020-10-21,194270.0
2020-10-22,190110.0
2020-10-23,188925.0
2020-10-26,195393.0
2020-10-27,193863.0
2020-10-28,192711.0
2020-10-29,193927.0
2020-10-30,192133.0
2020-11-02,177746.0
2020-11-03,176888.0
2020-11-04,182696.0
2020-11-05,181690.0
2020-11-06,182936.0
2020-11-09,187998.0
2020-11-10,186193.0
2020-11-11,186355.0
2020-11-12,183335.0
2020-11-13,185356.0
2020-11-16,181137.0
2020-11-17,182961.0
2020-11-18,180992.0
2020-11-19,180491.0
2020-11-20,184855.0
2020-11-23,188527.0
2020-11-24,180047.0
2020-11-25,186292.0
2020-11-26,184219.0
2020-11-27,183599.0
2020-11-30,195391.0
2020-12-01,197296.0
2020-12-02,188236.0
2020-12-03,185323.0
2020-12-04,170053.0
2020-12-07,167048.0
2020-12-08,162668.0
2020-12-09,158657.0
2020-12-10,155460.0
2020-12-11,157322.0
2020-12-14,157080.0
2020-12-15,156409.0
2020-12-16,160530.0
2020-12-17,162335.0
2020-12-18,160732.0
2020-12-21,152588.0
2020-12-22,153324.0
2020-12-23,163472.0
2020-12-24,162236.0
2020-12-25,169956.0
2020-12-28,181049.0
2020-12-29,175621.0
2020-12-30,176650.0
2020-12-31,174441.0
2021-01-04,175806.0
2021-01-05,191199.0
2021-01-06,194681.0
2021-01-07,192059.0
2021-01-08,200432.0
2021-01-11,208900.0
2021-01-12,211191.0
2021-01-13,216235.0
2021-01-14,206675.0
2021-01-15,206868.0
2021-01-18,221663.0
2021-01-19,233995.0
2021-01-20,230218.0
2021-01-21,221854.0
2021-01-22,221379.0
2021-01-25,206023.0
2021-01-26,217143.0
2021-01-27,218370.0
2021-01-28,209034.0
2021-01-29,205363.0
2021-02-01,191901.0
2021-02-02,187666.0
2021-02-03,193452.0
2021-02-04,199219.0
2021-02-05,203582.0
2021-02-08,184581.0
2021-02-09,177313.0
2021-02-10,174802.0
2021-02-18,181863.0
2021-02-19,191416.0
2021-02-22,184278.0
2021-02-23,185026.0
2021-02-24,200840.0
2021-02-25,198767.0
2021-02-26,187986.0
2021-03-01,195275.0
2021-03-02,183993.0
2021-03-03,179140.0
2021-03-04,173957.0
2021-03-05,194870.0
2021-03-08,207596.0
2021-03-09,178080.0
2021-03-10,183212.0
2021-03-11,183350.0
2021-03-12,204678.0
2021-03-15,209055.0
2021-03-16,207800.0
2021-03-17,198972.0
2021-03-18,188402.0
2021-03-19,185180.0
2021-03-22,198343.0
2021-03-23,206243.0
2021-03-24,184489.0
2021-03-25,173272.0
2021-03-26,177692.0
2021-03-29,195923.0
2021-03-30,208466.0
2021-03-31,217590.0
2021-04-01,207922.0
2021-04-02,219005.0
2021-04-06,220264.0
2021-04-07,207101.0
2021-04-08,197365.0
2021-04-09,198170.0
2021-04-12,198389.0
2021-04-13,183651.0
2021-04-14,182160.0
2021-04-15,192010.0
2021-04-16,203144.0
2021-04-19,210978.0
2021-04-20,213892.0
2021-04-21,226005.0
2021-04-22,235723.0
2021-04-23,243375.0
2021-04-26,235671.0
2021-04-27,238644.0
2021-04-28,230013.0
2021-04-29,209895.0
2021-04-30,193150.0
2021-05-06,188708.0
2021-05-07,194596.0
2021-05-10,194112.0
2021-05-11,200057.0
2021-05-12,204375.0
2021-05-13,177254.0
2021-05-14,169754.0
2021-05-17,184284.0
2021-05-18,203253.0
2021-05-19,204868.0
2021-05-20,203947.0
2021-05-21,198052.0
2021-05-24,188587.0
2021-05-25,187265.0
2021-05-26,196433.0
2021-05-27,204823.0
2021-05-28,208513.0
2021-05-31,205742.0
2021-06-01,184033.0
2021-06-02,171568.0
2021-06-03,162934.0
2021-06-04,176211.0
2021-06-07,190333.0
2021-06-08,201365.0
2021-06-09,198390.0
2021-06-10,191085.0
2021-06-11,179776.0
2021-06-15,197082.0
2021-06-16,188576.0
2021-06-17,170937.0
2021-06-18,188109.0
2021-06-21,199999.0
2021-06-22,206442.0
2021-06-23,193166.0
2021-06-24,191194.0
2021-06-25,205078.0
2021-06-28,202501.0
2021-06-29,186019.0
2021-06-30,181913.0
2021-07-01,167432.0
2021-07-02,164927.0
2021-07-05,191419.0
2021-07-06,229679.0
2021-07-07,227127.0
2021-07-08,204703.0
2021-07-09,195712.0
2021-07-12,203606.0
2021-07-13,201831.0
2021-07-14,184376.0
2021-07-15,190626.0
2021-07-16,194385.0
2021-07-19,238028.0
2021-07-20,242358.0
2021-07-21,246057.0
2021-07-22,252839.0
2021-07-23,247826.0
2021-07-26,225512.0
2021-07-27,203070.0
2021-07-28,193237.0
2021-07-29,195700.0
2021-07-30,199702.0
2021-08-02,197810.0
2021-08-03,206433.0
2021-08-04,200349.0
2021-08-05,196925.0
2021-08-06,202294.0
2021-08-09,198628.0
2021-08-10,201433.0
2021-08-11,206182.0
2021-08-12,217915.0
2021-08-13,230001.0
2021-08-16,215920.0
2021-08-17,209009.0
2021-08-18,199850.0
2021-08-19,185195.0
2021-08-20,170913.0
2021-08-23,183351.0
2021-08-24,172089.0
2021-08-25,172354.0
2021-08-26,173318.0
2021-08-27,182175.0
2021-08-30,188427.0
2021-08-31,188698.0
2021-09-01,195571.0
2021-09-02,189751.0
2021-09-03,186165.0
2021-09-06,190352.0
2021-09-07,189946.0
2021-09-08,207006.0
2021-09-09,209944.0
2021-09-10,212555.0
2021-09-13,196331.0
2021-09-14,218957.0
2021-09-15,221698.0
2021-09-16,215660.0
2021-09-17,188459.0
2021-09-22,186789.0
2021-09-23,175724.0
2021-09-24,180227.0
2021-09-27,181605.0
2021-09-28,180998.0
2021-09-29,181897.0
2021-09-30,170917.0
2021-10-08,166462.0
2021-10-11,173345.0
2021-10-12,168421.0
2021-10-13,172115.0
2021-10-14,155936.0
2021-10-15,180668.0
2021-10-18,180919.0
2021-10-19,198572.0
2021-10-20,181131.0
2021-10-21,175890.0
2021-10-22,166778.0
2021-10-25,183479.0
2021-10-26,173022.0
2021-10-27,166794.0
2021-10-28,143832.0
2021-10-29,147299.0
2021-11-01,150671.0
2021-11-02,168094.0
2021-11-03,170252.0
2021-11-04,184107.0
2021-11-05,174936.0
2021-11-08,194327.0
2021-11-09,206333.0
2021-11-10,214310.0
2021-11-11,207216.0
2021-11-12,201520.0
2021-11-15,197649.0
2021-11-16,198786.0
2021-11-17,199053.0
2021-11-18,196442.0
2021-11-19,205788.0
2021-11-22,184747.0
2021-11-23,190376.0
2021-11-24,193558.0
2021-11-25,196379.0
2021-11-26,195479.0
2021-11-29,197017.0
2021-11-30,196633.0
2021-12-01,186577.0
2021-12-02,184896.0
2021-12-03,185945.0
2021-12-06,189381.0
2021-12-07,187615.0
2021-12-08,183693.0
2021-12-09,185390.0
2021-12-10,179430.0
2021-12-13,196765.0
2021-12-14,181550.0
2021-12-15,191066.0
2021-12-16,170302.0
2021-12-17,170202.0
2021-12-20,177583.0
2021-12-21,189282.0
2021-12-22,203272.0
2021-12-23,204873.0
2021-12-24,214863.0
2021-12-27,225465.0
2021-12-28,239440.0
2021-12-29,260818.0
2021-12-30,262287.0
2021-12-31,244394.0
2022-01-04,236279.0
2022-01-05,231974.0
2022-01-06,242089.0
2022-01-07,237091.0
2022-01-10,251509.0
2022-01-11,261928.0
2022-01-12,246481.0
2022-01-13,246968.0
2022-01-14,252668.0
2022-01-17,256226.0
2022-01-18,248802.0
2022-01-19,257586.0
2022-01-20,273131.0
2022-01-21,276873.0
2022-01-24,279427.0
2022-01-25,286851.0
2022-01-26,299531.0
2022-01-27,284531.0
2022-01-28,278876.0
2022-02-07,279177.0
2022-02-08,290945.0
2022-02-09,286760.0
2022-02-10,296617.0
2022-02-11,294005.0
2022-02-14,287911.0
2022-02-15,309739.0
2022-02-16,324367.0
2022-02-17,331359.0
2022-02-18,339978.0
2022-02-21,346333.0
2022-02-22,349511.0
2022-02-23,365723.0
2022-02-24,366931.0
2022-02-25,382023.0
2022-02-28,393209.0
2022-03-01,407146.0
2022-03-02,397233.0
2022-03-03,396000.0
2022-03-04,402014.0
2022-03-07,395165.0
2022-03-08,393141.0
2022-03-09,395343.0
2022-03-10,362718.0
2022-03-11,377776.0
2022-03-14,385232.0
2022-03-15,378951.0
2022-03-16,387264.0
2022-03-17,393368.0
2022-03-18,390855.0
2022-03-21,401433.0
2022-03-22,416294.0
2022-03-23,421619.0
2022-03-24,421499.0
2022-03-25,416740.0
2022-03-28,399893.0
2022-03-29,388684.0
2022-03-30,372596.0
2022-03-31,360015.0
2022-04-01,344615.0
2022-04-06,345558.0
2022-04-07,342498.0
2022-04-08,340424.0
2022-04-11,348494.0
2022-04-12,356591.0
2022-04-13,363375.0
2022-04-14,357374.0
2022-04-15,348662.0
2022-04-18,346405.0
2022-04-19,348299.0
2022-04-20,360125.0
2022-04-21,363839.0
2022-04-22,356584.0
2022-04-25,333502.0
2022-04-26,331181.0
2022-04-27,324920.0
2022-04-28,339194.0
2022-04-29,347804.0
2022-05-05,348814.0
2022-05-06,331697.0
2022-05-09,328867.0
2022-05-10,313360.0
2022-05-11,325300.0
2022-05-12,324221.0
2022-05-13,330632.0
2022-05-16,333876.0
2022-05-17,343407.0
2022-05-18,347390.0
2022-05-19,351714.0
2022-05-20,361840.0
2022-05-23,374309.0
2022-05-24,376219.0
2022-05-25,375844.0
2022-05-26,361260.0
2022-05-27,355467.0
2022-05-30,363681.0
2022-05-31,358107.0
2022-06-01,377555.0
2022-06-02,356035.0
2022-06-06,348453.0
2022-06-07,353314.0
2022-06-08,348116.0
2022-06-09,373802.0
2022-06-10,376278.0
2022-06-13,370301.0
2022-06-14,365004.0
2022-06-15,365318.0
2022-06-16,345693.0
2022-06-17,318810.0
2022-06-20,307979.0
2022-06-21,291308.0
2022-06-22,288431.0
2022-06-23,266314.0
2022-06-24,261197.0
2022-06-27,255833.0
2022-06-28,246569.0
2022-06-29,241861.0
2022-06-30,249484.0
2022-07-01,242678.0
2022-07-04,237391.0
2022-07-05,234886.0
2022-07-06,224743.0
2022-07-07,216795.0
2022-07-08,215466.0
2022-07-11,206061.0
2022-07-12,208379.0
2022-07-13,206664.0
2022-07-14,208923.0
2022-07-15,207762.0
2022-07-18,222444.0
2022-07-19,230050.0
2022-07-20,232459.0
2022-07-21,233759.0
2022-07-22,237020.0
2022-07-25,238527.0
2022-07-26,235039.0
2022-07-27,237896.0
2022-07-28,217044.0
2022-07-29,207966.0
2022-08-01,190982.0
2022-08-02,193000.0
2022-08-03,191674.0
2022-08-04,194099.0
2022-08-05,185864.0
2022-08-08,197139.0
2022-08-09,206956.0
2022-08-10,218180.0
2022-08-11,224444.0
2022-08-12,227200.0
2022-08-15,218547.0
2022-08-16,219422.0
2022-08-17,242949.0
2022-08-18,230860.0
2022-08-19,221826.0
2022-08-22,243037.0
2022-08-23,239253.0
2022-08-24,244821.0
2022-08-25,251411.0
2022-08-26,261416.0
2022-08-29,268432.0
2022-08-30,260956.0
2022-08-31,250222.0
2022-09-01,253609.0
2022-09-02,253523.0
2022-09-05,261373.0
2022-09-06,265590.0
2022-09-07,265422.0
2022-09-08,273216.0
2022-09-09,260929.0
2022-09-13,275140.0
2022-09-14,269789.0
2022-09-15,262375.0
2022-09-16,261749.0
2022-09-19,266869.0
2022-09-20,268728.0
2022-09-21,286721.0
2022-09-22,316695.0
2022-09-23,337804.0
2022-09-26,345734.0
2022-09-27,340906.0
2022-09-28,358059.0
2022-09-29,360081.0
2022-09-30,334348.0
2022-10-10,346150.0
2022-10-11,359805.0
2022-10-12,351026.0
2022-10-13,386173.0
2022-10-14,384641.0
2022-10-17,389860.0
2022-10-18,398670.0
2022-10-19,389363.0
2022-10-20,372694.0
2022-10-21,355588.0
2022-10-24,338377.0
2022-10-25,361278.0
2022-10-26,382016.0
2022-10-27,372427.0
2022-10-28,377558.0
2022-10-31,380679.0
2022-11-01,386408.0
2022-11-02,386929.0
2022-11-03,404597.0
2022-11-04,398366.0
2022-11-07,352944.0
2022-11-08,334654.0
2022-11-09,323781.0
2022-11-10,316758.0
2022-11-11,309529.0
