trading_date,FG_total_oi
2013-11-05,937160.0
2013-11-06,941038.0
2013-11-07,921788.0
2013-11-08,912108.0
2013-11-11,928750.0
2013-11-12,918646.0
2013-11-13,906676.0
2013-11-14,905800.0
2013-11-15,889092.0
2013-11-18,917378.0
2013-11-19,863240.0
2013-11-20,859568.0
2013-11-21,857746.0
2013-11-22,823682.0
2013-11-25,808714.0
2013-11-26,796266.0
2013-11-27,778370.0
2013-11-28,762538.0
2013-11-29,730334.0
2013-12-02,727002.0
2013-12-03,719826.0
2013-12-04,698526.0
2013-12-05,647740.0
2013-12-06,585356.0
2013-12-09,584742.0
2013-12-10,575202.0
2013-12-11,557356.0
2013-12-12,682498.0
2013-12-13,545188.0
2013-12-16,551408.0
2013-12-17,553870.0
2013-12-18,508130.0
2013-12-19,506242.0
2013-12-20,383224.0
2013-12-23,359812.0
2013-12-24,348274.0
2013-12-25,326794.0
2013-12-26,313642.0
2013-12-27,293496.0
2013-12-30,293944.0
2013-12-31,306510.0
2014-01-02,331144.0
2014-01-03,307984.0
2014-01-06,357758.0
2014-01-07,336312.0
2014-01-08,332162.0
2014-01-09,302188.0
2014-01-10,286824.0
2014-01-13,285304.0
2014-01-14,274586.0
2014-01-15,274252.0
2014-01-16,280686.0
2014-01-17,266688.0
2014-01-20,272114.0
2014-01-21,324772.0
2014-01-22,295640.0
2014-01-23,301930.0
2014-01-24,277944.0
2014-01-27,277474.0
2014-01-28,263374.0
2014-01-29,250606.0
2014-01-30,226252.0
2014-02-07,234324.0
2014-02-10,268120.0
2014-02-11,288814.0
2014-02-12,331930.0
2014-02-13,324646.0
2014-02-14,331234.0
2014-02-17,341890.0
2014-02-18,364786.0
2014-02-19,352012.0
2014-02-20,342906.0
2014-02-21,353082.0
2014-02-24,329408.0
2014-02-25,330802.0
2014-02-26,329148.0
2014-02-27,335722.0
2014-02-28,310548.0
2014-03-03,318972.0
2014-03-04,319970.0
2014-03-05,305436.0
2014-03-06,311564.0
2014-03-07,346474.0
2014-03-10,370056.0
2014-03-11,316322.0
2014-03-12,307342.0
2014-03-13,303712.0
2014-03-14,303530.0
2014-03-17,413202.0
2014-03-18,419238.0
2014-03-19,415950.0
2014-03-20,411054.0
2014-03-21,386780.0
2014-03-24,409896.0
2014-03-25,383368.0
2014-03-26,492892.0
2014-03-27,425406.0
2014-03-28,345982.0
2014-03-31,333290.0
2014-04-01,332408.0
2014-04-02,376852.0
2014-04-03,369656.0
2014-04-04,396676.0
2014-04-08,355928.0
2014-04-09,356566.0
2014-04-10,355236.0
2014-04-11,370872.0
2014-04-14,367174.0
2014-04-15,355394.0
2014-04-16,353168.0
2014-04-17,350548.0
2014-04-18,358320.0
2014-04-21,398984.0
2014-04-22,396830.0
2014-04-23,386002.0
2014-04-24,377018.0
2014-04-25,398716.0
2014-04-28,430338.0
2014-04-29,386358.0
2014-04-30,408312.0
2014-05-05,394540.0
2014-05-06,434032.0
2014-05-07,491120.0
2014-05-08,509678.0
2014-05-09,500540.0
2014-05-12,503158.0
2014-05-13,518632.0
2014-05-14,493434.0
2014-05-15,515128.0
2014-05-16,514882.0
2014-05-19,502696.0
2014-05-20,548556.0
2014-05-21,524746.0
2014-05-22,505328.0
2014-05-23,522352.0
2014-05-26,539856.0
2014-05-27,531476.0
2014-05-28,515394.0
2014-05-29,524294.0
2014-05-30,518470.0
2014-06-03,560342.0
2014-06-04,563362.0
2014-06-05,550306.0
2014-06-06,547392.0
2014-06-09,663364.0
2014-06-10,638860.0
2014-06-11,634072.0
2014-06-12,628500.0
2014-06-13,622608.0
2014-06-16,641398.0
2014-06-17,596254.0
2014-06-18,615692.0
2014-06-19,628388.0
2014-06-20,648706.0
2014-06-23,619320.0
2014-06-24,633470.0
2014-06-25,643582.0
2014-06-26,623230.0
2014-06-27,626460.0
2014-06-30,588030.0
2014-07-01,589474.0
2014-07-02,596620.0
2014-07-03,611754.0
2014-07-04,594702.0
2014-07-07,559482.0
2014-07-08,591864.0
2014-07-09,681200.0
2014-07-10,727830.0
2014-07-11,749770.0
2014-07-14,779542.0
2014-07-15,784000.0
2014-07-16,787960.0
2014-07-17,764156.0
2014-07-18,738078.0
2014-07-21,786268.0
2014-07-22,768846.0
2014-07-23,785308.0
2014-07-24,749562.0
2014-07-25,785228.0
2014-07-28,728584.0
2014-07-29,761490.0
2014-07-30,797766.0
2014-07-31,760140.0
2014-08-01,733274.0
2014-08-04,773116.0
2014-08-05,741338.0
2014-08-06,740318.0
2014-08-07,724290.0
2014-08-08,720554.0
2014-08-11,715300.0
2014-08-12,707902.0
2014-08-13,674916.0
2014-08-14,683636.0
2014-08-15,667000.0
2014-08-18,687092.0
2014-08-19,789774.0
2014-08-20,801132.0
2014-08-21,856732.0
2014-08-22,837260.0
2014-08-25,870838.0
2014-08-26,893056.0
2014-08-27,840524.0
2014-08-28,853994.0
2014-08-29,868134.0
2014-09-01,851188.0
2014-09-02,817426.0
2014-09-03,827690.0
2014-09-04,848264.0
2014-09-05,830706.0
2014-09-09,827666.0
2014-09-10,937218.0
2014-09-11,919782.0
2014-09-12,865798.0
2014-09-15,828106.0
2014-09-16,771566.0
2014-09-17,904004.0
2014-09-18,882776.0
2014-09-19,895762.0
2014-09-22,1032428.0
2014-09-23,1017000.0
2014-09-24,1058764.0
2014-09-25,977396.0
2014-09-26,894348.0
2014-09-29,784942.0
2014-09-30,746720.0
2014-10-08,822798.0
2014-10-09,833658.0
2014-10-10,870178.0
2014-10-13,931308.0
2014-10-14,903612.0
2014-10-15,915600.0
2014-10-16,908368.0
2014-10-17,1042806.0
2014-10-20,1062342.0
2014-10-21,967616.0
2014-10-22,922888.0
2014-10-23,925096.0
2014-10-24,932552.0
2014-10-27,926210.0
2014-10-28,922704.0
2014-10-29,928228.0
2014-10-30,881916.0
2014-10-31,877442.0
2014-11-03,892366.0
2014-11-04,840852.0
2014-11-05,863162.0
2014-11-06,857934.0
2014-11-07,844146.0
2014-11-10,889360.0
2014-11-11,892552.0
2014-11-12,978364.0
2014-11-13,948626.0
2014-11-14,968510.0
2014-11-17,934534.0
2014-11-18,842474.0
2014-11-19,823982.0
2014-11-20,807376.0
2014-11-21,805650.0
2014-11-24,833894.0
2014-11-25,786096.0
2014-11-26,774420.0
2014-11-27,743796.0
2014-11-28,727072.0
2014-12-01,683038.0
2014-12-02,667608.0
2014-12-03,689844.0
2014-12-04,680682.0
2014-12-05,646964.0
2014-12-08,643324.0
2014-12-09,641324.0
2014-12-10,634720.0
2014-12-11,634574.0
2014-12-12,588260.0
2014-12-15,621436.0
2014-12-16,590832.0
2014-12-17,568200.0
2014-12-18,550764.0
2014-12-19,553796.0
2014-12-22,549064.0
2014-12-23,505960.0
2014-12-24,554778.0
2014-12-25,558952.0
2014-12-26,554834.0
2014-12-29,679354.0
2014-12-30,713628.0
2014-12-31,664702.0
2015-01-05,707770.0
2015-01-06,732122.0
2015-01-07,718884.0
2015-01-08,693174.0
2015-01-09,667778.0
2015-01-12,618866.0
2015-01-13,604316.0
2015-01-14,551398.0
2015-01-15,580030.0
2015-01-16,537082.0
2015-01-19,550096.0
2015-01-20,544196.0
2015-01-21,536194.0
2015-01-22,566322.0
2015-01-23,521994.0
2015-01-26,499328.0
2015-01-27,504006.0
2015-01-28,495878.0
2015-01-29,489268.0
2015-01-30,478190.0
2015-02-02,474382.0
2015-02-03,492374.0
2015-02-04,511480.0
2015-02-05,507522.0
2015-02-06,507484.0
2015-02-09,508144.0
2015-02-10,509726.0
2015-02-11,572734.0
2015-02-12,558196.0
2015-02-13,537178.0
2015-02-16,528080.0
2015-02-17,511232.0
2015-02-25,507534.0
2015-02-26,601392.0
2015-02-27,607306.0
2015-03-02,572764.0
2015-03-03,533646.0
2015-03-04,550054.0
2015-03-05,511942.0
2015-03-06,509530.0
2015-03-09,474478.0
2015-03-10,462038.0
2015-03-11,460726.0
2015-03-12,456356.0
2015-03-13,463334.0
2015-03-16,465092.0
2015-03-17,449782.0
2015-03-18,427562.0
2015-03-19,421396.0
2015-03-20,446686.0
2015-03-23,445166.0
2015-03-24,431828.0
2015-03-25,424884.0
2015-03-26,431946.0
2015-03-27,415368.0
2015-03-30,529862.0
2015-03-31,439944.0
2015-04-01,406460.0
2015-04-02,429760.0
2015-04-03,447056.0
2015-04-07,398580.0
2015-04-08,399026.0
2015-04-09,375840.0
2015-04-10,386088.0
2015-04-13,346956.0
2015-04-14,322746.0
2015-04-15,309094.0
2015-04-16,319250.0
2015-04-17,313696.0
2015-04-20,348322.0
2015-04-21,310780.0
2015-04-22,300044.0
2015-04-23,303652.0
2015-04-24,283020.0
2015-04-27,289844.0
2015-04-28,282922.0
2015-04-29,271326.0
2015-04-30,261166.0
2015-05-04,269832.0
2015-05-05,292370.0
2015-05-06,300498.0
2015-05-07,272084.0
2015-05-08,300296.0
2015-05-11,308926.0
2015-05-12,289972.0
2015-05-13,286442.0
2015-05-14,261000.0
2015-05-15,320324.0
2015-05-18,308360.0
2015-05-19,289596.0
2015-05-20,288026.0
2015-05-21,266352.0
2015-05-22,277074.0
2015-05-25,287908.0
2015-05-26,272642.0
2015-05-27,269124.0
2015-05-28,273302.0
2015-05-29,267954.0
2015-06-01,259548.0
2015-06-02,317440.0
2015-06-03,270656.0
2015-06-04,282424.0
2015-06-05,266866.0
2015-06-08,273344.0
2015-06-09,264788.0
2015-06-10,266868.0
2015-06-11,313082.0
2015-06-12,270448.0
2015-06-15,257870.0
2015-06-16,232350.0
2015-06-17,231062.0
2015-06-18,216034.0
2015-06-19,214532.0
2015-06-23,217734.0
2015-06-24,208474.0
2015-06-25,212780.0
2015-06-26,209900.0
2015-06-29,203310.0
2015-06-30,218024.0
2015-07-01,223494.0
2015-07-02,214012.0
2015-07-03,208156.0
2015-07-06,224816.0
2015-07-07,242920.0
2015-07-08,221792.0
2015-07-09,131554.0
2015-07-10,149732.0
2015-07-13,159076.0
2015-07-14,161418.0
2015-07-15,162934.0
2015-07-16,174194.0
2015-07-17,176744.0
2015-07-20,173828.0
2015-07-21,170672.0
2015-07-22,170702.0
2015-07-23,176180.0
2015-07-24,204484.0
2015-07-27,191054.0
2015-07-28,189840.0
2015-07-29,176464.0
2015-07-30,186468.0
2015-07-31,170610.0
2015-08-03,156548.0
2015-08-04,149124.0
2015-08-05,152824.0
2015-08-06,154824.0
2015-08-07,163302.0
2015-08-10,185228.0
2015-08-11,186046.0
2015-08-12,201408.0
2015-08-13,193702.0
2015-08-14,184998.0
2015-08-17,158686.0
2015-08-18,148928.0
2015-08-19,176040.0
2015-08-20,178746.0
2015-08-21,179054.0
2015-08-24,141224.0
2015-08-25,141784.0
2015-08-26,146272.0
2015-08-27,139886.0
2015-08-28,142332.0
2015-08-31,163244.0
2015-09-01,180552.0
2015-09-02,161694.0
2015-09-07,199730.0
2015-09-08,189720.0
2015-09-09,170536.0
2015-09-10,175186.0
2015-09-11,188278.0
2015-09-14,181334.0
2015-09-15,190952.0
2015-09-16,180194.0
2015-09-17,187722.0
2015-09-18,188596.0
2015-09-21,196156.0
2015-09-22,200236.0
2015-09-23,212716.0
2015-09-24,328230.0
2015-09-25,291804.0
2015-09-28,293184.0
2015-09-29,278816.0
2015-09-30,257232.0
2015-10-08,222630.0
2015-10-09,206484.0
2015-10-12,237782.0
2015-10-13,237190.0
2015-10-14,268892.0
2015-10-15,264428.0
2015-10-16,271478.0
2015-10-19,282054.0
2015-10-20,276826.0
2015-10-21,340864.0
2015-10-22,403364.0
2015-10-23,404906.0
2015-10-26,445186.0
2015-10-27,495310.0
2015-10-28,514412.0
2015-10-29,507120.0
2015-10-30,543432.0
2015-11-02,546856.0
2015-11-03,557116.0
2015-11-04,587876.0
2015-11-05,513636.0
2015-11-06,534588.0
2015-11-09,538856.0
2015-11-10,544282.0
2015-11-11,543674.0
2015-11-12,541148.0
2015-11-13,526326.0
2015-11-16,528450.0
2015-11-17,506486.0
2015-11-18,517040.0
2015-11-19,482030.0
2015-11-20,456080.0
2015-11-23,451954.0
2015-11-24,434344.0
2015-11-25,424996.0
2015-11-26,304530.0
2015-11-27,325334.0
2015-11-30,325198.0
2015-12-01,317520.0
2015-12-02,306576.0
2015-12-03,307820.0
2015-12-04,273344.0
2015-12-07,274328.0
2015-12-08,270744.0
2015-12-09,262910.0
2015-12-10,263770.0
2015-12-11,280926.0
2015-12-14,285482.0
2015-12-15,311268.0
2015-12-16,305934.0
2015-12-17,297916.0
2015-12-18,299788.0
2015-12-21,337542.0
2015-12-22,351650.0
2015-12-23,330752.0
2015-12-24,323616.0
2015-12-25,323482.0
2015-12-28,310970.0
2015-12-29,298646.0
2015-12-30,300424.0
2015-12-31,287642.0
2016-01-04,287588.0
2016-01-05,283380.0
2016-01-06,284360.0
2016-01-07,284536.0
2016-01-08,365168.0
2016-01-11,385848.0
2016-01-12,298214.0
2016-01-13,291106.0
2016-01-14,279042.0
2016-01-15,291284.0
2016-01-18,348442.0
2016-01-19,375112.0
2016-01-20,359480.0
2016-01-21,370182.0
2016-01-22,391454.0
2016-01-25,331282.0
2016-01-26,309716.0
2016-01-27,309928.0
2016-01-28,304472.0
2016-01-29,280430.0
2016-02-01,272300.0
2016-02-02,254516.0
2016-02-03,238372.0
2016-02-04,225052.0
2016-02-05,210520.0
2016-02-15,226452.0
2016-02-16,238056.0
2016-02-17,285672.0
2016-02-18,304970.0
2016-02-19,294164.0
2016-02-22,282198.0
2016-02-23,262712.0
2016-02-24,259248.0
2016-02-25,275222.0
2016-02-26,275218.0
2016-02-29,261382.0
2016-03-01,279618.0
2016-03-02,270212.0
2016-03-03,264246.0
2016-03-04,259864.0
2016-03-07,260318.0
2016-03-08,237400.0
2016-03-09,220960.0
2016-03-10,231024.0
2016-03-11,219372.0
2016-03-14,219784.0
2016-03-15,201270.0
2016-03-16,199918.0
2016-03-17,217696.0
2016-03-18,249262.0
2016-03-21,240178.0
2016-03-22,239910.0
2016-03-23,227934.0
2016-03-24,198816.0
2016-03-25,181426.0
2016-03-28,181988.0
2016-03-29,179492.0
2016-03-30,185728.0
2016-03-31,177480.0
2016-04-01,181078.0
2016-04-05,176030.0
2016-04-06,185604.0
2016-04-07,204590.0
2016-04-08,192794.0
2016-04-11,208744.0
2016-04-12,221830.0
2016-04-13,212028.0
2016-04-14,210906.0
2016-04-15,233796.0
2016-04-18,224598.0
2016-04-19,224876.0
2016-04-20,206472.0
2016-04-21,194132.0
2016-04-22,174774.0
2016-04-25,176576.0
2016-04-26,166508.0
2016-04-27,168916.0
2016-04-28,162952.0
2016-04-29,161044.0
2016-05-03,172668.0
2016-05-04,169956.0
2016-05-05,176838.0
2016-05-06,186032.0
2016-05-09,217530.0
2016-05-10,215890.0
2016-05-11,223268.0
2016-05-12,221178.0
2016-05-13,219378.0
2016-05-16,221642.0
2016-05-17,225542.0
2016-05-18,211050.0
2016-05-19,212330.0
2016-05-20,212650.0
2016-05-23,221172.0
2016-05-24,232550.0
2016-05-25,233328.0
2016-05-26,229428.0
2016-05-27,220452.0
2016-05-30,245162.0
2016-05-31,274664.0
2016-06-01,303374.0
2016-06-02,349590.0
2016-06-03,342464.0
2016-06-06,320726.0
2016-06-07,311500.0
2016-06-08,293826.0
2016-06-13,310038.0
2016-06-14,294428.0
2016-06-15,288184.0
2016-06-16,279122.0
2016-06-17,244670.0
2016-06-20,244214.0
2016-06-21,256666.0
2016-06-22,268858.0
2016-06-23,280808.0
2016-06-24,250428.0
2016-06-27,294526.0
2016-06-28,303952.0
2016-06-29,315162.0
2016-06-30,360526.0
2016-07-01,341816.0
2016-07-04,337798.0
2016-07-05,322180.0
2016-07-06,298940.0
2016-07-07,284326.0
2016-07-08,300110.0
2016-07-11,283412.0
2016-07-12,304198.0
2016-07-13,286038.0
2016-07-14,298398.0
2016-07-15,296942.0
2016-07-18,274448.0
2016-07-19,266864.0
2016-07-20,254824.0
2016-07-21,255304.0
2016-07-22,240088.0
2016-07-25,255602.0
2016-07-26,280132.0
2016-07-27,275150.0
2016-07-28,274940.0
2016-07-29,251870.0
2016-08-01,294666.0
2016-08-02,299896.0
2016-08-03,308746.0
2016-08-04,310352.0
2016-08-05,324116.0
2016-08-08,322024.0
2016-08-09,360546.0
2016-08-10,314742.0
2016-08-11,307222.0
2016-08-12,297110.0
2016-08-15,292036.0
2016-08-16,344256.0
2016-08-17,319160.0
2016-08-18,342364.0
2016-08-19,354986.0
2016-08-22,369130.0
2016-08-23,372312.0
2016-08-24,346264.0
2016-08-25,369722.0
2016-08-26,439938.0
2016-08-29,424222.0
2016-08-30,418430.0
2016-08-31,373696.0
2016-09-01,371496.0
2016-09-02,355608.0
2016-09-05,361888.0
2016-09-06,343128.0
2016-09-07,327940.0
2016-09-08,328564.0
2016-09-09,330026.0
2016-09-12,343774.0
2016-09-13,384862.0
2016-09-14,352434.0
2016-09-19,348952.0
2016-09-20,392546.0
2016-09-21,398454.0
2016-09-22,389318.0
2016-09-23,384632.0
2016-09-26,344916.0
2016-09-27,327978.0
2016-09-28,306882.0
2016-09-29,272714.0
2016-09-30,285142.0
2016-10-10,310232.0
2016-10-11,367034.0
2016-10-12,361656.0
2016-10-13,381272.0
2016-10-14,382194.0
2016-10-17,397626.0
2016-10-18,374994.0
2016-10-19,335376.0
2016-10-20,345728.0
2016-10-21,336602.0
2016-10-24,335414.0
2016-10-25,343164.0
2016-10-26,318200.0
2016-10-27,318678.0
2016-10-28,323916.0
2016-10-31,339332.0
2016-11-01,383514.0
2016-11-02,325838.0
2016-11-03,393622.0
2016-11-04,383510.0
2016-11-07,433336.0
2016-11-08,324964.0
2016-11-09,346430.0
2016-11-10,342858.0
2016-11-11,357030.0
2016-11-14,248870.0
2016-11-15,236326.0
2016-11-16,217064.0
2016-11-17,230006.0
2016-11-18,227504.0
2016-11-21,228766.0
2016-11-22,263306.0
2016-11-23,267298.0
2016-11-24,269512.0
2016-11-25,245308.0
2016-11-28,256884.0
2016-11-29,222106.0
2016-11-30,216470.0
2016-12-01,201990.0
2016-12-02,208988.0
2016-12-05,204214.0
2016-12-06,207936.0
2016-12-07,217358.0
2016-12-08,267762.0
2016-12-09,256770.0
2016-12-12,295898.0
2016-12-13,321196.0
2016-12-14,320012.0
2016-12-15,295554.0
2016-12-16,296570.0
2016-12-19,241108.0
2016-12-20,241666.0
2016-12-21,258586.0
2016-12-22,231514.0
2016-12-23,214590.0
2016-12-26,228534.0
2016-12-27,194190.0
2016-12-28,220326.0
2016-12-29,198892.0
2016-12-30,183600.0
2017-01-03,187290.0
2017-01-04,214374.0
2017-01-05,203852.0
2017-01-06,213228.0
2017-01-09,207022.0
2017-01-10,238626.0
2017-01-11,206318.0
2017-01-12,256178.0
2017-01-13,248834.0
2017-01-16,285916.0
2017-01-17,255188.0
2017-01-18,263592.0
2017-01-19,255358.0
2017-01-20,297616.0
2017-01-23,251212.0
2017-01-24,258848.0
2017-01-25,237996.0
2017-01-26,218456.0
2017-02-03,225122.0
2017-02-06,252922.0
2017-02-07,268008.0
2017-02-08,266316.0
2017-02-09,256526.0
2017-02-10,403224.0
2017-02-13,372986.0
2017-02-14,360266.0
2017-02-15,344426.0
2017-02-16,324048.0
2017-02-17,382774.0
2017-02-20,340034.0
2017-02-21,356066.0
2017-02-22,323620.0
2017-02-23,319414.0
2017-02-24,274138.0
2017-02-27,310202.0
2017-02-28,291310.0
2017-03-01,279408.0
2017-03-02,291280.0
2017-03-03,273008.0
2017-03-06,280678.0
2017-03-07,267822.0
2017-03-08,335234.0
2017-03-09,269466.0
2017-03-10,271868.0
2017-03-13,270022.0
2017-03-14,250188.0
2017-03-15,243328.0
2017-03-16,284044.0
2017-03-17,268900.0
2017-03-20,267168.0
2017-03-21,261582.0
2017-03-22,310944.0
2017-03-23,272192.0
2017-03-24,282044.0
2017-03-27,294450.0
2017-03-28,350038.0
2017-03-29,276360.0
2017-03-30,278018.0
2017-03-31,265874.0
2017-04-05,252778.0
2017-04-06,255368.0
2017-04-07,302626.0
2017-04-10,283500.0
2017-04-11,310622.0
2017-04-12,280146.0
2017-04-13,286898.0
2017-04-14,298534.0
2017-04-17,308156.0
2017-04-18,287458.0
2017-04-19,299310.0
2017-04-20,310168.0
2017-04-21,310814.0
2017-04-24,328734.0
2017-04-25,308086.0
2017-04-26,299894.0
2017-04-27,312752.0
2017-04-28,306282.0
2017-05-02,305644.0
2017-05-03,307020.0
2017-05-04,334034.0
2017-05-05,274534.0
2017-05-08,284106.0
2017-05-09,278844.0
2017-05-10,293444.0
2017-05-11,328342.0
2017-05-12,324380.0
2017-05-15,355564.0
2017-05-16,327410.0
2017-05-17,345068.0
2017-05-18,291120.0
2017-05-19,438340.0
2017-05-22,362656.0
2017-05-23,417366.0
2017-05-24,374128.0
2017-05-25,378484.0
2017-05-26,396464.0
2017-05-31,375406.0
2017-06-01,356070.0
2017-06-02,391864.0
2017-06-05,433472.0
2017-06-06,409098.0
2017-06-07,435578.0
2017-06-08,400240.0
2017-06-09,407856.0
2017-06-12,402098.0
2017-06-13,401924.0
2017-06-14,411672.0
2017-06-15,356826.0
2017-06-16,423930.0
2017-06-19,363836.0
2017-06-20,432738.0
2017-06-21,376364.0
2017-06-22,485934.0
2017-06-23,448538.0
2017-06-26,451478.0
2017-06-27,439060.0
2017-06-28,411436.0
2017-06-29,373464.0
2017-06-30,356154.0
2017-07-03,346780.0
2017-07-04,325206.0
2017-07-05,362790.0
2017-07-06,330004.0
2017-07-07,354612.0
2017-07-10,363838.0
2017-07-11,368096.0
2017-07-12,362740.0
2017-07-13,349124.0
2017-07-14,343560.0
2017-07-17,359726.0
2017-07-18,350498.0
2017-07-19,529314.0
2017-07-20,440240.0
2017-07-21,426186.0
2017-07-24,410094.0
2017-07-25,424432.0
2017-07-26,425408.0
2017-07-27,400374.0
2017-07-28,396616.0
2017-07-31,404312.0
2017-08-01,393292.0
2017-08-02,407064.0
2017-08-03,379030.0
2017-08-04,377552.0
2017-08-07,358892.0
2017-08-08,336024.0
2017-08-09,368558.0
2017-08-10,364926.0
2017-08-11,330438.0
2017-08-14,379494.0
2017-08-15,351026.0
2017-08-16,331342.0
2017-08-17,387772.0
2017-08-18,362482.0
2017-08-21,405526.0
2017-08-22,378450.0
2017-08-23,373840.0
2017-08-24,369444.0
2017-08-25,337820.0
2017-08-28,309630.0
2017-08-29,302340.0
2017-08-30,300876.0
2017-08-31,307498.0
2017-09-01,281072.0
2017-09-04,317784.0
2017-09-05,295996.0
2017-09-06,285382.0
2017-09-07,292128.0
2017-09-08,287676.0
2017-09-11,280404.0
2017-09-12,284494.0
2017-09-13,266762.0
2017-09-14,322442.0
2017-09-15,280112.0
2017-09-18,275984.0
2017-09-19,253014.0
2017-09-20,250634.0
2017-09-21,257212.0
2017-09-22,260858.0
2017-09-25,271718.0
2017-09-26,249032.0
2017-09-27,232258.0
2017-09-28,236642.0
2017-09-29,219644.0
2017-10-09,262652.0
2017-10-10,338324.0
2017-10-11,310020.0
2017-10-12,293058.0
2017-10-13,258416.0
2017-10-16,256886.0
2017-10-17,236220.0
2017-10-18,239638.0
2017-10-19,224748.0
2017-10-20,244506.0
2017-10-23,216866.0
2017-10-24,206428.0
2017-10-25,229646.0
2017-10-26,230674.0
2017-10-27,243354.0
2017-10-30,249758.0
2017-10-31,268594.0
2017-11-01,300414.0
2017-11-02,241960.0
2017-11-03,229018.0
2017-11-06,241490.0
2017-11-07,241562.0
2017-11-08,248176.0
2017-11-09,311880.0
2017-11-10,336974.0
2017-11-13,313928.0
2017-11-14,341806.0
2017-11-15,396296.0
2017-11-16,430402.0
2017-11-17,546862.0
2017-11-20,649920.0
2017-11-21,647842.0
2017-11-22,631276.0
2017-11-23,599294.0
2017-11-24,574728.0
2017-11-27,620200.0
2017-11-28,570492.0
2017-11-29,619674.0
2017-11-30,653084.0
2017-12-01,630534.0
2017-12-04,670350.0
2017-12-05,622456.0
2017-12-06,638370.0
2017-12-07,610890.0
2017-12-08,570502.0
2017-12-11,575734.0
2017-12-12,553524.0
2017-12-13,587076.0
2017-12-14,530024.0
2017-12-15,519636.0
2017-12-18,543486.0
2017-12-19,521600.0
2017-12-20,520210.0
2017-12-21,541450.0
2017-12-22,573158.0
2017-12-25,542714.0
2017-12-26,529724.0
2017-12-27,536852.0
2017-12-28,500258.0
2017-12-29,489750.0
2018-01-02,447802.0
2018-01-03,449018.0
2018-01-04,441040.0
2018-01-05,444740.0
2018-01-08,528964.0
2018-01-09,539892.0
2018-01-10,555728.0
2018-01-11,521878.0
2018-01-12,529922.0
2018-01-15,511668.0
2018-01-16,498496.0
2018-01-17,489284.0
2018-01-18,529410.0
2018-01-19,486128.0
2018-01-22,516404.0
2018-01-23,450176.0
2018-01-24,462432.0
2018-01-25,501042.0
2018-01-26,461748.0
2018-01-29,541660.0
2018-01-30,513354.0
2018-01-31,505418.0
2018-02-01,461424.0
2018-02-02,475626.0
2018-02-05,482094.0
2018-02-06,486974.0
2018-02-07,490216.0
2018-02-08,583104.0
2018-02-09,552106.0
2018-02-12,522074.0
2018-02-13,478620.0
2018-02-14,435084.0
2018-02-22,458572.0
2018-02-23,510312.0
2018-02-26,478158.0
2018-02-27,484754.0
2018-02-28,520846.0
2018-03-01,534458.0
2018-03-02,534686.0
2018-03-05,530042.0
2018-03-06,511534.0
2018-03-07,556974.0
2018-03-08,563302.0
2018-03-09,554966.0
2018-03-12,530630.0
2018-03-13,511358.0
2018-03-14,518172.0
2018-03-15,526628.0
2018-03-16,501738.0
2018-03-19,513050.0
2018-03-20,470350.0
2018-03-21,517268.0
2018-03-22,594090.0
2018-03-23,506274.0
2018-03-26,485994.0
2018-03-27,467422.0
2018-03-28,461536.0
2018-03-29,440326.0
2018-03-30,431994.0
2018-04-02,390016.0
2018-04-03,367280.0
2018-04-04,331594.0
2018-04-09,329126.0
2018-04-10,332496.0
2018-04-11,339546.0
2018-04-12,324038.0
2018-04-13,310700.0
2018-04-16,319474.0
2018-04-17,289988.0
2018-04-18,297634.0
2018-04-19,279688.0
2018-04-20,266402.0
2018-04-23,259390.0
2018-04-24,252866.0
2018-04-25,268276.0
2018-04-26,249380.0
2018-04-27,251948.0
2018-05-02,253606.0
2018-05-03,259848.0
2018-05-04,275444.0
2018-05-07,263978.0
2018-05-08,262926.0
2018-05-09,354592.0
2018-05-10,318388.0
2018-05-11,328942.0
2018-05-14,322228.0
2018-05-15,328318.0
2018-05-16,322298.0
2018-05-17,305628.0
2018-05-18,334956.0
2018-05-21,303582.0
2018-05-22,278594.0
2018-05-23,282470.0
2018-05-24,284658.0
2018-05-25,269278.0
2018-05-28,325846.0
2018-05-29,291644.0
2018-05-30,283946.0
2018-05-31,314958.0
2018-06-01,301366.0
2018-06-04,303942.0
2018-06-05,293070.0
2018-06-06,300008.0
2018-06-07,302228.0
2018-06-08,280638.0
2018-06-11,279658.0
2018-06-12,278728.0
2018-06-13,270894.0
2018-06-14,255132.0
2018-06-15,286098.0
2018-06-19,241340.0
2018-06-20,253122.0
2018-06-21,249328.0
2018-06-22,263118.0
2018-06-25,250014.0
2018-06-26,282658.0
2018-06-27,262874.0
2018-06-28,274978.0
2018-06-29,251802.0
2018-07-02,267586.0
2018-07-03,258528.0
2018-07-04,280336.0
2018-07-05,251082.0
2018-07-06,264512.0
2018-07-09,253980.0
2018-07-10,282682.0
2018-07-11,263900.0
2018-07-12,297892.0
2018-07-13,279756.0
2018-07-16,285220.0
2018-07-17,275512.0
2018-07-18,266992.0
2018-07-19,266156.0
2018-07-20,257394.0
2018-07-23,257298.0
2018-07-24,252186.0
2018-07-25,228360.0
2018-07-26,219438.0
2018-07-27,225200.0
2018-07-30,223832.0
2018-07-31,220604.0
2018-08-01,225820.0
2018-08-02,220920.0
2018-08-03,240860.0
2018-08-06,221938.0
2018-08-07,226008.0
2018-08-08,221548.0
2018-08-09,247010.0
2018-08-10,244422.0
2018-08-13,243096.0
2018-08-14,296334.0
2018-08-15,281288.0
2018-08-16,297464.0
2018-08-17,256944.0
2018-08-20,247104.0
2018-08-21,231030.0
2018-08-22,248224.0
2018-08-23,242628.0
2018-08-24,248498.0
2018-08-27,230892.0
2018-08-28,232618.0
2018-08-29,231330.0
2018-08-30,228254.0
2018-08-31,224066.0
2018-09-03,229738.0
2018-09-04,223108.0
2018-09-05,282768.0
2018-09-06,259126.0
2018-09-07,297830.0
2018-09-10,260994.0
2018-09-11,269512.0
2018-09-12,241440.0
2018-09-13,247370.0
2018-09-14,241736.0
2018-09-17,251484.0
2018-09-18,240460.0
2018-09-19,254318.0
2018-09-20,228406.0
2018-09-21,224064.0
2018-09-25,225742.0
2018-09-26,211044.0
2018-09-27,193344.0
2018-09-28,189928.0
2018-10-08,232170.0
2018-10-09,229718.0
2018-10-10,210244.0
2018-10-11,233012.0
2018-10-12,222992.0
2018-10-15,281170.0
2018-10-16,271392.0
2018-10-17,270460.0
2018-10-18,290514.0
2018-10-19,275932.0
2018-10-22,276658.0
2018-10-23,265944.0
2018-10-24,268806.0
2018-10-25,253706.0
2018-10-26,260250.0
2018-10-29,249918.0
2018-10-30,259636.0
2018-10-31,254004.0
2018-11-01,254974.0
2018-11-02,286628.0
2018-11-05,265778.0
2018-11-06,268552.0
2018-11-07,252682.0
2018-11-08,340456.0
2018-11-09,312318.0
2018-11-12,298258.0
2018-11-13,287722.0
2018-11-14,264436.0
2018-11-15,267784.0
2018-11-16,259178.0
2018-11-19,247614.0
2018-11-20,231328.0
2018-11-21,250896.0
2018-11-22,216938.0
2018-11-23,227278.0
2018-11-26,253100.0
2018-11-27,232228.0
2018-11-28,221628.0
2018-11-29,211192.0
2018-11-30,227084.0
2018-12-03,213582.0
2018-12-04,197656.0
2018-12-05,203712.0
2018-12-06,206362.0
2018-12-07,241168.0
2018-12-10,221226.0
2018-12-11,219798.0
2018-12-12,202932.0
2018-12-13,205738.0
2018-12-14,187004.0
2018-12-17,197446.0
2018-12-18,197538.0
2018-12-19,200518.0
2018-12-20,201060.0
2018-12-21,206462.0
2018-12-24,208802.0
2018-12-25,210148.0
2018-12-26,194906.0
2018-12-27,190476.0
2018-12-28,167796.0
2019-01-02,173228.0
2019-01-03,197452.0
2019-01-04,210458.0
2019-01-07,207622.0
2019-01-08,224376.0
2019-01-09,219154.0
2019-01-10,227248.0
2019-01-11,259088.0
2019-01-14,239750.0
2019-01-15,248238.0
2019-01-16,243298.0
2019-01-17,239210.0
2019-01-18,237834.0
2019-01-21,262256.0
2019-01-22,240800.0
2019-01-23,246480.0
2019-01-24,247416.0
2019-01-25,250488.0
2019-01-28,255260.0
2019-01-29,244748.0
2019-01-30,253648.0
2019-01-31,237882.0
2019-02-01,233014.0
2019-02-11,239802.0
2019-02-12,256700.0
2019-02-13,260462.0
2019-02-14,251974.0
2019-02-15,259892.0
2019-02-18,238592.0
2019-02-19,278522.0
2019-02-20,251202.0
2019-02-21,253628.0
2019-02-22,225190.0
2019-02-25,240196.0
2019-02-26,231618.0
2019-02-27,260790.0
2019-02-28,272022.0
2019-03-01,248462.0
2019-03-04,271556.0
2019-03-05,258924.0
2019-03-06,298404.0
2019-03-07,297436.0
2019-03-08,307650.0
2019-03-11,308570.0
2019-03-12,307728.0
2019-03-13,304606.0
2019-03-14,309810.0
2019-03-15,314840.0
2019-03-18,311340.0
2019-03-19,327566.0
2019-03-20,320486.0
2019-03-21,320070.0
2019-03-22,304138.0
2019-03-25,305078.0
2019-03-26,302210.0
2019-03-27,310088.0
2019-03-28,292294.0
2019-03-29,306106.0
2019-04-01,296166.0
2019-04-02,295112.0
2019-04-03,284814.0
2019-04-04,265394.0
2019-04-08,278736.0
2019-04-09,277862.0
2019-04-10,283870.0
2019-04-11,303368.0
2019-04-12,289480.0
2019-04-15,265674.0
2019-04-16,255848.0
2019-04-17,260402.0
2019-04-18,252610.0
2019-04-19,255712.0
2019-04-22,264604.0
2019-04-23,269848.0
2019-04-24,263094.0
2019-04-25,265518.0
2019-04-26,268158.0
2019-04-29,254078.0
2019-04-30,244390.0
2019-05-06,267140.0
2019-05-07,264940.0
2019-05-08,262680.0
2019-05-09,270512.0
2019-05-10,261674.0
2019-05-13,280696.0
2019-05-14,277532.0
2019-05-15,316248.0
2019-05-16,300332.0
2019-05-17,322146.0
2019-05-20,300306.0
2019-05-21,300650.0
2019-05-22,321124.0
2019-05-23,300140.0
2019-05-24,294628.0
2019-05-27,309418.0
2019-05-28,306868.0
2019-05-29,295174.0
2019-05-30,302602.0
2019-05-31,319026.0
2019-06-03,327096.0
2019-06-04,344684.0
2019-06-05,337908.0
2019-06-06,333944.0
2019-06-10,329070.0
2019-06-11,415850.0
2019-06-12,346370.0
2019-06-13,367662.0
2019-06-14,358400.0
2019-06-17,355776.0
2019-06-18,364568.0
2019-06-19,398370.0
2019-06-20,415104.0
2019-06-21,406408.0
2019-06-24,405812.0
2019-06-25,405404.0
2019-06-26,447278.0
2019-06-27,411542.0
2019-06-28,410632.0
2019-07-01,422398.0
2019-07-02,439114.0
2019-07-03,425478.0
2019-07-04,417738.0
2019-07-05,402010.0
2019-07-08,384302.0
2019-07-09,379676.0
2019-07-10,390024.0
2019-07-11,375990.0
2019-07-12,384580.0
2019-07-15,370054.0
2019-07-16,374700.0
2019-07-17,372260.0
2019-07-18,359260.0
2019-07-19,374420.0
2019-07-22,369326.0
2019-07-23,368458.0
2019-07-24,390304.0
2019-07-25,410410.0
2019-07-26,411420.0
2019-07-29,420008.0
2019-07-30,436860.0
2019-07-31,442596.0
2019-08-01,435804.0
2019-08-02,452816.0
2019-08-05,422418.0
2019-08-06,425918.0
2019-08-07,451198.0
2019-08-08,443304.0
2019-08-09,447482.0
2019-08-12,455408.0
2019-08-13,459638.0
2019-08-14,473172.0
2019-08-15,466646.0
2019-08-16,455530.0
2019-08-19,455502.0
2019-08-20,464384.0
2019-08-21,464182.0
2019-08-22,473452.0
2019-08-23,448596.0
2019-08-26,434726.0
2019-08-27,429226.0
2019-08-28,424914.0
2019-08-29,419804.0
2019-08-30,412690.0
2019-09-02,400828.0
2019-09-03,401046.0
2019-09-04,400992.0
2019-09-05,399034.0
2019-09-06,399184.0
2019-09-09,408454.0
2019-09-10,406088.0
2019-09-11,413752.0
2019-09-12,459892.0
2019-09-16,473426.0
2019-09-17,458448.0
2019-09-18,471692.0
2019-09-19,465510.0
2019-09-20,471572.0
2019-09-23,473704.0
2019-09-24,482526.0
2019-09-25,433472.0
2019-09-26,414744.0
2019-09-27,423310.0
2019-09-30,400088.0
2019-10-08,406346.0
2019-10-09,456080.0
2019-10-10,515824.0
2019-10-11,529758.0
2019-10-14,548760.0
2019-10-15,558058.0
2019-10-16,584116.0
2019-10-17,658518.0
2019-10-18,799668.0
2019-10-21,862096.0
2019-10-22,862398.0
2019-10-23,873102.0
2019-10-24,883592.0
2019-10-25,859920.0
2019-10-28,807378.0
2019-10-29,776930.0
2019-10-30,766214.0
2019-10-31,750508.0
2019-11-01,793050.0
2019-11-04,775400.0
2019-11-05,768744.0
2019-11-06,754228.0
2019-11-07,738220.0
2019-11-08,709418.0
2019-11-11,656036.0
2019-11-12,621694.0
2019-11-13,634212.0
2019-11-14,631250.0
2019-11-15,636332.0
2019-11-18,639434.0
2019-11-19,639154.0
2019-11-20,621848.0
2019-11-21,631648.0
2019-11-22,606800.0
2019-11-25,595248.0
2019-11-26,593354.0
2019-11-27,605292.0
2019-11-28,599608.0
2019-11-29,588472.0
2019-12-02,586282.0
2019-12-03,585536.0
2019-12-04,553160.0
2019-12-05,504748.0
2019-12-06,498690.0
2019-12-09,479032.0
2019-12-10,482176.0
2019-12-11,474176.0
2019-12-12,432694.0
2019-12-13,421094.0
2019-12-16,409640.0
2019-12-17,391848.0
2019-12-18,464306.0
2019-12-19,434606.0
2019-12-20,412144.0
2019-12-23,400458.0
2019-12-24,415592.0
2019-12-25,404254.0
2019-12-26,402004.0
2019-12-27,415040.0
2019-12-30,406276.0
2019-12-31,381780.0
2020-01-02,206203.0
2020-01-03,231569.0
2020-01-06,243942.0
2020-01-07,249189.0
2020-01-08,249408.0
2020-01-09,262646.0
2020-01-10,260504.0
2020-01-13,276066.0
2020-01-14,272979.0
2020-01-15,284908.0
2020-01-16,276319.0
2020-01-17,273224.0
2020-01-20,270259.0
2020-01-21,260575.0
2020-01-22,250990.0
2020-01-23,228624.0
2020-02-03,215836.0
2020-02-04,229202.0
2020-02-05,242722.0
2020-02-06,213682.0
2020-02-07,211442.0
2020-02-10,219296.0
2020-02-11,222167.0
2020-02-12,223024.0
2020-02-13,240658.0
2020-02-14,234982.0
2020-02-17,232370.0
2020-02-18,234608.0
2020-02-19,228556.0
2020-02-20,222035.0
2020-02-21,225625.0
2020-02-24,232721.0
2020-02-25,239728.0
2020-02-26,234698.0
2020-02-27,233859.0
2020-02-28,238836.0
2020-03-02,219865.0
2020-03-03,234608.0
2020-03-04,232986.0
2020-03-05,230577.0
2020-03-06,234337.0
2020-03-09,230461.0
2020-03-10,209579.0
2020-03-11,204421.0
2020-03-12,204826.0
2020-03-13,211058.0
2020-03-16,233029.0
2020-03-17,218495.0
2020-03-18,222346.0
2020-03-19,214514.0
2020-03-20,204843.0
2020-03-23,219938.0
2020-03-24,217864.0
2020-03-25,211633.0
2020-03-26,226097.0
2020-03-27,221069.0
2020-03-30,215414.0
2020-03-31,204924.0
2020-04-01,200836.0
2020-04-02,201839.0
2020-04-03,218774.0
2020-04-07,223708.0
2020-04-08,238390.0
2020-04-09,251476.0
2020-04-10,257744.0
2020-04-13,307728.0
2020-04-14,285110.0
2020-04-15,340156.0
2020-04-16,320111.0
2020-04-17,366171.0
2020-04-20,382606.0
2020-04-21,339800.0
2020-04-22,340224.0
2020-04-23,358177.0
2020-04-24,365311.0
2020-04-27,356346.0
2020-04-28,342732.0
2020-04-29,337224.0
2020-04-30,325738.0
2020-05-06,345541.0
2020-05-07,372088.0
2020-05-08,363468.0
2020-05-11,379620.0
2020-05-12,367985.0
2020-05-13,386164.0
2020-05-14,362555.0
2020-05-15,339519.0
2020-05-18,331081.0
2020-05-19,335967.0
2020-05-20,332392.0
2020-05-21,321090.0
2020-05-22,320216.0
2020-05-25,336071.0
2020-05-26,335528.0
2020-05-27,316736.0
2020-05-28,308013.0
2020-05-29,299099.0
2020-06-01,302184.0
2020-06-02,305791.0
2020-06-03,295208.0
2020-06-04,299284.0
2020-06-05,296971.0
2020-06-08,292124.0
2020-06-09,316289.0
2020-06-10,317529.0
2020-06-11,323265.0
2020-06-12,319040.0
2020-06-15,309370.0
2020-06-16,308130.0
2020-06-17,300283.0
2020-06-18,292772.0
2020-06-19,289174.0
2020-06-22,288747.0
2020-06-23,292643.0
2020-06-24,293706.0
2020-06-29,281644.0
2020-06-30,289187.0
2020-07-01,295268.0
2020-07-02,305177.0
2020-07-03,293662.0
2020-07-06,298259.0
2020-07-07,335268.0
2020-07-08,328814.0
2020-07-09,338596.0
2020-07-10,334417.0
2020-07-13,337315.0
2020-07-14,344683.0
2020-07-15,353642.0
2020-07-16,358631.0
2020-07-17,392326.0
2020-07-20,379183.0
2020-07-21,396817.0
2020-07-22,383742.0
2020-07-23,396474.0
2020-07-24,387276.0
2020-07-27,397778.0
2020-07-28,404623.0
2020-07-29,410313.0
2020-07-30,439482.0
2020-07-31,464298.0
2020-08-03,534162.0
2020-08-04,491311.0
2020-08-05,523808.0
2020-08-06,537309.0
2020-08-07,552913.0
2020-08-10,551583.0
2020-08-11,617381.0
2020-08-12,575012.0
2020-08-13,692837.0
2020-08-14,670008.0
2020-08-17,726350.0
2020-08-18,771483.0
2020-08-19,767734.0
2020-08-20,800148.0
2020-08-21,751616.0
2020-08-24,753587.0
2020-08-25,790583.0
2020-08-26,785875.0
2020-08-27,828148.0
2020-08-28,924242.0
2020-08-31,978684.0
2020-09-01,926041.0
2020-09-02,949056.0
2020-09-03,911665.0
2020-09-04,793975.0
2020-09-07,805759.0
2020-09-08,787590.0
2020-09-09,800836.0
2020-09-10,799600.0
2020-09-11,775926.0
2020-09-14,842054.0
2020-09-15,785003.0
2020-09-16,777733.0
2020-09-17,793062.0
2020-09-18,761207.0
2020-09-21,752606.0
2020-09-22,740119.0
2020-09-23,707048.0
2020-09-24,718155.0
2020-09-25,716222.0
2020-09-28,678934.0
2020-09-29,637642.0
2020-09-30,547246.0
2020-10-09,597684.0
2020-10-12,691483.0
2020-10-13,682861.0
2020-10-14,666452.0
2020-10-15,659818.0
2020-10-16,655314.0
2020-10-19,657969.0
2020-10-20,664064.0
2020-10-21,645747.0
2020-10-22,642053.0
2020-10-23,620511.0
2020-10-26,633413.0
2020-10-27,673213.0
2020-10-28,620501.0
2020-10-29,599425.0
2020-10-30,590715.0
2020-11-02,568708.0
2020-11-03,561797.0
2020-11-04,549840.0
2020-11-05,547056.0
2020-11-06,559767.0
2020-11-09,535305.0
2020-11-10,552894.0
2020-11-11,612678.0
2020-11-12,639184.0
2020-11-13,612481.0
2020-11-16,608048.0
2020-11-17,611178.0
2020-11-18,572437.0
2020-11-19,629759.0
2020-11-20,628153.0
2020-11-23,596691.0
2020-11-24,581129.0
2020-11-25,573631.0
2020-11-26,588608.0
2020-11-27,587601.0
2020-11-30,570528.0
2020-12-01,567088.0
2020-12-02,597793.0
2020-12-03,586268.0
2020-12-04,574505.0
2020-12-07,589417.0
2020-12-08,624807.0
2020-12-09,606653.0
2020-12-10,573848.0
2020-12-11,562336.0
2020-12-14,585118.0
2020-12-15,572902.0
2020-12-16,606253.0
2020-12-17,617692.0
2020-12-18,595391.0
2020-12-21,582758.0
2020-12-22,538737.0
2020-12-23,528324.0
2020-12-24,532438.0
2020-12-25,508543.0
2020-12-28,489667.0
2020-12-29,497519.0
2020-12-30,490504.0
2020-12-31,479325.0
2021-01-04,486521.0
2021-01-05,489129.0
2021-01-06,521911.0
2021-01-07,527691.0
2021-01-08,504166.0
2021-01-11,519046.0
2021-01-12,517261.0
2021-01-13,542250.0
2021-01-14,539251.0
2021-01-15,516036.0
2021-01-18,531698.0
2021-01-19,556151.0
2021-01-20,557604.0
2021-01-21,556900.0
2021-01-22,561350.0
2021-01-25,615142.0
2021-01-26,596575.0
2021-01-27,580095.0
2021-01-28,602012.0
2021-01-29,584183.0
2021-02-01,581987.0
2021-02-02,573775.0
2021-02-03,570936.0
2021-02-04,567134.0
2021-02-05,598311.0
2021-02-08,591783.0
2021-02-09,566592.0
2021-02-10,521288.0
2021-02-18,559886.0
2021-02-19,573124.0
2021-02-22,618871.0
2021-02-23,617014.0
2021-02-24,640745.0
2021-02-25,611002.0
2021-02-26,604623.0
2021-03-01,604988.0
2021-03-02,634281.0
2021-03-03,620057.0
2021-03-04,664751.0
2021-03-05,709247.0
2021-03-08,672410.0
2021-03-09,636353.0
2021-03-10,632184.0
2021-03-11,588104.0
2021-03-12,591008.0
2021-03-15,580815.0
2021-03-16,657227.0
2021-03-17,648146.0
2021-03-18,664520.0
2021-03-19,616105.0
2021-03-22,692219.0
2021-03-23,666269.0
2021-03-24,687341.0
2021-03-25,676805.0
2021-03-26,782927.0
2021-03-29,745186.0
2021-03-30,772295.0
2021-03-31,720455.0
2021-04-01,742522.0
2021-04-02,716400.0
2021-04-06,736115.0
2021-04-07,754461.0
2021-04-08,772102.0
2021-04-09,734295.0
2021-04-12,821672.0
2021-04-13,889867.0
2021-04-14,888747.0
2021-04-15,962056.0
2021-04-16,955595.0
2021-04-19,947264.0
2021-04-20,987303.0
2021-04-21,953982.0
2021-04-22,929867.0
2021-04-23,928515.0
2021-04-26,931250.0
2021-04-27,970080.0
2021-04-28,952657.0
2021-04-29,880034.0
2021-04-30,842018.0
2021-05-06,824799.0
2021-05-07,845409.0
2021-05-10,797811.0
2021-05-11,724475.0
2021-05-12,770270.0
2021-05-13,783000.0
2021-05-14,722698.0
2021-05-17,756435.0
2021-05-18,787999.0
2021-05-19,739249.0
2021-05-20,741069.0
2021-05-21,727496.0
2021-05-24,751314.0
2021-05-25,760750.0
2021-05-26,760818.0
2021-05-27,779949.0
2021-05-28,757602.0
2021-05-31,728006.0
2021-06-01,635989.0
2021-06-02,608777.0
2021-06-03,595348.0
2021-06-04,590805.0
2021-06-07,579046.0
2021-06-08,569127.0
2021-06-09,580047.0
2021-06-10,579069.0
2021-06-11,599269.0
2021-06-15,565164.0
2021-06-16,591094.0
2021-06-17,596465.0
2021-06-18,580807.0
2021-06-21,612607.0
2021-06-22,649970.0
2021-06-23,634274.0
2021-06-24,713435.0
2021-06-25,694867.0
2021-06-28,698371.0
2021-06-29,728455.0
2021-06-30,714803.0
2021-07-01,702097.0
2021-07-02,707186.0
2021-07-05,671987.0
2021-07-06,687377.0
2021-07-07,711645.0
2021-07-08,778100.0
2021-07-09,744940.0
2021-07-12,795779.0
2021-07-13,843164.0
2021-07-14,840421.0
2021-07-15,805338.0
2021-07-16,798173.0
2021-07-19,742585.0
2021-07-20,707740.0
2021-07-21,706106.0
2021-07-22,735764.0
2021-07-23,738640.0
2021-07-26,669635.0
2021-07-27,584702.0
2021-07-28,575092.0
2021-07-29,583183.0
2021-07-30,575158.0
2021-08-02,554445.0
2021-08-03,513543.0
2021-08-04,512517.0
2021-08-05,491473.0
2021-08-06,480553.0
2021-08-09,465837.0
2021-08-10,455234.0
2021-08-11,437260.0
2021-08-12,427921.0
2021-08-13,428647.0
2021-08-16,421372.0
2021-08-17,423328.0
2021-08-18,436031.0
2021-08-19,443923.0
2021-08-20,440016.0
2021-08-23,427424.0
2021-08-24,417195.0
2021-08-25,418620.0
2021-08-26,438662.0
2021-08-27,445630.0
2021-08-30,428169.0
2021-08-31,429735.0
2021-09-01,423684.0
2021-09-02,426113.0
2021-09-03,418868.0
2021-09-06,426677.0
2021-09-07,439440.0
2021-09-08,458957.0
2021-09-09,464074.0
2021-09-10,464418.0
2021-09-13,474372.0
2021-09-14,472569.0
2021-09-15,444290.0
2021-09-16,434981.0
2021-09-17,397862.0
2021-09-22,382654.0
2021-09-23,371569.0
2021-09-24,371421.0
2021-09-27,341152.0
2021-09-28,335948.0
2021-09-29,331194.0
2021-09-30,302865.0
2021-10-08,338697.0
2021-10-11,349910.0
2021-10-12,370948.0
2021-10-13,343815.0
2021-10-14,357148.0
2021-10-15,355841.0
2021-10-18,373178.0
2021-10-19,370056.0
2021-10-20,363301.0
2021-10-21,372068.0
2021-10-22,379329.0
2021-10-25,374834.0
2021-10-26,362595.0
2021-10-27,372328.0
2021-10-28,350147.0
2021-10-29,373874.0
2021-11-01,396549.0
2021-11-02,394010.0
2021-11-03,385882.0
2021-11-04,394735.0
2021-11-05,406806.0
2021-11-08,415887.0
2021-11-09,415473.0
2021-11-10,421623.0
2021-11-11,414658.0
2021-11-12,421460.0
2021-11-15,446686.0
2021-11-16,454366.0
2021-11-17,444041.0
2021-11-18,435278.0
2021-11-19,414215.0
2021-11-22,412903.0
2021-11-23,417588.0
2021-11-24,420328.0
2021-11-25,427792.0
2021-11-26,440595.0
2021-11-29,436886.0
2021-11-30,433548.0
2021-12-01,428850.0
2021-12-02,436440.0
2021-12-03,445576.0
2021-12-06,438690.0
2021-12-07,430671.0
2021-12-08,406877.0
2021-12-09,400716.0
2021-12-10,397823.0
2021-12-13,381860.0
2021-12-14,380084.0
2021-12-15,384448.0
2021-12-16,381294.0
2021-12-17,380039.0
2021-12-20,389283.0
2021-12-21,378696.0
2021-12-22,388864.0
2021-12-23,387547.0
2021-12-24,430164.0
2021-12-27,405827.0
2021-12-28,411571.0
2021-12-29,404750.0
2021-12-30,414077.0
2021-12-31,409483.0
2022-01-04,422265.0
2022-01-05,407627.0
2022-01-06,394750.0
2022-01-07,381035.0
2022-01-10,382101.0
2022-01-11,399038.0
2022-01-12,424882.0
2022-01-13,420787.0
2022-01-14,439602.0
2022-01-17,434609.0
2022-01-18,433452.0
2022-01-19,433575.0
2022-01-20,435234.0
2022-01-21,442702.0
2022-01-24,427807.0
2022-01-25,420670.0
2022-01-26,428359.0
2022-01-27,428470.0
2022-01-28,390317.0
2022-02-07,421651.0
2022-02-08,438089.0
2022-02-09,467132.0
2022-02-10,493840.0
2022-02-11,502348.0
2022-02-14,490770.0
2022-02-15,468564.0
2022-02-16,508219.0
2022-02-17,514646.0
2022-02-18,513915.0
2022-02-21,526113.0
2022-02-22,556777.0
2022-02-23,566758.0
2022-02-24,580544.0
2022-02-25,559443.0
2022-02-28,538450.0
2022-03-01,538201.0
2022-03-02,587436.0
2022-03-03,616596.0
2022-03-04,617731.0
2022-03-07,640196.0
2022-03-08,598269.0
2022-03-09,615206.0
2022-03-10,590094.0
2022-03-11,584986.0
2022-03-14,585688.0
2022-03-15,595332.0
2022-03-16,591859.0
2022-03-17,603510.0
2022-03-18,634208.0
2022-03-21,690510.0
2022-03-22,659074.0
2022-03-23,644893.0
2022-03-24,638829.0
2022-03-25,667325.0
2022-03-28,695336.0
2022-03-29,730370.0
2022-03-30,755315.0
2022-03-31,751617.0
2022-04-01,747685.0
2022-04-06,826382.0
2022-04-07,802774.0
2022-04-08,771579.0
2022-04-11,766225.0
2022-04-12,775501.0
2022-04-13,790042.0
2022-04-14,810489.0
2022-04-15,857382.0
2022-04-18,826295.0
2022-04-19,826055.0
2022-04-20,827816.0
2022-04-21,835991.0
2022-04-22,839571.0
2022-04-25,829534.0
2022-04-26,828138.0
2022-04-27,835072.0
2022-04-28,805385.0
2022-04-29,762872.0
2022-05-05,800451.0
2022-05-06,835383.0
2022-05-09,864682.0
2022-05-10,812834.0
2022-05-11,832602.0
2022-05-12,867999.0
2022-05-13,867244.0
2022-05-16,887156.0
2022-05-17,902159.0
2022-05-18,919616.0
2022-05-19,906844.0
2022-05-20,932611.0
2022-05-23,994070.0
2022-05-24,1039250.0
2022-05-25,1012894.0
2022-05-26,1024889.0
2022-05-27,1061757.0
2022-05-30,1119808.0
2022-05-31,1186544.0
2022-06-01,1220964.0
2022-06-02,1220939.0
2022-06-06,1268916.0
2022-06-07,1281313.0
2022-06-08,1280085.0
2022-06-09,1314275.0
2022-06-10,1327329.0
2022-06-13,1351570.0
2022-06-14,1391827.0
2022-06-15,1390365.0
2022-06-16,1393873.0
2022-06-17,1358553.0
2022-06-20,1307976.0
2022-06-21,1288945.0
2022-06-22,1307762.0
2022-06-23,1244055.0
2022-06-24,1227441.0
2022-06-27,1247232.0
2022-06-28,1275825.0
2022-06-29,1264962.0
2022-06-30,1294350.0
2022-07-01,1305288.0
2022-07-04,1302276.0
2022-07-05,1292060.0
2022-07-06,1213390.0
2022-07-07,1239018.0
2022-07-08,1243708.0
2022-07-11,1189126.0
2022-07-12,1167260.0
2022-07-13,1165199.0
2022-07-14,1201975.0
2022-07-15,1180094.0
2022-07-18,1179797.0
2022-07-19,1244554.0
2022-07-20,1263251.0
2022-07-21,1277207.0
2022-07-22,1248633.0
2022-07-25,1156378.0
2022-07-26,1146556.0
2022-07-27,1134021.0
2022-07-28,1105915.0
2022-07-29,1114256.0
2022-08-01,1145538.0
2022-08-02,1100345.0
2022-08-03,1092035.0
2022-08-04,1108827.0
2022-08-05,1112813.0
2022-08-08,1147048.0
2022-08-09,1140680.0
2022-08-10,1159305.0
2022-08-11,1132546.0
2022-08-12,1144386.0
2022-08-15,1183887.0
2022-08-16,1225181.0
2022-08-17,1239740.0
2022-08-18,1262695.0
2022-08-19,1294069.0
2022-08-22,1223936.0
2022-08-23,1261087.0
2022-08-24,1236796.0
2022-08-25,1301848.0
2022-08-26,1271472.0
2022-08-29,1263597.0
2022-08-30,1331647.0
2022-08-31,1190720.0
2022-09-01,1213616.0
2022-09-02,1220863.0
2022-09-05,1181606.0
2022-09-06,1181600.0
2022-09-07,1150562.0
2022-09-08,1168448.0
2022-09-09,1122127.0
2022-09-13,1157269.0
2022-09-14,1118711.0
2022-09-15,1139814.0
2022-09-16,1125976.0
2022-09-19,1112759.0
2022-09-20,1125773.0
2022-09-21,1121737.0
2022-09-22,1106778.0
2022-09-23,1104580.0
2022-09-26,1086231.0
2022-09-27,1098071.0
2022-09-28,1091193.0
2022-09-29,1029081.0
2022-09-30,984170.0
2022-10-10,1052966.0
2022-10-11,1080534.0
2022-10-12,1077384.0
2022-10-13,1113702.0
2022-10-14,1111462.0
2022-10-17,1131944.0
2022-10-18,1109823.0
2022-10-19,1147224.0
2022-10-20,1136740.0
2022-10-21,1128979.0
2022-10-24,1171618.0
2022-10-25,1225499.0
2022-10-26,1238734.0
2022-10-27,1278493.0
2022-10-28,1214902.0
2022-10-31,1216951.0
2022-11-01,1224869.0
2022-11-02,1241633.0
2022-11-03,1248237.0
2022-11-04,1201316.0
2022-11-07,1268407.0
2022-11-08,1270257.0
2022-11-09,1250418.0
2022-11-10,1240832.0
2022-11-11,1221645.0
