trading_date,J_total_oi
2013-11-05,360666.0
2013-11-06,368496.0
2013-11-07,360522.0
2013-11-08,361674.0
2013-11-11,340658.0
2013-11-12,346626.0
2013-11-13,344668.0
2013-11-14,343266.0
2013-11-15,328186.0
2013-11-18,333434.0
2013-11-19,348650.0
2013-11-20,311676.0
2013-11-21,306992.0
2013-11-22,299180.0
2013-11-25,304490.0
2013-11-26,327044.0
2013-11-27,296076.0
2013-11-28,297646.0
2013-11-29,289794.0
2013-12-02,306448.0
2013-12-03,286140.0
2013-12-04,284086.0
2013-12-05,283350.0
2013-12-06,285802.0
2013-12-09,272882.0
2013-12-10,267120.0
2013-12-11,278244.0
2013-12-12,274258.0
2013-12-13,252048.0
2013-12-16,265158.0
2013-12-17,241084.0
2013-12-18,227140.0
2013-12-19,222856.0
2013-12-20,214046.0
2013-12-23,229294.0
2013-12-24,243880.0
2013-12-25,247214.0
2013-12-26,243432.0
2013-12-27,237246.0
2013-12-30,247106.0
2013-12-31,220106.0
2014-01-02,228992.0
2014-01-03,229848.0
2014-01-06,230240.0
2014-01-07,245746.0
2014-01-08,234792.0
2014-01-09,276252.0
2014-01-10,271542.0
2014-01-13,261846.0
2014-01-14,260352.0
2014-01-15,251068.0
2014-01-16,261020.0
2014-01-17,265440.0
2014-01-20,260818.0
2014-01-21,266654.0
2014-01-22,273240.0
2014-01-23,256856.0
2014-01-24,240064.0
2014-01-27,225048.0
2014-01-28,219072.0
2014-01-29,193434.0
2014-01-30,181726.0
2014-02-07,189948.0
2014-02-10,225974.0
2014-02-11,244584.0
2014-02-12,253950.0
2014-02-13,243854.0
2014-02-14,265912.0
2014-02-17,248262.0
2014-02-18,254064.0
2014-02-19,268578.0
2014-02-20,248852.0
2014-02-21,257298.0
2014-02-24,265870.0
2014-02-25,253576.0
2014-02-26,264898.0
2014-02-27,270746.0
2014-02-28,268504.0
2014-03-03,300410.0
2014-03-04,301502.0
2014-03-05,339056.0
2014-03-06,348998.0
2014-03-07,339424.0
2014-03-10,337650.0
2014-03-11,295170.0
2014-03-12,332286.0
2014-03-13,316094.0
2014-03-14,301756.0
2014-03-17,313704.0
2014-03-18,323566.0
2014-03-19,313176.0
2014-03-20,308250.0
2014-03-21,327054.0
2014-03-24,318540.0
2014-03-25,293118.0
2014-03-26,279412.0
2014-03-27,311112.0
2014-03-28,300672.0
2014-03-31,285226.0
2014-04-01,286542.0
2014-04-02,304014.0
2014-04-03,299590.0
2014-04-04,332524.0
2014-04-08,345632.0
2014-04-09,349066.0
2014-04-10,333166.0
2014-04-11,328524.0
2014-04-14,346404.0
2014-04-15,325018.0
2014-04-16,336714.0
2014-04-17,354428.0
2014-04-18,334796.0
2014-04-21,335204.0
2014-04-22,331708.0
2014-04-23,335562.0
2014-04-24,342232.0
2014-04-25,330792.0
2014-04-28,310640.0
2014-04-29,321984.0
2014-04-30,337974.0
2014-05-05,319948.0
2014-05-06,336710.0
2014-05-07,344124.0
2014-05-08,348114.0
2014-05-09,342654.0
2014-05-12,381024.0
2014-05-13,348542.0
2014-05-14,358288.0
2014-05-15,341154.0
2014-05-16,355346.0
2014-05-19,345030.0
2014-05-20,342930.0
2014-05-21,341840.0
2014-05-22,331462.0
2014-05-23,325648.0
2014-05-26,335072.0
2014-05-27,342238.0
2014-05-28,325660.0
2014-05-29,316326.0
2014-05-30,320446.0
2014-06-03,308596.0
2014-06-04,298010.0
2014-06-05,332256.0
2014-06-06,327578.0
2014-06-09,304524.0
2014-06-10,311498.0
2014-06-11,316298.0
2014-06-12,335002.0
2014-06-13,310260.0
2014-06-16,327166.0
2014-06-17,317186.0
2014-06-18,314344.0
2014-06-19,318542.0
2014-06-20,298404.0
2014-06-23,334424.0
2014-06-24,323770.0
2014-06-25,321174.0
2014-06-26,342164.0
2014-06-27,333996.0
2014-06-30,334072.0
2014-07-01,348850.0
2014-07-02,349342.0
2014-07-03,369546.0
2014-07-04,385546.0
2014-07-07,350500.0
2014-07-08,354152.0
2014-07-09,366138.0
2014-07-10,366152.0
2014-07-11,377160.0
2014-07-14,385332.0
2014-07-15,365874.0
2014-07-16,374412.0
2014-07-17,373070.0
2014-07-18,364950.0
2014-07-21,346192.0
2014-07-22,324292.0
2014-07-23,356360.0
2014-07-24,352644.0
2014-07-25,344600.0
2014-07-28,342464.0
2014-07-29,327662.0
2014-07-30,322392.0
2014-07-31,330260.0
2014-08-01,351606.0
2014-08-04,351978.0
2014-08-05,336526.0
2014-08-06,347880.0
2014-08-07,345770.0
2014-08-08,332746.0
2014-08-11,344742.0
2014-08-12,333512.0
2014-08-13,345052.0
2014-08-14,338730.0
2014-08-15,342806.0
2014-08-18,339084.0
2014-08-19,343436.0
2014-08-20,338930.0
2014-08-21,333266.0
2014-08-22,334112.0
2014-08-25,330628.0
2014-08-26,319866.0
2014-08-27,309200.0
2014-08-28,295910.0
2014-08-29,287016.0
2014-09-01,274468.0
2014-09-02,298576.0
2014-09-03,297306.0
2014-09-04,286714.0
2014-09-05,291570.0
2014-09-09,323508.0
2014-09-10,334512.0
2014-09-11,327752.0
2014-09-12,334002.0
2014-09-15,324878.0
2014-09-16,327774.0
2014-09-17,322954.0
2014-09-18,327008.0
2014-09-19,316618.0
2014-09-22,311466.0
2014-09-23,313260.0
2014-09-24,310230.0
2014-09-25,271480.0
2014-09-26,264406.0
2014-09-29,243240.0
2014-09-30,219058.0
2014-10-08,228280.0
2014-10-09,299434.0
2014-10-10,272238.0
2014-10-13,303240.0
2014-10-14,283564.0
2014-10-15,280982.0
2014-10-16,271762.0
2014-10-17,282540.0
2014-10-20,260638.0
2014-10-21,263550.0
2014-10-22,257060.0
2014-10-23,256176.0
2014-10-24,301042.0
2014-10-27,260450.0
2014-10-28,259950.0
2014-10-29,248636.0
2014-10-30,251702.0
2014-10-31,237740.0
2014-11-03,243928.0
2014-11-04,231114.0
2014-11-05,223022.0
2014-11-06,226400.0
2014-11-07,214276.0
2014-11-10,214662.0
2014-11-11,225516.0
2014-11-12,216352.0
2014-11-13,209176.0
2014-11-14,196214.0
2014-11-17,195206.0
2014-11-18,207958.0
2014-11-19,208164.0
2014-11-20,206332.0
2014-11-21,198800.0
2014-11-24,210000.0
2014-11-25,210768.0
2014-11-26,217456.0
2014-11-27,216198.0
2014-11-28,213768.0
2014-12-01,207776.0
2014-12-02,212724.0
2014-12-03,212360.0
2014-12-04,221062.0
2014-12-05,220744.0
2014-12-08,229012.0
2014-12-09,234694.0
2014-12-10,233144.0
2014-12-11,226640.0
2014-12-12,238434.0
2014-12-15,233488.0
2014-12-16,238946.0
2014-12-17,253018.0
2014-12-18,239876.0
2014-12-19,240242.0
2014-12-22,249998.0
2014-12-23,301200.0
2014-12-24,282620.0
2014-12-25,285496.0
2014-12-26,276928.0
2014-12-29,275014.0
2014-12-30,227592.0
2014-12-31,158332.0
2015-01-05,146720.0
2015-01-06,166088.0
2015-01-07,166302.0
2015-01-08,166144.0
2015-01-09,146438.0
2015-01-12,137154.0
2015-01-13,139632.0
2015-01-14,136980.0
2015-01-15,149020.0
2015-01-16,138840.0
2015-01-19,148190.0
2015-01-20,121454.0
2015-01-21,117844.0
2015-01-22,116692.0
2015-01-23,121078.0
2015-01-26,132410.0
2015-01-27,122330.0
2015-01-28,121696.0
2015-01-29,115586.0
2015-01-30,113392.0
2015-02-02,112034.0
2015-02-03,104446.0
2015-02-04,109416.0
2015-02-05,106264.0
2015-02-06,112420.0
2015-02-09,106756.0
2015-02-10,104772.0
2015-02-11,100974.0
2015-02-12,98300.0
2015-02-13,96654.0
2015-02-16,87488.0
2015-02-17,81354.0
2015-02-25,80860.0
2015-02-26,84084.0
2015-02-27,83728.0
2015-03-02,89256.0
2015-03-03,85134.0
2015-03-04,81706.0
2015-03-05,92330.0
2015-03-06,95150.0
2015-03-09,88770.0
2015-03-10,85422.0
2015-03-11,84748.0
2015-03-12,84534.0
2015-03-13,84506.0
2015-03-16,89894.0
2015-03-17,94972.0
2015-03-18,98598.0
2015-03-19,95508.0
2015-03-20,94806.0
2015-03-23,102476.0
2015-03-24,102008.0
2015-03-25,126826.0
2015-03-26,125476.0
2015-03-27,127612.0
2015-03-30,124358.0
2015-03-31,126336.0
2015-04-01,128360.0
2015-04-02,126794.0
2015-04-03,123758.0
2015-04-07,122592.0
2015-04-08,125358.0
2015-04-09,124794.0
2015-04-10,128632.0
2015-04-13,128502.0
2015-04-14,125972.0
2015-04-15,143446.0
2015-04-16,132302.0
2015-04-17,130794.0
2015-04-20,137822.0
2015-04-21,136808.0
2015-04-22,127288.0
2015-04-23,128328.0
2015-04-24,131076.0
2015-04-27,147432.0
2015-04-28,158218.0
2015-04-29,157964.0
2015-04-30,141846.0
2015-05-04,177090.0
2015-05-05,206002.0
2015-05-06,222800.0
2015-05-07,221806.0
2015-05-08,219922.0
2015-05-11,222932.0
2015-05-12,219970.0
2015-05-13,212754.0
2015-05-14,197486.0
2015-05-15,191710.0
2015-05-18,184300.0
2015-05-19,179308.0
2015-05-20,168850.0
2015-05-21,171066.0
2015-05-22,174570.0
2015-05-25,174242.0
2015-05-26,180940.0
2015-05-27,172336.0
2015-05-28,165000.0
2015-05-29,164928.0
2015-06-01,174428.0
2015-06-02,173896.0
2015-06-03,165760.0
2015-06-04,161652.0
2015-06-05,159964.0
2015-06-08,153898.0
2015-06-09,149714.0
2015-06-10,155090.0
2015-06-11,154406.0
2015-06-12,142008.0
2015-06-15,144600.0
2015-06-16,146116.0
2015-06-17,176378.0
2015-06-18,182848.0
2015-06-19,165236.0
2015-06-23,167876.0
2015-06-24,170056.0
2015-06-25,184064.0
2015-06-26,165626.0
2015-06-29,175902.0
2015-06-30,157280.0
2015-07-01,151984.0
2015-07-02,150520.0
2015-07-03,138378.0
2015-07-06,147182.0
2015-07-07,134522.0
2015-07-08,102156.0
2015-07-09,83152.0
2015-07-10,108516.0
2015-07-13,104954.0
2015-07-14,101796.0
2015-07-15,104534.0
2015-07-16,101908.0
2015-07-17,101070.0
2015-07-20,100254.0
2015-07-21,103532.0
2015-07-22,109510.0
2015-07-23,106304.0
2015-07-24,103308.0
2015-07-27,96032.0
2015-07-28,94436.0
2015-07-29,92154.0
2015-07-30,97974.0
2015-07-31,92954.0
2015-08-03,91900.0
2015-08-04,91114.0
2015-08-05,91448.0
2015-08-06,93626.0
2015-08-07,87870.0
2015-08-10,90740.0
2015-08-11,84594.0
2015-08-12,84182.0
2015-08-13,94702.0
2015-08-14,96062.0
2015-08-17,89798.0
2015-08-18,98140.0
2015-08-19,91764.0
2015-08-20,85150.0
2015-08-21,79530.0
2015-08-24,94898.0
2015-08-25,87094.0
2015-08-26,89120.0
2015-08-27,81994.0
2015-08-28,74166.0
2015-08-31,74760.0
2015-09-01,74278.0
2015-09-02,78052.0
2015-09-07,80986.0
2015-09-08,80684.0
2015-09-09,86502.0
2015-09-10,87120.0
2015-09-11,88274.0
2015-09-14,127902.0
2015-09-15,116560.0
2015-09-16,108944.0
2015-09-17,105388.0
2015-09-18,103626.0
2015-09-21,103982.0
2015-09-22,102716.0
2015-09-23,111106.0
2015-09-24,112696.0
2015-09-25,100042.0
2015-09-28,102586.0
2015-09-29,91150.0
2015-09-30,108870.0
2015-10-08,114352.0
2015-10-09,111254.0
2015-10-12,183560.0
2015-10-13,187886.0
2015-10-14,214314.0
2015-10-15,209952.0
2015-10-16,201046.0
2015-10-19,202454.0
2015-10-20,201080.0
2015-10-21,204060.0
2015-10-22,202940.0
2015-10-23,197972.0
2015-10-26,193452.0
2015-10-27,233868.0
2015-10-28,239676.0
2015-10-29,239846.0
2015-10-30,233216.0
2015-11-02,249714.0
2015-11-03,252102.0
2015-11-04,253280.0
2015-11-05,255570.0
2015-11-06,248414.0
2015-11-09,248544.0
2015-11-10,242008.0
2015-11-11,246340.0
2015-11-12,269178.0
2015-11-13,261182.0
2015-11-16,283482.0
2015-11-17,289690.0
2015-11-18,293486.0
2015-11-19,290418.0
2015-11-20,266824.0
2015-11-23,258962.0
2015-11-24,253014.0
2015-11-25,250578.0
2015-11-26,229574.0
2015-11-27,243992.0
2015-11-30,248022.0
2015-12-01,249978.0
2015-12-02,248104.0
2015-12-03,245610.0
2015-12-04,248170.0
2015-12-07,246330.0
2015-12-08,242754.0
2015-12-09,248856.0
2015-12-10,249970.0
2015-12-11,241200.0
2015-12-14,241564.0
2015-12-15,231372.0
2015-12-16,227438.0
2015-12-17,237250.0
2015-12-18,234468.0
2015-12-21,222404.0
2015-12-22,222818.0
2015-12-23,211806.0
2015-12-24,209870.0
2015-12-25,204788.0
2015-12-28,198192.0
2015-12-29,201776.0
2015-12-30,192798.0
2015-12-31,185776.0
2016-01-04,177194.0
2016-01-05,180030.0
2016-01-06,186738.0
2016-01-07,184740.0
2016-01-08,179096.0
2016-01-11,175052.0
2016-01-12,185970.0
2016-01-13,175864.0
2016-01-14,168422.0
2016-01-15,162840.0
2016-01-18,157498.0
2016-01-19,163040.0
2016-01-20,167460.0
2016-01-21,166742.0
2016-01-22,182038.0
2016-01-25,178894.0
2016-01-26,170530.0
2016-01-27,173848.0
2016-01-28,166020.0
2016-01-29,162358.0
2016-02-01,155140.0
2016-02-02,153496.0
2016-02-03,149716.0
2016-02-04,148330.0
2016-02-05,144126.0
2016-02-15,141302.0
2016-02-16,169516.0
2016-02-17,163962.0
2016-02-18,167880.0
2016-02-19,194934.0
2016-02-22,211462.0
2016-02-23,187264.0
2016-02-24,231968.0
2016-02-25,216644.0
2016-02-26,210158.0
2016-02-29,228582.0
2016-03-01,207808.0
2016-03-02,202016.0
2016-03-03,196514.0
2016-03-04,191524.0
2016-03-07,221380.0
2016-03-08,211360.0
2016-03-09,156814.0
2016-03-10,159432.0
2016-03-11,164076.0
2016-03-14,171464.0
2016-03-15,185158.0
2016-03-16,185046.0
2016-03-17,172314.0
2016-03-18,188960.0
2016-03-21,177918.0
2016-03-22,165848.0
2016-03-23,167870.0
2016-03-24,163020.0
2016-03-25,155656.0
2016-03-28,179424.0
2016-03-29,201736.0
2016-03-30,188234.0
2016-03-31,224978.0
2016-04-01,266722.0
2016-04-05,237084.0
2016-04-06,226632.0
2016-04-07,261962.0
2016-04-08,291762.0
2016-04-11,317226.0
2016-04-12,294024.0
2016-04-13,280586.0
2016-04-14,275024.0
2016-04-15,246080.0
2016-04-18,256642.0
2016-04-19,289990.0
2016-04-20,286552.0
2016-04-21,266596.0
2016-04-22,329608.0
2016-04-25,385720.0
2016-04-26,406724.0
2016-04-27,365400.0
2016-04-28,365378.0
2016-04-29,361142.0
2016-05-03,357114.0
2016-05-04,355866.0
2016-05-05,354068.0
2016-05-06,299586.0
2016-05-09,262010.0
2016-05-10,243230.0
2016-05-11,250108.0
2016-05-12,242218.0
2016-05-13,224420.0
2016-05-16,222562.0
2016-05-17,234648.0
2016-05-18,229776.0
2016-05-19,226090.0
2016-05-20,234116.0
2016-05-23,227430.0
2016-05-24,225026.0
2016-05-25,235990.0
2016-05-26,226258.0
2016-05-27,226976.0
2016-05-30,216614.0
2016-05-31,213148.0
2016-06-01,200894.0
2016-06-02,199528.0
2016-06-03,196074.0
2016-06-06,201226.0
2016-06-07,189334.0
2016-06-08,182458.0
2016-06-13,191714.0
2016-06-14,209062.0
2016-06-15,198126.0
2016-06-16,199278.0
2016-06-17,179610.0
2016-06-20,178972.0
2016-06-21,186150.0
2016-06-22,185826.0
2016-06-23,181790.0
2016-06-24,187170.0
2016-06-27,182766.0
2016-06-28,167356.0
2016-06-29,161334.0
2016-06-30,159962.0
2016-07-01,148688.0
2016-07-04,165194.0
2016-07-05,144618.0
2016-07-06,139156.0
2016-07-07,135846.0
2016-07-08,124250.0
2016-07-11,125894.0
2016-07-12,175244.0
2016-07-13,162420.0
2016-07-14,150456.0
2016-07-15,155062.0
2016-07-18,146746.0
2016-07-19,131896.0
2016-07-20,126676.0
2016-07-21,155790.0
2016-07-22,155200.0
2016-07-25,201066.0
2016-07-26,176572.0
2016-07-27,197006.0
2016-07-28,187774.0
2016-07-29,179554.0
2016-08-01,204816.0
2016-08-02,208398.0
2016-08-03,202436.0
2016-08-04,208160.0
2016-08-05,217722.0
2016-08-08,245114.0
2016-08-09,234866.0
2016-08-10,255410.0
2016-08-11,242944.0
2016-08-12,243444.0
2016-08-15,236760.0
2016-08-16,265656.0
2016-08-17,259650.0
2016-08-18,274800.0
2016-08-19,255778.0
2016-08-22,274538.0
2016-08-23,271052.0
2016-08-24,262786.0
2016-08-25,289088.0
2016-08-26,273152.0
2016-08-29,269886.0
2016-08-30,271738.0
2016-08-31,291582.0
2016-09-01,291558.0
2016-09-02,297930.0
2016-09-05,299724.0
2016-09-06,287452.0
2016-09-07,300728.0
2016-09-08,297496.0
2016-09-09,309602.0
2016-09-12,307280.0
2016-09-13,306238.0
2016-09-14,273056.0
2016-09-19,264448.0
2016-09-20,270064.0
2016-09-21,291834.0
2016-09-22,289648.0
2016-09-23,293246.0
2016-09-26,313650.0
2016-09-27,305676.0
2016-09-28,295532.0
2016-09-29,328138.0
2016-09-30,275828.0
2016-10-10,330364.0
2016-10-11,361570.0
2016-10-12,384760.0
2016-10-13,412860.0
2016-10-14,393630.0
2016-10-17,408384.0
2016-10-18,420130.0
2016-10-19,440176.0
2016-10-20,434770.0
2016-10-21,454546.0
2016-10-24,460406.0
2016-10-25,448670.0
2016-10-26,422856.0
2016-10-27,456088.0
2016-10-28,464272.0
2016-10-31,494336.0
2016-11-01,483136.0
2016-11-02,486332.0
2016-11-03,474802.0
2016-11-04,467094.0
2016-11-07,417844.0
2016-11-08,424188.0
2016-11-09,396754.0
2016-11-10,376396.0
2016-11-11,319432.0
2016-11-14,314254.0
2016-11-15,288206.0
2016-11-16,305516.0
2016-11-17,303970.0
2016-11-18,322438.0
2016-11-21,311234.0
2016-11-22,298402.0
2016-11-23,277920.0
2016-11-24,267676.0
2016-11-25,241782.0
2016-11-28,230112.0
2016-11-29,209268.0
2016-11-30,221790.0
2016-12-01,218648.0
2016-12-02,212868.0
2016-12-05,191294.0
2016-12-06,181310.0
2016-12-07,183602.0
2016-12-08,164648.0
2016-12-09,174432.0
2016-12-12,174018.0
2016-12-13,173308.0
2016-12-14,179594.0
2016-12-15,170406.0
2016-12-16,155352.0
2016-12-19,164320.0
2016-12-20,155634.0
2016-12-21,151250.0
2016-12-22,174628.0
2016-12-23,170148.0
2016-12-26,179200.0
2016-12-27,166578.0
2016-12-28,169470.0
2016-12-29,163936.0
2016-12-30,153950.0
2017-01-03,159194.0
2017-01-04,162812.0
2017-01-05,149196.0
2017-01-06,150904.0
2017-01-09,140408.0
2017-01-10,151156.0
2017-01-11,141826.0
2017-01-12,150154.0
2017-01-13,138040.0
2017-01-16,147390.0
2017-01-17,137064.0
2017-01-18,128200.0
2017-01-19,129122.0
2017-01-20,118102.0
2017-01-23,121002.0
2017-01-24,120762.0
2017-01-25,116274.0
2017-01-26,109602.0
2017-02-03,114270.0
2017-02-06,124550.0
2017-02-07,121426.0
2017-02-08,131840.0
2017-02-09,143920.0
2017-02-10,155914.0
2017-02-13,150762.0
2017-02-14,150272.0
2017-02-15,145826.0
2017-02-16,155636.0
2017-02-17,148196.0
2017-02-20,158014.0
2017-02-21,154650.0
2017-02-22,146278.0
2017-02-23,135434.0
2017-02-24,139992.0
2017-02-27,140798.0
2017-02-28,133670.0
2017-03-01,171324.0
2017-03-02,156662.0
2017-03-03,148454.0
2017-03-06,146980.0
2017-03-07,141098.0
2017-03-08,137058.0
2017-03-09,133868.0
2017-03-10,132780.0
2017-03-13,155818.0
2017-03-14,150044.0
2017-03-15,153132.0
2017-03-16,146684.0
2017-03-17,143060.0
2017-03-20,155092.0
2017-03-21,147784.0
2017-03-22,137856.0
2017-03-23,133578.0
2017-03-24,136452.0
2017-03-27,146900.0
2017-03-28,137908.0
2017-03-29,145860.0
2017-03-30,141954.0
2017-03-31,147458.0
2017-04-05,163804.0
2017-04-06,169136.0
2017-04-07,171950.0
2017-04-10,176936.0
2017-04-11,188462.0
2017-04-12,196632.0
2017-04-13,209004.0
2017-04-14,231160.0
2017-04-17,230090.0
2017-04-18,231902.0
2017-04-19,246258.0
2017-04-20,240630.0
2017-04-21,238844.0
2017-04-24,235572.0
2017-04-25,227602.0
2017-04-26,235920.0
2017-04-27,219284.0
2017-04-28,205014.0
2017-05-02,197618.0
2017-05-03,230342.0
2017-05-04,244874.0
2017-05-05,222186.0
2017-05-08,231856.0
2017-05-09,222172.0
2017-05-10,225276.0
2017-05-11,235310.0
2017-05-12,231346.0
2017-05-15,230374.0
2017-05-16,224890.0
2017-05-17,226392.0
2017-05-18,212352.0
2017-05-19,216690.0
2017-05-22,211974.0
2017-05-23,204960.0
2017-05-24,206894.0
2017-05-25,192864.0
2017-05-26,187362.0
2017-05-31,212298.0
2017-06-01,215716.0
2017-06-02,239746.0
2017-06-05,224390.0
2017-06-06,231866.0
2017-06-07,217496.0
2017-06-08,223308.0
2017-06-09,218960.0
2017-06-12,227494.0
2017-06-13,217940.0
2017-06-14,252936.0
2017-06-15,228180.0
2017-06-16,246516.0
2017-06-19,271438.0
2017-06-20,268850.0
2017-06-21,295476.0
2017-06-22,298400.0
2017-06-23,288038.0
2017-06-26,290416.0
2017-06-27,295460.0
2017-06-28,283128.0
2017-06-29,303068.0
2017-06-30,276140.0
2017-07-03,290478.0
2017-07-04,292484.0
2017-07-05,284632.0
2017-07-06,295952.0
2017-07-07,297032.0
2017-07-10,318804.0
2017-07-11,309868.0
2017-07-12,307488.0
2017-07-13,303386.0
2017-07-14,301204.0
2017-07-17,301610.0
2017-07-18,294056.0
2017-07-19,299496.0
2017-07-20,289752.0
2017-07-21,330742.0
2017-07-24,307956.0
2017-07-25,319672.0
2017-07-26,315258.0
2017-07-27,315314.0
2017-07-28,338472.0
2017-07-31,325378.0
2017-08-01,293598.0
2017-08-02,345364.0
2017-08-03,320646.0
2017-08-04,288326.0
2017-08-07,303028.0
2017-08-08,285630.0
2017-08-09,289488.0
2017-08-10,274256.0
2017-08-11,314400.0
2017-08-14,283272.0
2017-08-15,304004.0
2017-08-16,290948.0
2017-08-17,328160.0
2017-08-18,297032.0
2017-08-21,320274.0
2017-08-22,316474.0
2017-08-23,346044.0
2017-08-24,350824.0
2017-08-25,346126.0
2017-08-28,346160.0
2017-08-29,328942.0
2017-08-30,308424.0
2017-08-31,295078.0
2017-09-01,283524.0
2017-09-04,291020.0
2017-09-05,275716.0
2017-09-06,302056.0
2017-09-07,302924.0
2017-09-08,337914.0
2017-09-11,337428.0
2017-09-12,343316.0
2017-09-13,339226.0
2017-09-14,337976.0
2017-09-15,326610.0
2017-09-18,317184.0
2017-09-19,292154.0
2017-09-20,311894.0
2017-09-21,315204.0
2017-09-22,305252.0
2017-09-25,318638.0
2017-09-26,305360.0
2017-09-27,313934.0
2017-09-28,316030.0
2017-09-29,272856.0
2017-10-09,282874.0
2017-10-10,306616.0
2017-10-11,315394.0
2017-10-12,325654.0
2017-10-13,311034.0
2017-10-16,311396.0
2017-10-17,317426.0
2017-10-18,320252.0
2017-10-19,346266.0
2017-10-20,334822.0
2017-10-23,355700.0
2017-10-24,350976.0
2017-10-25,362406.0
2017-10-26,349030.0
2017-10-27,352108.0
2017-10-30,357706.0
2017-10-31,360138.0
2017-11-01,358030.0
2017-11-02,382200.0
2017-11-03,354202.0
2017-11-06,381660.0
2017-11-07,358416.0
2017-11-08,364124.0
2017-11-09,391042.0
2017-11-10,365392.0
2017-11-13,387402.0
2017-11-14,358716.0
2017-11-15,367600.0
2017-11-16,329078.0
2017-11-17,354484.0
2017-11-20,362656.0
2017-11-21,368316.0
2017-11-22,375484.0
2017-11-23,388756.0
2017-11-24,407616.0
2017-11-27,394576.0
2017-11-28,389180.0
2017-11-29,369314.0
2017-11-30,411860.0
2017-12-01,394538.0
2017-12-04,399902.0
2017-12-05,382048.0
2017-12-06,390432.0
2017-12-07,369700.0
2017-12-08,351774.0
2017-12-11,365058.0
2017-12-12,346886.0
2017-12-13,345392.0
2017-12-14,341300.0
2017-12-15,326628.0
2017-12-18,368070.0
2017-12-19,326550.0
2017-12-20,326656.0
2017-12-21,323748.0
2017-12-22,304852.0
2017-12-25,326634.0
2017-12-26,283550.0
2017-12-27,321206.0
2017-12-28,276226.0
2017-12-29,314304.0
2018-01-02,266120.0
2018-01-03,289240.0
2018-01-04,337352.0
2018-01-05,301408.0
2018-01-08,298072.0
2018-01-09,273380.0
2018-01-10,299434.0
2018-01-11,275780.0
2018-01-12,275954.0
2018-01-15,282608.0
2018-01-16,294642.0
2018-01-17,300384.0
2018-01-18,275612.0
2018-01-19,290676.0
2018-01-22,274002.0
2018-01-23,264032.0
2018-01-24,255622.0
2018-01-25,302394.0
2018-01-26,270182.0
2018-01-29,272622.0
2018-01-30,263476.0
2018-01-31,263892.0
2018-02-01,250734.0
2018-02-02,273682.0
2018-02-05,295860.0
2018-02-06,320812.0
2018-02-07,328390.0
2018-02-08,322644.0
2018-02-09,299520.0
2018-02-12,267002.0
2018-02-13,245678.0
2018-02-14,236744.0
2018-02-22,267664.0
2018-02-23,309600.0
2018-02-26,337738.0
2018-02-27,331064.0
2018-02-28,317892.0
2018-03-01,328852.0
2018-03-02,326060.0
2018-03-05,322210.0
2018-03-06,302156.0
2018-03-07,299844.0
2018-03-08,292850.0
2018-03-09,296130.0
2018-03-12,290630.0
2018-03-13,287678.0
2018-03-14,323266.0
2018-03-15,292522.0
2018-03-16,298978.0
2018-03-19,340748.0
2018-03-20,322132.0
2018-03-21,327852.0
2018-03-22,317714.0
2018-03-23,357920.0
2018-03-26,322126.0
2018-03-27,337530.0
2018-03-28,379586.0
2018-03-29,371380.0
2018-03-30,365352.0
2018-04-02,358330.0
2018-04-03,323412.0
2018-04-04,329504.0
2018-04-09,311036.0
2018-04-10,316830.0
2018-04-11,357922.0
2018-04-12,353080.0
2018-04-13,337536.0
2018-04-16,331746.0
2018-04-17,325106.0
2018-04-18,323608.0
2018-04-19,303734.0
2018-04-20,286080.0
2018-04-23,334302.0
2018-04-24,311462.0
2018-04-25,314216.0
2018-04-26,292702.0
2018-04-27,286380.0
2018-05-02,289256.0
2018-05-03,275422.0
2018-05-04,275032.0
2018-05-07,316332.0
2018-05-08,279094.0
2018-05-09,295570.0
2018-05-10,289528.0
2018-05-11,345634.0
2018-05-14,334424.0
2018-05-15,350538.0
2018-05-16,359760.0
2018-05-17,347182.0
2018-05-18,353304.0
2018-05-21,342354.0
2018-05-22,321180.0
2018-05-23,321390.0
2018-05-24,296374.0
2018-05-25,311198.0
2018-05-28,300764.0
2018-05-29,329264.0
2018-05-30,315826.0
2018-05-31,311694.0
2018-06-01,316652.0
2018-06-04,315636.0
2018-06-05,296156.0
2018-06-06,308840.0
2018-06-07,311556.0
2018-06-08,288290.0
2018-06-11,301252.0
2018-06-12,313008.0
2018-06-13,299572.0
2018-06-14,333318.0
2018-06-15,319884.0
2018-06-19,302848.0
2018-06-20,296538.0
2018-06-21,330780.0
2018-06-22,337292.0
2018-06-25,322964.0
2018-06-26,322936.0
2018-06-27,310526.0
2018-06-28,327094.0
2018-06-29,320764.0
2018-07-02,333916.0
2018-07-03,301458.0
2018-07-04,338614.0
2018-07-05,335812.0
2018-07-06,345962.0
2018-07-09,317800.0
2018-07-10,327412.0
2018-07-11,335376.0
2018-07-12,338850.0
2018-07-13,306420.0
2018-07-16,331998.0
2018-07-17,324656.0
2018-07-18,305496.0
2018-07-19,354378.0
2018-07-20,322774.0
2018-07-23,373322.0
2018-07-24,345040.0
2018-07-25,379250.0
2018-07-26,359772.0
2018-07-27,406738.0
2018-07-30,412240.0
2018-07-31,385778.0
2018-08-01,432336.0
2018-08-02,435026.0
2018-08-03,434018.0
2018-08-06,437696.0
2018-08-07,440698.0
2018-08-08,426338.0
2018-08-09,424242.0
2018-08-10,450054.0
2018-08-13,414496.0
2018-08-14,425532.0
2018-08-15,416226.0
2018-08-16,474930.0
2018-08-17,458286.0
2018-08-20,409338.0
2018-08-21,411906.0
2018-08-22,394104.0
2018-08-23,401640.0
2018-08-24,379812.0
2018-08-27,389772.0
2018-08-28,391462.0
2018-08-29,434222.0
2018-08-30,433858.0
2018-08-31,393834.0
2018-09-03,392508.0
2018-09-04,377010.0
2018-09-05,418808.0
2018-09-06,372190.0
2018-09-07,421614.0
2018-09-10,360626.0
2018-09-11,432372.0
2018-09-12,379854.0
2018-09-13,384352.0
2018-09-14,359028.0
2018-09-17,375990.0
2018-09-18,360022.0
2018-09-19,360082.0
2018-09-20,341222.0
2018-09-21,369236.0
2018-09-25,328138.0
2018-09-26,355366.0
2018-09-27,322004.0
2018-09-28,334890.0
2018-10-08,346640.0
2018-10-09,387488.0
2018-10-10,408692.0
2018-10-11,406688.0
2018-10-12,419034.0
2018-10-15,397974.0
2018-10-16,381222.0
2018-10-17,416952.0
2018-10-18,414518.0
2018-10-19,398964.0
2018-10-22,399674.0
2018-10-23,384382.0
2018-10-24,393250.0
2018-10-25,414302.0
2018-10-26,381116.0
2018-10-29,414346.0
2018-10-30,404312.0
2018-10-31,421750.0
2018-11-01,428532.0
2018-11-02,425640.0
2018-11-05,434338.0
2018-11-06,447116.0
2018-11-07,444682.0
2018-11-08,499212.0
2018-11-09,444580.0
2018-11-12,513144.0
2018-11-13,476422.0
2018-11-14,494468.0
2018-11-15,478872.0
2018-11-16,504282.0
2018-11-19,493074.0
2018-11-20,490420.0
2018-11-21,522370.0
2018-11-22,477646.0
2018-11-23,535952.0
2018-11-26,561166.0
2018-11-27,573014.0
2018-11-28,575148.0
2018-11-29,546220.0
2018-11-30,522586.0
2018-12-03,530490.0
2018-12-04,533416.0
2018-12-05,551568.0
2018-12-06,545046.0
2018-12-07,568328.0
2018-12-10,525914.0
2018-12-11,480532.0
2018-12-12,503604.0
2018-12-13,486742.0
2018-12-14,468630.0
2018-12-17,480866.0
2018-12-18,465820.0
2018-12-19,451234.0
2018-12-20,473582.0
2018-12-21,437936.0
2018-12-24,424396.0
2018-12-25,488996.0
2018-12-26,422512.0
2018-12-27,446888.0
2018-12-28,351500.0
2019-01-02,380494.0
2019-01-03,423378.0
2019-01-04,384488.0
2019-01-07,408610.0
2019-01-08,384686.0
2019-01-09,406426.0
2019-01-10,417662.0
2019-01-11,431014.0
2019-01-14,410364.0
2019-01-15,416512.0
2019-01-16,430160.0
2019-01-17,409200.0
2019-01-18,442878.0
2019-01-21,410012.0
2019-01-22,427486.0
2019-01-23,390334.0
2019-01-24,423042.0
2019-01-25,401378.0
2019-01-28,421738.0
2019-01-29,376338.0
2019-01-30,426432.0
2019-01-31,370360.0
2019-02-01,377046.0
2019-02-11,377362.0
2019-02-12,385402.0
2019-02-13,385188.0
2019-02-14,375598.0
2019-02-15,376994.0
2019-02-18,402506.0
2019-02-19,398424.0
2019-02-20,420462.0
2019-02-21,383362.0
2019-02-22,382860.0
2019-02-25,404252.0
2019-02-26,363082.0
2019-02-27,364846.0
2019-02-28,356842.0
2019-03-01,349574.0
2019-03-04,361016.0
2019-03-05,343204.0
2019-03-06,357886.0
2019-03-07,330488.0
2019-03-08,394152.0
2019-03-11,396778.0
2019-03-12,369294.0
2019-03-13,386944.0
2019-03-14,385068.0
2019-03-15,412966.0
2019-03-18,399584.0
2019-03-19,430172.0
2019-03-20,412966.0
2019-03-21,412950.0
2019-03-22,471560.0
2019-03-25,433608.0
2019-03-26,430880.0
2019-03-27,458116.0
2019-03-28,427020.0
2019-03-29,422558.0
2019-04-01,391980.0
2019-04-02,377076.0
2019-04-03,393172.0
2019-04-04,346298.0
2019-04-08,379684.0
2019-04-09,362498.0
2019-04-10,361972.0
2019-04-11,365980.0
2019-04-12,398080.0
2019-04-15,355842.0
2019-04-16,367192.0
2019-04-17,341982.0
2019-04-18,359622.0
2019-04-19,329708.0
2019-04-22,331356.0
2019-04-23,299172.0
2019-04-24,309324.0
2019-04-25,303944.0
2019-04-26,305120.0
2019-04-29,267390.0
2019-04-30,257504.0
2019-05-06,274080.0
2019-05-07,346642.0
2019-05-08,361868.0
2019-05-09,379086.0
2019-05-10,364722.0
2019-05-13,346398.0
2019-05-14,316352.0
2019-05-15,301840.0
2019-05-16,314718.0
2019-05-17,326880.0
2019-05-20,304490.0
2019-05-21,377052.0
2019-05-22,376056.0
2019-05-23,349260.0
2019-05-24,383306.0
2019-05-27,398964.0
2019-05-28,369428.0
2019-05-29,347326.0
2019-05-30,384148.0
2019-05-31,365444.0
2019-06-03,367604.0
2019-06-04,336710.0
2019-06-05,325634.0
2019-06-06,375332.0
2019-06-10,331032.0
2019-06-11,344088.0
2019-06-12,325188.0
2019-06-13,334916.0
2019-06-14,336420.0
2019-06-17,381746.0
2019-06-18,351796.0
2019-06-19,396312.0
2019-06-20,346136.0
2019-06-21,389410.0
2019-06-24,375428.0
2019-06-25,370744.0
2019-06-26,386522.0
2019-06-27,414758.0
2019-06-28,358452.0
2019-07-01,399614.0
2019-07-02,354164.0
2019-07-03,382256.0
2019-07-04,412290.0
2019-07-05,380424.0
2019-07-08,365240.0
2019-07-09,383320.0
2019-07-10,379622.0
2019-07-11,385606.0
2019-07-12,381274.0
2019-07-15,405836.0
2019-07-16,385928.0
2019-07-17,448426.0
2019-07-18,403596.0
2019-07-19,406250.0
2019-07-22,371988.0
2019-07-23,372626.0
2019-07-24,399248.0
2019-07-25,355932.0
2019-07-26,406906.0
2019-07-29,384918.0
2019-07-30,398738.0
2019-07-31,380568.0
2019-08-01,397244.0
2019-08-02,451462.0
2019-08-05,403304.0
2019-08-06,413340.0
2019-08-07,393276.0
2019-08-08,401974.0
2019-08-09,440542.0
2019-08-12,388300.0
2019-08-13,367702.0
2019-08-14,400858.0
2019-08-15,353052.0
2019-08-16,351592.0
2019-08-19,347300.0
2019-08-20,329766.0
2019-08-21,385890.0
2019-08-22,362014.0
2019-08-23,352292.0
2019-08-26,411628.0
2019-08-27,389456.0
2019-08-28,400588.0
2019-08-29,367838.0
2019-08-30,356934.0
2019-09-02,336186.0
2019-09-03,332110.0
2019-09-04,339434.0
2019-09-05,348304.0
2019-09-06,330126.0
2019-09-09,366854.0
2019-09-10,317542.0
2019-09-11,322792.0
2019-09-12,306390.0
2019-09-16,315118.0
2019-09-17,317712.0
2019-09-18,313646.0
2019-09-19,368978.0
2019-09-20,357176.0
2019-09-23,348386.0
2019-09-24,398986.0
2019-09-25,367992.0
2019-09-26,406492.0
2019-09-27,345986.0
2019-09-30,344636.0
2019-10-08,327152.0
2019-10-09,410778.0
2019-10-10,383192.0
2019-10-11,401426.0
2019-10-14,455716.0
2019-10-15,458578.0
2019-10-16,469430.0
2019-10-17,431414.0
2019-10-18,472402.0
2019-10-21,458856.0
2019-10-22,451338.0
2019-10-23,434904.0
2019-10-24,428116.0
2019-10-25,429920.0
2019-10-28,479402.0
2019-10-29,430066.0
2019-10-30,493168.0
2019-10-31,444584.0
2019-11-01,462932.0
2019-11-04,435944.0
2019-11-05,452086.0
2019-11-06,428170.0
2019-11-07,432190.0
2019-11-08,409940.0
2019-11-11,501334.0
2019-11-12,437512.0
2019-11-13,429052.0
2019-11-14,438052.0
2019-11-15,396704.0
2019-11-18,450928.0
2019-11-19,450720.0
2019-11-20,448042.0
2019-11-21,418214.0
2019-11-22,421538.0
2019-11-25,476100.0
2019-11-26,426016.0
2019-11-27,426870.0
2019-11-28,433662.0
2019-11-29,425956.0
2019-12-02,442426.0
2019-12-03,411376.0
2019-12-04,442564.0
2019-12-05,406172.0
2019-12-06,399196.0
2019-12-09,461464.0
2019-12-10,396080.0
2019-12-11,393028.0
2019-12-12,435314.0
2019-12-13,381998.0
2019-12-16,437990.0
2019-12-17,410332.0
2019-12-18,389802.0
2019-12-19,414320.0
2019-12-20,384086.0
2019-12-23,384658.0
2019-12-24,385070.0
2019-12-25,357872.0
2019-12-26,365832.0
2019-12-27,352842.0
2019-12-30,326656.0
2019-12-31,366680.0
2020-01-02,166885.0
2020-01-03,157374.0
2020-01-06,154146.0
2020-01-07,152153.0
2020-01-08,168615.0
2020-01-09,154022.0
2020-01-10,146490.0
2020-01-13,157710.0
2020-01-14,138224.0
2020-01-15,147442.0
2020-01-16,141546.0
2020-01-17,146978.0
2020-01-20,130515.0
2020-01-21,136164.0
2020-01-22,137880.0
2020-01-23,122924.0
2020-02-03,136024.0
2020-02-04,127936.0
2020-02-05,128283.0
2020-02-06,136284.0
2020-02-07,125191.0
2020-02-10,138283.0
2020-02-11,146242.0
2020-02-12,140629.0
2020-02-13,139650.0
2020-02-14,133604.0
2020-02-17,146692.0
2020-02-18,145588.0
2020-02-19,146271.0
2020-02-20,149337.0
2020-02-21,139038.0
2020-02-24,156047.0
2020-02-25,145406.0
2020-02-26,158275.0
2020-02-27,162044.0
2020-02-28,166539.0
2020-03-02,150546.0
2020-03-03,145072.0
2020-03-04,146628.0
2020-03-05,141584.0
2020-03-06,166583.0
2020-03-09,159189.0
2020-03-10,145230.0
2020-03-11,138343.0
2020-03-12,147897.0
2020-03-13,151509.0
2020-03-16,135337.0
2020-03-17,133978.0
2020-03-18,139503.0
2020-03-19,145208.0
2020-03-20,144309.0
2020-03-23,145217.0
2020-03-24,132565.0
2020-03-25,125243.0
2020-03-26,127824.0
2020-03-27,132552.0
2020-03-30,139830.0
2020-03-31,151913.0
2020-04-01,189697.0
2020-04-02,164344.0
2020-04-03,160130.0
2020-04-07,148824.0
2020-04-08,150851.0
2020-04-09,136714.0
2020-04-10,141439.0
2020-04-13,138720.0
2020-04-14,133701.0
2020-04-15,146424.0
2020-04-16,130196.0
2020-04-17,141545.0
2020-04-20,130596.0
2020-04-21,150444.0
2020-04-22,138262.0
2020-04-23,149818.0
2020-04-24,140304.0
2020-04-27,135175.0
2020-04-28,168797.0
2020-04-29,144595.0
2020-04-30,133178.0
2020-05-06,122885.0
2020-05-07,140810.0
2020-05-08,133870.0
2020-05-11,134540.0
2020-05-12,124703.0
2020-05-13,132763.0
2020-05-14,147553.0
2020-05-15,142009.0
2020-05-18,147318.0
2020-05-19,146677.0
2020-05-20,139653.0
2020-05-21,157414.0
2020-05-22,153817.0
2020-05-25,169417.0
2020-05-26,176879.0
2020-05-27,159187.0
2020-05-28,159342.0
2020-05-29,154138.0
2020-06-01,182497.0
2020-06-02,176504.0
2020-06-03,183880.0
2020-06-04,202881.0
2020-06-05,178372.0
2020-06-08,190453.0
2020-06-09,179833.0
2020-06-10,182034.0
2020-06-11,171085.0
2020-06-12,185416.0
2020-06-15,168877.0
2020-06-16,156937.0
2020-06-17,165896.0
2020-06-18,167270.0
2020-06-19,161180.0
2020-06-22,177486.0
2020-06-23,148424.0
2020-06-24,148909.0
2020-06-29,166002.0
2020-06-30,156256.0
2020-07-01,160626.0
2020-07-02,150256.0
2020-07-03,148036.0
2020-07-06,164495.0
2020-07-07,135720.0
2020-07-08,152204.0
2020-07-09,131429.0
2020-07-10,150349.0
2020-07-13,145847.0
2020-07-14,131012.0
2020-07-15,130770.0
2020-07-16,144233.0
2020-07-17,148349.0
2020-07-20,144307.0
2020-07-21,148167.0
2020-07-22,148779.0
2020-07-23,169810.0
2020-07-24,145398.0
2020-07-27,133641.0
2020-07-28,129110.0
2020-07-29,132347.0
2020-07-30,136928.0
2020-07-31,150365.0
2020-08-03,148128.0
2020-08-04,136895.0
2020-08-05,157081.0
2020-08-06,140512.0
2020-08-07,154723.0
2020-08-10,146066.0
2020-08-11,149020.0
2020-08-12,135426.0
2020-08-13,122810.0
2020-08-14,131030.0
2020-08-17,141292.0
2020-08-18,117483.0
2020-08-19,135697.0
2020-08-20,136491.0
2020-08-21,131608.0
2020-08-24,122295.0
2020-08-25,137876.0
2020-08-26,126662.0
2020-08-27,130765.0
2020-08-28,142573.0
2020-08-31,125687.0
2020-09-01,134407.0
2020-09-02,140118.0
2020-09-03,149974.0
2020-09-04,143757.0
2020-09-07,147031.0
2020-09-08,133613.0
2020-09-09,138400.0
2020-09-10,131459.0
2020-09-11,127184.0
2020-09-14,116163.0
2020-09-15,136898.0
2020-09-16,148326.0
2020-09-17,143981.0
2020-09-18,141473.0
2020-09-21,139646.0
2020-09-22,151863.0
2020-09-23,145978.0
2020-09-24,148984.0
2020-09-25,143256.0
2020-09-28,150010.0
2020-09-29,138029.0
2020-09-30,127788.0
2020-10-09,140062.0
2020-10-12,154970.0
2020-10-13,177272.0
2020-10-14,158786.0
2020-10-15,174855.0
2020-10-16,170224.0
2020-10-19,182803.0
2020-10-20,166156.0
2020-10-21,190580.0
2020-10-22,180444.0
2020-10-23,188629.0
2020-10-26,186824.0
2020-10-27,201096.0
2020-10-28,197750.0
2020-10-29,190184.0
2020-10-30,196648.0
2020-11-02,199269.0
2020-11-03,190546.0
2020-11-04,217106.0
2020-11-05,201514.0
2020-11-06,222526.0
2020-11-09,214598.0
2020-11-10,206953.0
2020-11-11,191810.0
2020-11-12,199957.0
2020-11-13,206310.0
2020-11-16,209411.0
2020-11-17,188846.0
2020-11-18,205120.0
2020-11-19,187303.0
2020-11-20,213558.0
2020-11-23,196126.0
2020-11-24,188142.0
2020-11-25,193193.0
2020-11-26,189750.0
2020-11-27,199548.0
2020-11-30,199889.0
2020-12-01,205548.0
2020-12-02,194548.0
2020-12-03,193161.0
2020-12-04,190850.0
2020-12-07,198146.0
2020-12-08,184846.0
2020-12-09,196686.0
2020-12-10,199827.0
2020-12-11,204751.0
2020-12-14,188812.0
2020-12-15,192291.0
2020-12-16,191486.0
2020-12-17,185740.0
2020-12-18,203400.0
2020-12-21,207427.0
2020-12-22,200146.0
2020-12-23,196886.0
2020-12-24,207570.0
2020-12-25,229650.0
2020-12-28,238561.0
2020-12-29,233399.0
2020-12-30,239315.0
2020-12-31,211138.0
2021-01-04,227568.0
2021-01-05,236219.0
2021-01-06,236887.0
2021-01-07,230677.0
2021-01-08,228976.0
2021-01-11,221507.0
2021-01-12,205140.0
2021-01-13,201653.0
2021-01-14,186682.0
2021-01-15,205138.0
2021-01-18,193054.0
2021-01-19,207245.0
2021-01-20,197688.0
2021-01-21,219167.0
2021-01-22,205849.0
2021-01-25,203711.0
2021-01-26,205384.0
2021-01-27,188404.0
2021-01-28,203304.0
2021-01-29,184525.0
2021-02-01,180145.0
2021-02-02,179776.0
2021-02-03,187959.0
2021-02-04,180406.0
2021-02-05,178622.0
2021-02-08,159702.0
2021-02-09,152156.0
2021-02-10,142669.0
2021-02-18,164671.0
2021-02-19,159642.0
2021-02-22,184919.0
2021-02-23,171841.0
2021-02-24,185485.0
2021-02-25,175002.0
2021-02-26,184563.0
2021-03-01,193196.0
2021-03-02,191918.0
2021-03-03,180868.0
2021-03-04,183750.0
2021-03-05,195062.0
2021-03-08,192881.0
2021-03-09,194781.0
2021-03-10,184277.0
2021-03-11,177987.0
2021-03-12,197105.0
2021-03-15,188211.0
2021-03-16,187317.0
2021-03-17,193319.0
2021-03-18,180955.0
2021-03-19,197115.0
2021-03-22,211111.0
2021-03-23,199294.0
2021-03-24,202639.0
2021-03-25,192998.0
2021-03-26,191521.0
2021-03-29,205924.0
2021-03-30,185612.0
2021-03-31,198765.0
2021-04-01,174842.0
2021-04-02,200382.0
2021-04-06,195300.0
2021-04-07,212016.0
2021-04-08,194913.0
2021-04-09,223476.0
2021-04-12,219374.0
2021-04-13,214469.0
2021-04-14,236811.0
2021-04-15,224543.0
2021-04-16,226481.0
2021-04-19,230622.0
2021-04-20,224637.0
2021-04-21,221181.0
2021-04-22,226283.0
2021-04-23,223787.0
2021-04-26,237033.0
2021-04-27,228948.0
2021-04-28,234927.0
2021-04-29,241588.0
2021-04-30,222823.0
2021-05-06,216699.0
2021-05-07,219179.0
2021-05-10,229961.0
2021-05-11,219050.0
2021-05-12,233086.0
2021-05-13,231942.0
2021-05-14,224579.0
2021-05-17,226902.0
2021-05-18,219017.0
2021-05-19,235661.0
2021-05-20,240535.0
2021-05-21,250744.0
2021-05-24,258738.0
2021-05-25,240958.0
2021-05-26,263524.0
2021-05-27,268522.0
2021-05-28,262708.0
2021-05-31,264846.0
2021-06-01,261698.0
2021-06-02,259211.0
2021-06-03,278436.0
2021-06-04,261030.0
2021-06-07,254400.0
2021-06-08,259444.0
2021-06-09,259977.0
2021-06-10,257189.0
2021-06-11,265083.0
2021-06-15,278679.0
2021-06-16,271920.0
2021-06-17,288984.0
2021-06-18,282170.0
2021-06-21,277729.0
2021-06-22,279906.0
2021-06-23,303359.0
2021-06-24,298620.0
2021-06-25,300438.0
2021-06-28,292325.0
2021-06-29,266835.0
2021-06-30,271110.0
2021-07-01,280305.0
2021-07-02,286452.0
2021-07-05,275336.0
2021-07-06,278057.0
2021-07-07,272807.0
2021-07-08,312311.0
2021-07-09,291884.0
2021-07-12,309689.0
2021-07-13,287240.0
2021-07-14,291043.0
2021-07-15,296376.0
2021-07-16,279330.0
2021-07-19,275645.0
2021-07-20,289794.0
2021-07-21,288241.0
2021-07-22,301729.0
2021-07-23,303247.0
2021-07-26,326644.0
2021-07-27,305823.0
2021-07-28,338761.0
2021-07-29,331472.0
2021-07-30,331814.0
2021-08-02,331213.0
2021-08-03,314700.0
2021-08-04,340482.0
2021-08-05,355739.0
2021-08-06,359186.0
2021-08-09,363919.0
2021-08-10,362433.0
2021-08-11,370959.0
2021-08-12,374510.0
2021-08-13,388420.0
2021-08-16,390631.0
2021-08-17,392901.0
2021-08-18,393271.0
2021-08-19,401326.0
2021-08-20,342618.0
2021-08-23,318003.0
2021-08-24,287841.0
2021-08-25,294733.0
2021-08-26,293566.0
2021-08-27,276982.0
2021-08-30,275955.0
2021-08-31,247029.0
2021-09-01,210080.0
2021-09-02,218609.0
2021-09-03,200835.0
2021-09-06,181616.0
2021-09-07,170073.0
2021-09-08,152006.0
2021-09-09,146227.0
2021-09-10,133420.0
2021-09-13,125093.0
2021-09-14,119110.0
2021-09-15,112805.0
2021-09-16,108158.0
2021-09-17,101664.0
2021-09-22,100682.0
2021-09-23,100565.0
2021-09-24,98383.0
2021-09-27,96150.0
2021-09-28,94980.0
2021-09-29,91931.0
2021-09-30,89292.0
2021-10-08,89072.0
2021-10-11,90797.0
2021-10-12,92025.0
2021-10-13,92275.0
2021-10-14,91384.0
2021-10-15,100146.0
2021-10-18,102886.0
2021-10-19,100467.0
2021-10-20,93616.0
2021-10-21,92588.0
2021-10-22,84118.0
2021-10-25,90414.0
2021-10-26,93414.0
2021-10-27,85165.0
2021-10-28,62565.0
2021-10-29,55273.0
2021-11-01,54457.0
2021-11-02,51773.0
2021-11-03,50777.0
2021-11-04,49189.0
2021-11-05,48013.0
2021-11-08,47999.0
2021-11-09,45999.0
2021-11-10,43703.0
2021-11-11,43238.0
2021-11-12,41234.0
2021-11-15,39146.0
2021-11-16,38068.0
2021-11-17,37299.0
2021-11-18,36066.0
2021-11-19,35818.0
2021-11-22,36185.0
2021-11-23,35876.0
2021-11-24,37922.0
2021-11-25,36258.0
2021-11-26,33878.0
2021-11-29,32096.0
2021-11-30,32002.0
2021-12-01,32784.0
2021-12-02,32881.0
2021-12-03,33753.0
2021-12-06,33270.0
2021-12-07,36290.0
2021-12-08,35107.0
2021-12-09,35465.0
2021-12-10,35378.0
2021-12-13,35960.0
2021-12-14,36637.0
2021-12-15,39394.0
2021-12-16,41492.0
2021-12-17,40231.0
2021-12-20,39289.0
2021-12-21,38986.0
2021-12-22,39034.0
2021-12-23,39967.0
2021-12-24,42896.0
2021-12-27,38803.0
2021-12-28,36982.0
2021-12-29,34422.0
2021-12-30,34004.0
2021-12-31,32480.0
2022-01-04,33277.0
2022-01-05,36992.0
2022-01-06,38698.0
2022-01-07,37144.0
2022-01-10,37654.0
2022-01-11,35531.0
2022-01-12,35600.0
2022-01-13,35698.0
2022-01-14,33583.0
2022-01-17,32276.0
2022-01-18,30403.0
2022-01-19,30626.0
2022-01-20,31390.0
2022-01-21,31126.0
2022-01-24,31534.0
2022-01-25,30174.0
2022-01-26,29749.0
2022-01-27,28748.0
2022-01-28,27630.0
2022-02-07,29055.0
2022-02-08,32487.0
2022-02-09,31289.0
2022-02-10,31721.0
2022-02-11,33118.0
2022-02-14,34456.0
2022-02-15,33531.0
2022-02-16,38147.0
2022-02-17,40181.0
2022-02-18,43405.0
2022-02-21,44942.0
2022-02-22,42818.0
2022-02-23,45939.0
2022-02-24,42565.0
2022-02-25,35250.0
2022-02-28,36037.0
2022-03-01,37451.0
2022-03-02,37848.0
2022-03-03,37777.0
2022-03-04,38262.0
2022-03-07,37836.0
2022-03-08,36448.0
2022-03-09,37111.0
2022-03-10,36821.0
2022-03-11,35273.0
2022-03-14,33718.0
2022-03-15,31302.0
2022-03-16,31289.0
2022-03-17,30730.0
2022-03-18,31827.0
2022-03-21,31317.0
2022-03-22,31515.0
2022-03-23,31127.0
2022-03-24,30920.0
2022-03-25,32961.0
2022-03-28,32673.0
2022-03-29,35210.0
2022-03-30,35821.0
2022-03-31,37136.0
2022-04-01,37732.0
2022-04-06,39713.0
2022-04-07,40469.0
2022-04-08,40036.0
2022-04-11,38355.0
2022-04-12,40660.0
2022-04-13,39974.0
2022-04-14,43606.0
2022-04-15,44202.0
2022-04-18,43918.0
2022-04-19,40888.0
2022-04-20,39592.0
2022-04-21,39755.0
2022-04-22,37720.0
2022-04-25,33860.0
2022-04-26,31571.0
2022-04-27,31510.0
2022-04-28,30313.0
2022-04-29,28344.0
2022-05-05,29144.0
2022-05-06,30637.0
2022-05-09,31818.0
2022-05-10,32114.0
2022-05-11,30274.0
2022-05-12,32677.0
2022-05-13,32030.0
2022-05-16,31157.0
2022-05-17,29640.0
2022-05-18,30483.0
2022-05-19,30241.0
2022-05-20,30185.0
2022-05-23,30591.0
2022-05-24,31188.0
2022-05-25,32362.0
2022-05-26,32007.0
2022-05-27,29991.0
2022-05-30,30366.0
2022-05-31,30892.0
2022-06-01,32422.0
2022-06-02,32859.0
2022-06-06,32851.0
2022-06-07,33826.0
2022-06-08,35278.0
2022-06-09,34792.0
2022-06-10,36052.0
2022-06-13,36361.0
2022-06-14,35464.0
2022-06-15,34597.0
2022-06-16,34869.0
2022-06-17,34445.0
2022-06-20,37159.0
2022-06-21,37097.0
2022-06-22,37842.0
2022-06-23,37306.0
2022-06-24,35544.0
2022-06-27,35504.0
2022-06-28,34825.0
2022-06-29,33663.0
2022-06-30,35481.0
2022-07-01,34770.0
2022-07-04,35218.0
2022-07-05,34882.0
2022-07-06,35107.0
2022-07-07,34442.0
2022-07-08,34462.0
2022-07-11,35142.0
2022-07-12,38254.0
2022-07-13,37868.0
2022-07-14,38411.0
2022-07-15,39731.0
2022-07-18,38264.0
2022-07-19,37526.0
2022-07-20,37671.0
2022-07-21,39370.0
2022-07-22,39476.0
2022-07-25,38927.0
2022-07-26,39878.0
2022-07-27,40588.0
2022-07-28,41194.0
2022-07-29,40223.0
2022-08-01,43176.0
2022-08-02,42596.0
2022-08-03,42219.0
2022-08-04,40703.0
2022-08-05,40468.0
2022-08-08,42165.0
2022-08-09,41632.0
2022-08-10,40101.0
2022-08-11,39832.0
2022-08-12,40323.0
2022-08-15,40601.0
2022-08-16,40984.0
2022-08-17,40583.0
2022-08-19,38793.0
2022-08-22,36581.0
2022-08-23,34849.0
2022-08-24,34317.0
2022-08-25,32955.0
2022-08-26,32845.0
2022-08-29,35353.0
2022-08-30,38564.0
2022-08-31,39404.0
2022-09-01,41447.0
2022-09-02,40692.0
2022-09-05,38665.0
2022-09-06,38669.0
2022-09-07,40294.0
2022-09-08,37719.0
2022-09-09,35603.0
2022-09-13,35488.0
2022-09-14,34444.0
2022-09-15,36391.0
2022-09-16,36285.0
2022-09-19,37592.0
2022-09-20,38366.0
2022-09-21,39093.0
2022-09-22,40323.0
2022-09-23,39554.0
2022-09-26,39517.0
2022-09-27,40816.0
2022-09-28,40291.0
2022-09-29,41233.0
2022-09-30,39556.0
2022-10-10,42958.0
2022-10-11,42927.0
2022-10-12,42637.0
2022-10-13,42155.0
2022-10-14,42906.0
2022-10-17,43148.0
2022-10-18,42881.0
2022-10-19,42872.0
2022-10-20,44639.0
2022-10-21,43206.0
2022-10-24,41954.0
2022-10-25,40152.0
2022-10-26,38562.0
2022-10-27,39088.0
2022-10-28,40335.0
2022-10-31,42834.0
2022-11-01,40729.0
2022-11-02,39799.0
2022-11-03,39194.0
2022-11-04,38230.0
2022-11-07,35930.0
2022-11-08,36709.0
2022-11-09,37284.0
2022-11-10,35845.0
2022-11-11,37073.0
