trading_date,JD_total_oi
2013-11-08,65726.0
2013-11-11,70542.0
2013-11-12,67840.0
2013-11-13,66142.0
2013-11-14,60106.0
2013-11-15,71550.0
2013-11-18,78240.0
2013-11-19,69896.0
2013-11-20,70160.0
2013-11-21,61068.0
2013-11-22,59996.0
2013-11-25,97914.0
2013-11-26,91302.0
2013-11-27,86808.0
2013-11-28,97032.0
2013-11-29,95182.0
2013-12-02,94818.0
2013-12-03,98352.0
2013-12-04,97502.0
2013-12-05,95552.0
2013-12-06,90056.0
2013-12-09,89560.0
2013-12-10,92690.0
2013-12-11,91862.0
2013-12-12,90282.0
2013-12-13,86912.0
2013-12-16,88026.0
2013-12-17,85752.0
2013-12-18,86090.0
2013-12-19,91536.0
2013-12-20,81624.0
2013-12-23,81572.0
2013-12-24,80452.0
2013-12-25,80840.0
2013-12-26,80062.0
2013-12-27,79004.0
2013-12-30,76696.0
2013-12-31,79890.0
2014-01-02,78484.0
2014-01-03,80104.0
2014-01-06,80322.0
2014-01-07,75730.0
2014-01-08,74146.0
2014-01-09,77814.0
2014-01-10,77254.0
2014-01-13,76422.0
2014-01-14,74176.0
2014-01-15,79030.0
2014-01-16,90534.0
2014-01-17,89396.0
2014-01-20,88034.0
2014-01-21,90254.0
2014-01-22,95074.0
2014-01-23,94652.0
2014-01-24,97112.0
2014-01-27,95552.0
2014-01-28,94862.0
2014-01-29,94304.0
2014-01-30,93908.0
2014-02-07,101346.0
2014-02-10,109838.0
2014-02-11,118396.0
2014-02-12,119052.0
2014-02-13,119264.0
2014-02-14,134612.0
2014-02-17,131086.0
2014-02-18,132014.0
2014-02-19,132292.0
2014-02-20,132646.0
2014-02-21,136026.0
2014-02-24,136226.0
2014-02-25,136882.0
2014-02-26,133686.0
2014-02-27,135376.0
2014-02-28,132390.0
2014-03-03,123220.0
2014-03-04,123052.0
2014-03-05,120624.0
2014-03-06,120208.0
2014-03-07,127900.0
2014-03-10,126104.0
2014-03-11,122996.0
2014-03-12,121592.0
2014-03-13,140318.0
2014-03-14,135814.0
2014-03-17,119038.0
2014-03-18,125390.0
2014-03-19,124230.0
2014-03-20,120520.0
2014-03-21,128960.0
2014-03-24,132338.0
2014-03-25,131112.0
2014-03-26,147448.0
2014-03-27,149650.0
2014-03-28,142262.0
2014-03-31,135472.0
2014-04-01,128882.0
2014-04-02,126072.0
2014-04-03,136600.0
2014-04-04,136348.0
2014-04-08,148280.0
2014-04-09,145104.0
2014-04-10,165976.0
2014-04-11,163848.0
2014-04-14,154580.0
2014-04-15,158594.0
2014-04-16,162336.0
2014-04-17,190604.0
2014-04-18,197254.0
2014-04-21,229984.0
2014-04-22,232058.0
2014-04-23,240336.0
2014-04-24,230120.0
2014-04-25,225584.0
2014-04-28,241766.0
2014-04-29,242092.0
2014-04-30,267186.0
2014-05-05,283672.0
2014-05-06,294336.0
2014-05-07,307706.0
2014-05-08,290958.0
2014-05-09,297128.0
2014-05-12,337520.0
2014-05-13,370232.0
2014-05-14,368482.0
2014-05-15,393296.0
2014-05-16,386094.0
2014-05-19,341904.0
2014-05-20,387316.0
2014-05-21,348348.0
2014-05-22,350564.0
2014-05-23,347486.0
2014-05-26,331382.0
2014-05-27,347418.0
2014-05-28,355936.0
2014-05-29,349134.0
2014-05-30,338550.0
2014-06-03,333776.0
2014-06-04,341134.0
2014-06-05,345818.0
2014-06-06,382548.0
2014-06-09,390240.0
2014-06-10,379940.0
2014-06-11,417040.0
2014-06-12,385056.0
2014-06-13,392632.0
2014-06-16,378274.0
2014-06-17,376230.0
2014-06-18,393780.0
2014-06-19,417252.0
2014-06-20,441438.0
2014-06-23,437742.0
2014-06-24,448146.0
2014-06-25,473886.0
2014-06-26,464250.0
2014-06-27,500096.0
2014-06-30,504270.0
2014-07-01,487498.0
2014-07-02,401494.0
2014-07-03,407314.0
2014-07-04,447102.0
2014-07-07,455552.0
2014-07-08,477276.0
2014-07-09,471716.0
2014-07-10,479656.0
2014-07-11,500478.0
2014-07-14,496616.0
2014-07-15,496024.0
2014-07-16,466352.0
2014-07-17,496228.0
2014-07-18,449602.0
2014-07-21,427188.0
2014-07-22,370000.0
2014-07-23,360956.0
2014-07-24,364208.0
2014-07-25,370786.0
2014-07-28,384520.0
2014-07-29,383254.0
2014-07-30,358312.0
2014-07-31,355576.0
2014-08-01,351474.0
2014-08-04,351348.0
2014-08-05,347998.0
2014-08-06,348280.0
2014-08-07,352532.0
2014-08-08,324800.0
2014-08-11,309888.0
2014-08-12,304402.0
2014-08-13,283984.0
2014-08-14,269782.0
2014-08-15,267904.0
2014-08-18,283216.0
2014-08-19,293234.0
2014-08-20,280562.0
2014-08-21,274694.0
2014-08-22,275688.0
2014-08-25,283280.0
2014-08-26,275288.0
2014-08-27,270446.0
2014-08-28,265158.0
2014-08-29,258088.0
2014-09-01,255538.0
2014-09-02,260274.0
2014-09-03,262152.0
2014-09-04,247178.0
2014-09-05,240388.0
2014-09-09,234196.0
2014-09-10,226422.0
2014-09-11,235220.0
2014-09-12,227298.0
2014-09-15,231992.0
2014-09-16,233472.0
2014-09-17,238394.0
2014-09-18,233164.0
2014-09-19,231964.0
2014-09-22,218942.0
2014-09-23,226000.0
2014-09-24,219396.0
2014-09-25,214956.0
2014-09-26,203078.0
2014-09-29,190088.0
2014-09-30,186826.0
2014-10-08,197624.0
2014-10-09,207148.0
2014-10-10,218160.0
2014-10-13,237786.0
2014-10-14,242046.0
2014-10-15,238086.0
2014-10-16,249720.0
2014-10-17,227564.0
2014-10-20,245550.0
2014-10-21,258062.0
2014-10-22,255698.0
2014-10-23,265412.0
2014-10-24,254070.0
2014-10-27,234374.0
2014-10-28,239084.0
2014-10-29,242414.0
2014-10-30,237814.0
2014-10-31,230980.0
2014-11-03,185952.0
2014-11-04,185154.0
2014-11-05,186152.0
2014-11-06,190526.0
2014-11-07,177056.0
2014-11-10,179664.0
2014-11-11,188192.0
2014-11-12,187154.0
2014-11-13,188968.0
2014-11-14,188924.0
2014-11-17,179168.0
2014-11-18,179724.0
2014-11-19,176380.0
2014-11-20,176402.0
2014-11-21,173686.0
2014-11-24,154948.0
2014-11-25,151994.0
2014-11-26,157004.0
2014-11-27,151000.0
2014-11-28,144554.0
2014-12-01,143924.0
2014-12-02,132652.0
2014-12-03,141504.0
2014-12-04,154806.0
2014-12-05,156944.0
2014-12-08,155466.0
2014-12-09,139770.0
2014-12-10,158554.0
2014-12-11,167842.0
2014-12-12,152302.0
2014-12-15,152056.0
2014-12-16,143394.0
2014-12-17,140226.0
2014-12-18,138508.0
2014-12-19,134704.0
2014-12-22,140090.0
2014-12-23,138694.0
2014-12-24,138794.0
2014-12-25,143276.0
2014-12-26,141178.0
2014-12-29,137522.0
2014-12-30,137390.0
2014-12-31,153660.0
2015-01-05,160450.0
2015-01-06,164102.0
2015-01-07,165756.0
2015-01-08,165908.0
2015-01-09,167438.0
2015-01-12,170700.0
2015-01-13,184244.0
2015-01-14,181994.0
2015-01-15,177570.0
2015-01-16,178134.0
2015-01-19,168316.0
2015-01-20,168364.0
2015-01-21,180520.0
2015-01-22,185504.0
2015-01-23,181334.0
2015-01-26,183422.0
2015-01-27,179202.0
2015-01-28,180646.0
2015-01-29,188410.0
2015-01-30,186086.0
2015-02-02,191658.0
2015-02-03,182272.0
2015-02-04,174764.0
2015-02-05,178264.0
2015-02-06,177678.0
2015-02-09,175114.0
2015-02-10,175898.0
2015-02-11,178494.0
2015-02-12,183898.0
2015-02-13,169420.0
2015-02-16,165752.0
2015-02-17,162894.0
2015-02-25,171482.0
2015-02-26,178530.0
2015-02-27,182896.0
2015-03-02,182534.0
2015-03-03,176208.0
2015-03-04,173178.0
2015-03-05,162282.0
2015-03-06,143198.0
2015-03-09,140108.0
2015-03-10,139250.0
2015-03-11,145858.0
2015-03-12,149644.0
2015-03-13,142836.0
2015-03-16,143052.0
2015-03-17,138864.0
2015-03-18,135206.0
2015-03-19,142676.0
2015-03-20,136680.0
2015-03-23,144962.0
2015-03-24,144812.0
2015-03-25,179384.0
2015-03-26,176992.0
2015-03-27,171674.0
2015-03-30,161498.0
2015-03-31,148372.0
2015-04-01,141402.0
2015-04-02,161856.0
2015-04-03,160706.0
2015-04-07,174380.0
2015-04-08,166186.0
2015-04-09,157060.0
2015-04-10,141736.0
2015-04-13,138190.0
2015-04-14,130050.0
2015-04-15,124692.0
2015-04-16,125920.0
2015-04-17,114966.0
2015-04-20,111848.0
2015-04-21,109746.0
2015-04-22,109074.0
2015-04-23,106778.0
2015-04-24,103256.0
2015-04-27,102842.0
2015-04-28,102388.0
2015-04-29,97880.0
2015-04-30,95518.0
2015-05-04,97158.0
2015-05-05,101078.0
2015-05-06,96598.0
2015-05-07,96104.0
2015-05-08,105404.0
2015-05-11,116174.0
2015-05-12,113000.0
2015-05-13,114556.0
2015-05-14,117428.0
2015-05-15,111042.0
2015-05-18,109762.0
2015-05-19,106732.0
2015-05-20,101856.0
2015-05-21,103744.0
2015-05-22,104494.0
2015-05-25,117738.0
2015-05-26,120078.0
2015-05-27,120142.0
2015-05-28,117836.0
2015-05-29,114478.0
2015-06-01,112660.0
2015-06-02,115792.0
2015-06-03,131846.0
2015-06-04,133656.0
2015-06-05,131068.0
2015-06-08,135552.0
2015-06-09,132304.0
2015-06-10,132088.0
2015-06-11,134622.0
2015-06-12,140426.0
2015-06-15,137010.0
2015-06-16,134458.0
2015-06-17,138006.0
2015-06-18,140158.0
2015-06-19,135394.0
2015-06-23,132800.0
2015-06-24,128632.0
2015-06-25,115668.0
2015-06-26,109212.0
2015-06-29,108370.0
2015-06-30,104916.0
2015-07-01,105098.0
2015-07-02,105844.0
2015-07-03,106286.0
2015-07-06,101510.0
2015-07-07,101036.0
2015-07-08,83532.0
2015-07-09,75366.0
2015-07-10,72578.0
2015-07-13,74234.0
2015-07-14,82182.0
2015-07-15,83508.0
2015-07-16,87864.0
2015-07-17,85734.0
2015-07-20,105970.0
2015-07-21,112644.0
2015-07-22,108980.0
2015-07-23,117958.0
2015-07-24,117430.0
2015-07-27,105284.0
2015-07-28,131842.0
2015-07-29,125400.0
2015-07-30,114524.0
2015-07-31,122882.0
2015-08-03,107468.0
2015-08-04,110072.0
2015-08-05,97282.0
2015-08-06,95312.0
2015-08-07,82768.0
2015-08-10,85582.0
2015-08-11,87712.0
2015-08-12,89142.0
2015-08-13,89140.0
2015-08-14,92744.0
2015-08-17,94342.0
2015-08-18,97760.0
2015-08-19,97804.0
2015-08-20,102376.0
2015-08-21,102850.0
2015-08-24,95798.0
2015-08-25,94326.0
2015-08-26,113302.0
2015-08-27,109598.0
2015-08-28,119670.0
2015-08-31,121884.0
2015-09-01,123736.0
2015-09-02,126066.0
2015-09-07,135126.0
2015-09-08,138704.0
2015-09-09,153548.0
2015-09-10,145768.0
2015-09-11,149338.0
2015-09-14,149852.0
2015-09-15,152386.0
2015-09-16,160682.0
2015-09-17,174410.0
2015-09-18,175704.0
2015-09-21,172160.0
2015-09-22,188722.0
2015-09-23,187166.0
2015-09-24,194182.0
2015-09-25,184994.0
2015-09-28,188468.0
2015-09-29,181722.0
2015-09-30,182986.0
2015-10-08,188536.0
2015-10-09,190738.0
2015-10-12,224664.0
2015-10-13,236308.0
2015-10-14,237436.0
2015-10-15,229746.0
2015-10-16,224296.0
2015-10-19,235038.0
2015-10-20,223220.0
2015-10-21,219276.0
2015-10-22,214786.0
2015-10-23,210902.0
2015-10-26,214348.0
2015-10-27,211358.0
2015-10-28,215236.0
2015-10-29,218414.0
2015-10-30,214882.0
2015-11-02,212518.0
2015-11-03,207662.0
2015-11-04,211422.0
2015-11-05,203782.0
2015-11-06,197750.0
2015-11-09,196608.0
2015-11-10,189296.0
2015-11-11,190742.0
2015-11-12,196744.0
2015-11-13,191444.0
2015-11-16,192608.0
2015-11-17,182706.0
2015-11-18,188914.0
2015-11-19,185822.0
2015-11-20,179650.0
2015-11-23,177340.0
2015-11-24,176396.0
2015-11-25,173788.0
2015-11-26,169748.0
2015-11-27,171852.0
2015-11-30,172268.0
2015-12-01,163704.0
2015-12-02,165530.0
2015-12-03,160522.0
2015-12-04,162638.0
2015-12-07,167280.0
2015-12-08,176040.0
2015-12-09,183766.0
2015-12-10,179704.0
2015-12-11,172882.0
2015-12-14,180266.0
2015-12-15,180482.0
2015-12-16,178876.0
2015-12-17,181142.0
2015-12-18,183142.0
2015-12-21,170996.0
2015-12-22,165766.0
2015-12-23,163714.0
2015-12-24,168408.0
2015-12-25,175492.0
2015-12-28,187648.0
2015-12-29,184070.0
2015-12-30,184834.0
2015-12-31,183488.0
2016-01-04,188152.0
2016-01-05,179710.0
2016-01-06,182432.0
2016-01-07,190922.0
2016-01-08,194692.0
2016-01-11,199382.0
2016-01-12,201718.0
2016-01-13,237286.0
2016-01-14,235064.0
2016-01-15,245366.0
2016-01-18,201362.0
2016-01-19,200176.0
2016-01-20,206656.0
2016-01-21,225124.0
2016-01-22,224402.0
2016-01-25,228512.0
2016-01-26,226870.0
2016-01-27,230120.0
2016-01-28,225792.0
2016-01-29,215702.0
2016-02-01,219748.0
2016-02-02,214716.0
2016-02-03,205432.0
2016-02-04,198768.0
2016-02-05,189632.0
2016-02-15,227826.0
2016-02-16,250824.0
2016-02-17,262872.0
2016-02-18,267738.0
2016-02-19,254062.0
2016-02-22,252968.0
2016-02-23,264058.0
2016-02-24,276650.0
2016-02-25,285226.0
2016-02-26,287580.0
2016-02-29,287464.0
2016-03-01,287590.0
2016-03-02,288016.0
2016-03-03,278228.0
2016-03-04,262534.0
2016-03-07,237410.0
2016-03-08,229784.0
2016-03-09,229670.0
2016-03-10,231290.0
2016-03-11,242134.0
2016-03-14,242830.0
2016-03-15,238648.0
2016-03-16,226406.0
2016-03-17,226732.0
2016-03-18,224184.0
2016-03-21,214166.0
2016-03-22,230526.0
2016-03-23,224010.0
2016-03-24,223338.0
2016-03-25,216676.0
2016-03-28,211840.0
2016-03-29,205518.0
2016-03-30,201800.0
2016-03-31,186150.0
2016-04-01,184760.0
2016-04-05,196236.0
2016-04-06,192066.0
2016-04-07,195064.0
2016-04-08,193700.0
2016-04-11,202402.0
2016-04-12,199714.0
2016-04-13,185234.0
2016-04-14,180896.0
2016-04-15,178492.0
2016-04-18,183060.0
2016-04-19,176050.0
2016-04-20,151608.0
2016-04-21,144516.0
2016-04-22,126736.0
2016-04-25,131702.0
2016-04-26,131510.0
2016-04-27,129784.0
2016-04-28,131318.0
2016-04-29,130576.0
2016-05-03,135622.0
2016-05-04,139312.0
2016-05-05,137994.0
2016-05-06,127244.0
2016-05-09,127036.0
2016-05-10,130640.0
2016-05-11,135556.0
2016-05-12,139558.0
2016-05-13,140688.0
2016-05-16,143728.0
2016-05-17,146100.0
2016-05-18,145076.0
2016-05-19,147834.0
2016-05-20,157290.0
2016-05-23,157202.0
2016-05-24,155528.0
2016-05-25,154636.0
2016-05-26,152086.0
2016-05-27,161128.0
2016-05-30,163896.0
2016-05-31,164808.0
2016-06-01,158538.0
2016-06-02,156600.0
2016-06-03,160746.0
2016-06-06,174428.0
2016-06-07,175898.0
2016-06-08,176666.0
2016-06-13,196840.0
2016-06-14,202058.0
2016-06-15,195426.0
2016-06-16,187442.0
2016-06-17,180830.0
2016-06-20,188662.0
2016-06-21,204222.0
2016-06-22,199420.0
2016-06-23,203290.0
2016-06-24,193782.0
2016-06-27,189652.0
2016-06-28,185052.0
2016-06-29,184318.0
2016-06-30,185236.0
2016-07-01,194160.0
2016-07-04,193982.0
2016-07-05,196844.0
2016-07-06,213298.0
2016-07-07,199912.0
2016-07-08,188680.0
2016-07-11,202308.0
2016-07-12,200758.0
2016-07-13,200200.0
2016-07-14,200486.0
2016-07-15,204984.0
2016-07-18,209830.0
2016-07-19,215928.0
2016-07-20,216624.0
2016-07-21,217768.0
2016-07-22,230732.0
2016-07-25,237926.0
2016-07-26,243804.0
2016-07-27,260890.0
2016-07-28,259818.0
2016-07-29,258248.0
2016-08-01,272116.0
2016-08-02,278054.0
2016-08-03,288958.0
2016-08-04,282616.0
2016-08-05,281310.0
2016-08-08,292114.0
2016-08-09,291272.0
2016-08-10,294540.0
2016-08-11,298360.0
2016-08-12,313414.0
2016-08-15,299676.0
2016-08-16,302692.0
2016-08-17,292976.0
2016-08-18,299638.0
2016-08-19,309388.0
2016-08-22,307170.0
2016-08-23,348682.0
2016-08-24,360210.0
2016-08-25,362110.0
2016-08-26,368126.0
2016-08-29,369046.0
2016-08-30,361792.0
2016-08-31,364714.0
2016-09-01,355622.0
2016-09-02,349588.0
2016-09-05,357724.0
2016-09-06,353766.0
2016-09-07,340432.0
2016-09-08,323752.0
2016-09-09,325240.0
2016-09-12,323494.0
2016-09-13,328110.0
2016-09-14,312446.0
2016-09-19,306260.0
2016-09-20,307492.0
2016-09-21,302928.0
2016-09-22,299064.0
2016-09-23,300692.0
2016-09-26,308696.0
2016-09-27,329404.0
2016-09-28,324412.0
2016-09-29,319810.0
2016-09-30,307554.0
2016-10-10,302868.0
2016-10-11,295054.0
2016-10-12,268034.0
2016-10-13,256630.0
2016-10-14,254838.0
2016-10-17,254982.0
2016-10-18,256946.0
2016-10-19,241852.0
2016-10-20,237770.0
2016-10-21,221802.0
2016-10-24,227802.0
2016-10-25,220930.0
2016-10-26,220254.0
2016-10-27,214986.0
2016-10-28,214716.0
2016-10-31,207306.0
2016-11-01,203836.0
2016-11-02,200386.0
2016-11-03,199118.0
2016-11-04,197202.0
2016-11-07,191012.0
2016-11-08,194206.0
2016-11-09,190930.0
2016-11-10,199104.0
2016-11-11,185272.0
2016-11-14,165108.0
2016-11-15,167110.0
2016-11-16,177338.0
2016-11-17,184092.0
2016-11-18,181514.0
2016-11-21,180214.0
2016-11-22,199516.0
2016-11-23,199402.0
2016-11-24,212448.0
2016-11-25,211866.0
2016-11-28,208818.0
2016-11-29,200258.0
2016-11-30,211284.0
2016-12-01,195618.0
2016-12-02,209698.0
2016-12-05,203590.0
2016-12-06,206446.0
2016-12-07,201034.0
2016-12-08,208500.0
2016-12-09,204780.0
2016-12-12,207286.0
2016-12-13,206438.0
2016-12-14,203652.0
2016-12-15,205580.0
2016-12-16,199112.0
2016-12-19,201274.0
2016-12-20,211846.0
2016-12-21,216558.0
2016-12-22,211628.0
2016-12-23,217454.0
2016-12-26,211606.0
2016-12-27,209016.0
2016-12-28,215418.0
2016-12-29,213418.0
2016-12-30,213498.0
2017-01-03,226358.0
2017-01-04,226448.0
2017-01-05,224604.0
2017-01-06,230092.0
2017-01-09,231474.0
2017-01-10,238358.0
2017-01-11,246538.0
2017-01-12,246364.0
2017-01-13,257296.0
2017-01-16,272824.0
2017-01-17,273562.0
2017-01-18,270516.0
2017-01-19,267636.0
2017-01-20,262162.0
2017-01-23,272060.0
2017-01-24,277852.0
2017-01-25,267220.0
2017-01-26,257326.0
2017-02-03,300100.0
2017-02-06,315430.0
2017-02-07,323468.0
2017-02-08,331110.0
2017-02-09,341782.0
2017-02-10,340808.0
2017-02-13,347336.0
2017-02-14,346808.0
2017-02-15,345706.0
2017-02-16,345046.0
2017-02-17,355826.0
2017-02-20,368170.0
2017-02-21,369770.0
2017-02-22,390332.0
2017-02-23,391124.0
2017-02-24,408030.0
2017-02-27,424174.0
2017-02-28,425658.0
2017-03-01,429734.0
2017-03-02,435452.0
2017-03-03,433600.0
2017-03-06,453184.0
2017-03-07,466522.0
2017-03-08,442996.0
2017-03-09,436330.0
2017-03-10,425610.0
2017-03-13,426562.0
2017-03-14,430580.0
2017-03-15,437612.0
2017-03-16,442984.0
2017-03-17,441148.0
2017-03-20,408184.0
2017-03-21,385014.0
2017-03-22,370900.0
2017-03-23,372400.0
2017-03-24,369226.0
2017-03-27,374272.0
2017-03-28,353080.0
2017-03-29,354090.0
2017-03-30,340178.0
2017-03-31,322134.0
2017-04-05,324604.0
2017-04-06,333272.0
2017-04-07,323040.0
2017-04-10,345496.0
2017-04-11,346328.0
2017-04-12,339918.0
2017-04-13,345380.0
2017-04-14,333998.0
2017-04-17,313202.0
2017-04-18,291208.0
2017-04-19,304256.0
2017-04-20,285558.0
2017-04-21,281920.0
2017-04-24,297488.0
2017-04-25,288642.0
2017-04-26,276904.0
2017-04-27,270960.0
2017-04-28,261914.0
2017-05-02,266496.0
2017-05-03,270316.0
2017-05-04,269420.0
2017-05-05,269298.0
2017-05-08,328048.0
2017-05-09,351360.0
2017-05-10,358958.0
2017-05-11,348078.0
2017-05-12,351376.0
2017-05-15,395136.0
2017-05-16,411954.0
2017-05-17,446628.0
2017-05-18,451190.0
2017-05-19,456932.0
2017-05-22,458000.0
2017-05-23,486210.0
2017-05-24,490348.0
2017-05-25,501436.0
2017-05-26,535720.0
2017-05-31,534432.0
2017-06-01,511356.0
2017-06-02,445274.0
2017-06-05,448978.0
2017-06-06,454218.0
2017-06-07,465696.0
2017-06-08,478056.0
2017-06-09,466744.0
2017-06-12,471302.0
2017-06-13,478084.0
2017-06-14,476174.0
2017-06-15,483370.0
2017-06-16,454068.0
2017-06-19,481828.0
2017-06-20,493618.0
2017-06-21,555550.0
2017-06-22,535972.0
2017-06-23,501214.0
2017-06-26,505322.0
2017-06-27,502910.0
2017-06-28,523222.0
2017-06-29,500856.0
2017-06-30,494390.0
2017-07-03,492346.0
2017-07-04,464400.0
2017-07-05,429816.0
2017-07-06,470880.0
2017-07-07,423266.0
2017-07-10,417024.0
2017-07-11,404668.0
2017-07-12,401586.0
2017-07-13,390856.0
2017-07-14,395762.0
2017-07-17,398626.0
2017-07-18,399348.0
2017-07-19,395220.0
2017-07-20,392898.0
2017-07-21,390044.0
2017-07-24,384892.0
2017-07-25,389276.0
2017-07-26,379912.0
2017-07-27,384928.0
2017-07-28,373254.0
2017-07-31,358438.0
2017-08-01,352942.0
2017-08-02,352040.0
2017-08-03,342176.0
2017-08-04,371014.0
2017-08-07,362340.0
2017-08-08,368910.0
2017-08-09,369740.0
2017-08-10,361842.0
2017-08-11,373900.0
2017-08-14,382106.0
2017-08-15,370072.0
2017-08-16,375952.0
2017-08-17,379062.0
2017-08-18,376448.0
2017-08-21,392190.0
2017-08-22,377478.0
2017-08-23,353396.0
2017-08-24,352046.0
2017-08-25,344430.0
2017-08-28,353602.0
2017-08-29,347712.0
2017-08-30,355822.0
2017-08-31,348036.0
2017-09-01,352946.0
2017-09-04,348394.0
2017-09-05,346076.0
2017-09-06,337762.0
2017-09-07,349184.0
2017-09-08,329176.0
2017-09-11,326488.0
2017-09-12,323648.0
2017-09-13,326322.0
2017-09-14,314254.0
2017-09-15,316980.0
2017-09-18,323412.0
2017-09-19,316240.0
2017-09-20,310330.0
2017-09-21,308076.0
2017-09-22,303524.0
2017-09-25,297568.0
2017-09-26,291882.0
2017-09-27,295964.0
2017-09-28,282372.0
2017-09-29,263720.0
2017-10-09,268482.0
2017-10-10,289952.0
2017-10-11,323110.0
2017-10-12,311200.0
2017-10-13,316170.0
2017-10-16,325574.0
2017-10-17,323674.0
2017-10-18,324442.0
2017-10-19,336272.0
2017-10-20,335868.0
2017-10-23,327550.0
2017-10-24,337886.0
2017-10-25,335210.0
2017-10-26,339052.0
2017-10-27,325768.0
2017-10-30,320302.0
2017-10-31,312112.0
2017-11-01,308448.0
2017-11-02,307230.0
2017-11-03,306254.0
2017-11-06,314804.0
2017-11-07,330540.0
2017-11-08,338400.0
2017-11-09,342724.0
2017-11-10,347836.0
2017-11-13,346518.0
2017-11-14,341178.0
2017-11-15,347956.0
2017-11-16,340780.0
2017-11-17,342370.0
2017-11-20,333298.0
2017-11-21,330756.0
2017-11-22,354118.0
2017-11-23,348164.0
2017-11-24,353332.0
2017-11-27,355846.0
2017-11-28,358192.0
2017-11-29,374402.0
2017-11-30,347292.0
2017-12-01,341272.0
2017-12-04,342660.0
2017-12-05,333206.0
2017-12-06,328312.0
2017-12-07,325886.0
2017-12-08,315970.0
2017-12-11,315856.0
2017-12-12,309684.0
2017-12-13,306370.0
2017-12-14,302344.0
2017-12-15,312136.0
2017-12-18,310618.0
2017-12-19,326270.0
2017-12-20,322980.0
2017-12-21,325256.0
2017-12-22,316962.0
2017-12-25,316354.0
2017-12-26,316002.0
2017-12-27,311186.0
2017-12-28,309156.0
2017-12-29,286178.0
2018-01-02,291434.0
2018-01-03,304006.0
2018-01-04,299752.0
2018-01-05,304200.0
2018-01-08,330188.0
2018-01-09,327750.0
2018-01-10,332780.0
2018-01-11,328778.0
2018-01-12,327970.0
2018-01-15,330126.0
2018-01-16,333220.0
2018-01-17,335486.0
2018-01-18,332948.0
2018-01-19,337562.0
2018-01-22,340684.0
2018-01-23,338252.0
2018-01-24,344504.0
2018-01-25,347252.0
2018-01-26,349186.0
2018-01-29,361322.0
2018-01-30,350424.0
2018-01-31,350806.0
2018-02-01,347596.0
2018-02-02,351676.0
2018-02-05,345078.0
2018-02-06,341284.0
2018-02-07,339566.0
2018-02-08,336530.0
2018-02-09,322438.0
2018-02-12,321534.0
2018-02-13,305882.0
2018-02-14,291776.0
2018-02-22,298948.0
2018-02-23,322264.0
2018-02-26,316020.0
2018-02-27,320928.0
2018-02-28,316020.0
2018-03-01,318844.0
2018-03-02,319710.0
2018-03-05,307452.0
2018-03-06,297244.0
2018-03-07,297430.0
2018-03-08,293066.0
2018-03-09,293272.0
2018-03-12,304910.0
2018-03-13,303730.0
2018-03-14,302590.0
2018-03-15,303296.0
2018-03-16,302594.0
2018-03-19,324980.0
2018-03-20,304594.0
2018-03-21,305882.0
2018-03-22,303420.0
2018-03-23,273424.0
2018-03-26,288668.0
2018-03-27,285792.0
2018-03-28,276672.0
2018-03-29,311246.0
2018-03-30,252546.0
2018-04-02,247284.0
2018-04-03,245136.0
2018-04-04,239434.0
2018-04-09,234694.0
2018-04-10,229152.0
2018-04-11,230096.0
2018-04-12,230884.0
2018-04-13,226774.0
2018-04-16,223480.0
2018-04-17,222566.0
2018-04-18,220520.0
2018-04-19,219610.0
2018-04-20,228936.0
2018-04-23,228078.0
2018-04-24,235034.0
2018-04-25,241118.0
2018-04-26,233308.0
2018-04-27,222224.0
2018-05-02,236822.0
2018-05-03,235476.0
2018-05-04,231256.0
2018-05-07,237844.0
2018-05-08,229276.0
2018-05-09,235158.0
2018-05-10,238688.0
2018-05-11,230662.0
2018-05-14,226182.0
2018-05-15,230970.0
2018-05-16,218990.0
2018-05-17,214366.0
2018-05-18,215772.0
2018-05-21,212992.0
2018-05-22,221082.0
2018-05-23,206316.0
2018-05-24,201564.0
2018-05-25,199620.0
2018-05-28,219990.0
2018-05-29,218894.0
2018-05-30,220728.0
2018-05-31,218468.0
2018-06-01,223866.0
2018-06-04,221330.0
2018-06-05,214470.0
2018-06-06,217554.0
2018-06-07,228452.0
2018-06-08,221096.0
2018-06-11,218626.0
2018-06-12,217548.0
2018-06-13,215482.0
2018-06-14,210412.0
2018-06-15,204244.0
2018-06-19,193178.0
2018-06-20,219548.0
2018-06-21,205056.0
2018-06-22,196784.0
2018-06-25,212434.0
2018-06-26,203276.0
2018-06-27,205242.0
2018-06-28,197854.0
2018-06-29,205956.0
2018-07-02,198400.0
2018-07-03,194662.0
2018-07-04,199678.0
2018-07-05,195796.0
2018-07-06,200402.0
2018-07-09,204112.0
2018-07-10,204986.0
2018-07-11,212980.0
2018-07-12,212312.0
2018-07-13,214048.0
2018-07-16,217318.0
2018-07-17,220316.0
2018-07-18,216894.0
2018-07-19,222576.0
2018-07-20,218498.0
2018-07-23,228774.0
2018-07-24,231052.0
2018-07-25,229948.0
2018-07-26,221220.0
2018-07-27,222972.0
2018-07-30,227002.0
2018-07-31,221412.0
2018-08-01,228022.0
2018-08-02,223386.0
2018-08-03,210126.0
2018-08-06,207196.0
2018-08-07,210946.0
2018-08-08,209298.0
2018-08-09,214396.0
2018-08-10,214738.0
2018-08-13,221488.0
2018-08-14,225230.0
2018-08-15,232482.0
2018-08-16,235540.0
2018-08-17,237586.0
2018-08-20,239844.0
2018-08-21,226878.0
2018-08-22,230924.0
2018-08-23,234022.0
2018-08-24,236250.0
2018-08-27,233636.0
2018-08-28,241950.0
2018-08-29,239584.0
2018-08-30,230660.0
2018-08-31,219932.0
2018-09-03,217066.0
2018-09-04,215628.0
2018-09-05,218202.0
2018-09-06,210284.0
2018-09-07,206850.0
2018-09-10,211120.0
2018-09-11,213924.0
2018-09-12,209114.0
2018-09-13,209698.0
2018-09-14,222186.0
2018-09-17,217012.0
2018-09-18,219042.0
2018-09-19,216894.0
2018-09-20,210318.0
2018-09-21,209068.0
2018-09-25,217626.0
2018-09-26,217894.0
2018-09-27,206166.0
2018-09-28,198562.0
2018-10-08,208150.0
2018-10-09,215468.0
2018-10-10,217414.0
2018-10-11,227838.0
2018-10-12,228060.0
2018-10-15,237522.0
2018-10-16,220848.0
2018-10-17,260756.0
2018-10-18,245956.0
2018-10-19,232124.0
2018-10-22,233068.0
2018-10-23,241074.0
2018-10-24,221466.0
2018-10-25,227130.0
2018-10-26,254962.0
2018-10-29,243274.0
2018-10-30,247608.0
2018-10-31,232006.0
2018-11-01,228896.0
2018-11-02,224544.0
2018-11-05,213396.0
2018-11-06,210134.0
2018-11-07,210998.0
2018-11-08,224152.0
2018-11-09,231548.0
2018-11-12,220058.0
2018-11-13,231584.0
2018-11-14,242764.0
2018-11-15,231880.0
2018-11-16,229710.0
2018-11-19,232936.0
2018-11-20,265976.0
2018-11-21,245058.0
2018-11-22,246428.0
2018-11-23,240940.0
2018-11-26,239692.0
2018-11-27,235334.0
2018-11-28,215248.0
2018-11-29,210464.0
2018-11-30,199184.0
2018-12-03,195804.0
2018-12-04,199270.0
2018-12-05,202082.0
2018-12-06,206012.0
2018-12-07,194492.0
2018-12-10,197304.0
2018-12-11,192894.0
2018-12-12,186856.0
2018-12-13,183294.0
2018-12-14,187056.0
2018-12-17,188470.0
2018-12-18,194096.0
2018-12-19,191898.0
2018-12-20,195746.0
2018-12-21,188566.0
2018-12-24,186900.0
2018-12-25,181588.0
2018-12-26,183984.0
2018-12-27,177834.0
2018-12-28,167698.0
2019-01-02,191948.0
2019-01-03,193962.0
2019-01-04,184718.0
2019-01-07,181140.0
2019-01-08,180772.0
2019-01-09,178664.0
2019-01-10,187490.0
2019-01-11,185714.0
2019-01-14,192556.0
2019-01-15,194708.0
2019-01-16,203250.0
2019-01-17,205408.0
2019-01-18,215408.0
2019-01-21,217276.0
2019-01-22,239164.0
2019-01-23,240128.0
2019-01-24,240568.0
2019-01-25,247444.0
2019-01-28,248774.0
2019-01-29,241110.0
2019-01-30,234974.0
2019-01-31,235718.0
2019-02-01,225366.0
2019-02-11,228100.0
2019-02-12,240782.0
2019-02-13,244838.0
2019-02-14,245966.0
2019-02-15,243180.0
2019-02-18,245252.0
2019-02-19,246960.0
2019-02-20,246974.0
2019-02-21,254960.0
2019-02-22,254192.0
2019-02-25,250218.0
2019-02-26,257360.0
2019-02-27,253188.0
2019-02-28,245768.0
2019-03-01,248072.0
2019-03-04,256188.0
2019-03-05,263208.0
2019-03-06,266270.0
2019-03-07,258132.0
2019-03-08,248120.0
2019-03-11,245434.0
2019-03-12,252238.0
2019-03-13,257196.0
2019-03-14,252274.0
2019-03-15,249110.0
2019-03-18,248994.0
2019-03-19,250458.0
2019-03-20,250402.0
2019-03-21,250738.0
2019-03-22,240292.0
2019-03-25,241348.0
2019-03-26,239356.0
2019-03-27,230214.0
2019-03-28,230094.0
2019-03-29,229428.0
2019-04-01,224430.0
2019-04-02,223480.0
2019-04-03,229112.0
2019-04-04,241482.0
2019-04-08,248548.0
2019-04-09,252342.0
2019-04-10,252106.0
2019-04-11,251582.0
2019-04-12,255744.0
2019-04-15,244098.0
2019-04-16,243504.0
2019-04-17,245766.0
2019-04-18,266784.0
2019-04-19,284160.0
2019-04-22,262288.0
2019-04-23,271620.0
2019-04-24,269836.0
2019-04-25,264458.0
2019-04-26,244560.0
2019-04-29,238938.0
2019-04-30,252140.0
2019-05-06,257750.0
2019-05-07,269980.0
2019-05-08,272812.0
2019-05-09,277700.0
2019-05-10,288080.0
2019-05-13,299792.0
2019-05-14,299524.0
2019-05-15,311644.0
2019-05-16,331134.0
2019-05-17,322388.0
2019-05-20,316594.0
2019-05-21,326784.0
2019-05-22,313410.0
2019-05-23,313958.0
2019-05-24,334408.0
2019-05-27,335802.0
2019-05-28,338286.0
2019-05-29,330484.0
2019-05-30,310144.0
2019-05-31,330388.0
2019-06-03,346132.0
2019-06-04,327252.0
2019-06-05,320488.0
2019-06-06,315370.0
2019-06-10,315140.0
2019-06-11,310186.0
2019-06-12,317112.0
2019-06-13,328376.0
2019-06-14,322654.0
2019-06-17,319158.0
2019-06-18,309150.0
2019-06-19,314322.0
2019-06-20,332434.0
2019-06-21,301994.0
2019-06-24,304452.0
2019-06-25,309680.0
2019-06-26,308456.0
2019-06-27,301128.0
2019-06-28,285952.0
2019-07-01,280320.0
2019-07-02,287568.0
2019-07-03,294008.0
2019-07-04,303318.0
2019-07-05,327146.0
2019-07-08,347522.0
2019-07-09,367686.0
2019-07-10,347726.0
2019-07-11,352144.0
2019-07-12,332972.0
2019-07-15,341650.0
2019-07-16,347604.0
2019-07-17,349432.0
2019-07-18,396960.0
2019-07-19,364114.0
2019-07-22,364850.0
2019-07-23,368094.0
2019-07-24,366486.0
2019-07-25,371572.0
2019-07-26,356330.0
2019-07-29,328836.0
2019-07-30,327890.0
2019-07-31,318870.0
2019-08-01,317096.0
2019-08-02,318240.0
2019-08-05,314900.0
2019-08-06,301710.0
2019-08-07,306334.0
2019-08-08,318044.0
2019-08-09,297268.0
2019-08-12,315410.0
2019-08-13,308556.0
2019-08-14,303038.0
2019-08-15,313640.0
2019-08-16,306652.0
2019-08-19,329228.0
2019-08-20,343548.0
2019-08-21,314962.0
2019-08-22,312752.0
2019-08-23,331340.0
2019-08-26,324640.0
2019-08-27,321512.0
2019-08-28,344400.0
2019-08-29,343252.0
2019-08-30,330198.0
2019-09-02,339692.0
2019-09-03,370642.0
2019-09-04,365804.0
2019-09-05,366206.0
2019-09-06,352818.0
2019-09-09,352526.0
2019-09-10,356194.0
2019-09-11,357300.0
2019-09-12,363904.0
2019-09-16,415752.0
2019-09-17,412808.0
2019-09-18,409290.0
2019-09-19,426120.0
2019-09-20,435124.0
2019-09-23,393398.0
2019-09-24,396566.0
2019-09-25,366890.0
2019-09-26,357002.0
2019-09-27,351276.0
2019-09-30,319358.0
2019-10-08,336992.0
2019-10-09,349140.0
2019-10-10,379330.0
2019-10-11,372464.0
2019-10-14,373464.0
2019-10-15,394564.0
2019-10-16,385398.0
2019-10-17,396004.0
2019-10-18,395334.0
2019-10-21,457178.0
2019-10-22,425810.0
2019-10-23,408994.0
2019-10-24,412832.0
2019-10-25,457680.0
2019-10-28,510532.0
2019-10-29,500896.0
2019-10-30,514698.0
2019-10-31,495576.0
2019-11-01,557488.0
2019-11-04,534642.0
2019-11-05,524536.0
2019-11-06,486304.0
2019-11-07,478940.0
2019-11-08,471002.0
2019-11-11,427806.0
2019-11-12,415072.0
2019-11-13,421222.0
2019-11-14,424278.0
2019-11-15,424586.0
2019-11-18,427358.0
2019-11-19,425800.0
2019-11-20,428660.0
2019-11-21,444318.0
2019-11-22,429920.0
2019-11-25,436844.0
2019-11-26,433494.0
2019-11-27,476938.0
2019-11-28,468376.0
2019-11-29,454660.0
2019-12-02,449798.0
2019-12-03,442232.0
2019-12-04,455454.0
2019-12-05,471912.0
2019-12-06,488232.0
2019-12-09,521940.0
2019-12-10,494758.0
2019-12-11,519498.0
2019-12-12,519776.0
2019-12-13,547826.0
2019-12-16,578230.0
2019-12-17,585500.0
2019-12-18,570448.0
2019-12-19,566428.0
2019-12-20,590848.0
2019-12-23,646626.0
2019-12-24,664526.0
2019-12-25,732968.0
2019-12-26,764670.0
2019-12-27,789718.0
2019-12-30,822936.0
2019-12-31,789456.0
2020-01-02,420974.0
2020-01-03,449386.0
2020-01-06,463154.0
2020-01-07,444624.0
2020-01-08,463667.0
2020-01-09,497630.0
2020-01-10,491336.0
2020-01-13,486580.0
2020-01-14,491246.0
2020-01-15,493393.0
2020-01-16,436110.0
2020-01-17,434350.0
2020-01-20,371240.0
2020-01-21,366718.0
2020-01-22,345905.0
2020-01-23,315537.0
2020-02-03,322881.0
2020-02-04,308536.0
2020-02-05,349329.0
2020-02-06,358551.0
2020-02-07,392965.0
2020-02-10,415235.0
2020-02-11,422125.0
2020-02-12,436700.0
2020-02-13,454104.0
2020-02-14,459069.0
2020-02-17,448667.0
2020-02-18,453743.0
2020-02-19,452309.0
2020-02-20,417916.0
2020-02-21,416527.0
2020-02-24,412246.0
2020-02-25,403935.0
2020-02-26,404679.0
2020-02-27,425343.0
2020-02-28,389852.0
2020-03-02,377208.0
2020-03-03,375866.0
2020-03-04,382937.0
2020-03-05,398229.0
2020-03-06,398091.0
2020-03-09,368377.0
2020-03-10,360303.0
2020-03-11,396673.0
2020-03-12,391083.0
2020-03-13,363941.0
2020-03-16,362516.0
2020-03-17,359779.0
2020-03-18,376410.0
2020-03-19,338177.0
2020-03-20,383058.0
2020-03-23,377802.0
2020-03-24,385823.0
2020-03-25,422219.0
2020-03-26,412339.0
2020-03-27,439205.0
2020-03-30,455317.0
2020-03-31,428194.0
2020-04-01,420981.0
2020-04-02,397560.0
2020-04-03,373074.0
2020-04-07,325040.0
2020-04-08,304968.0
2020-04-09,302542.0
2020-04-10,288573.0
2020-04-13,262727.0
2020-04-14,270326.0
2020-04-15,265563.0
2020-04-16,269633.0
2020-04-17,271325.0
2020-04-20,281494.0
2020-04-21,274397.0
2020-04-22,276163.0
2020-04-23,280635.0
2020-04-24,280566.0
2020-04-27,284392.0
2020-04-28,286699.0
2020-04-29,284178.0
2020-04-30,265639.0
2020-05-06,301534.0
2020-05-07,315734.0
2020-05-08,339242.0
2020-05-11,333909.0
2020-05-12,388472.0
2020-05-13,417932.0
2020-05-14,373245.0
2020-05-15,361823.0
2020-05-18,367420.0
2020-05-19,352525.0
2020-05-20,366750.0
2020-05-21,352008.0
2020-05-22,317953.0
2020-05-25,344248.0
2020-05-26,327901.0
2020-05-27,320669.0
2020-05-28,308519.0
2020-05-29,277442.0
2020-06-01,267026.0
2020-06-02,302142.0
2020-06-03,312109.0
2020-06-04,340240.0
2020-06-05,337023.0
2020-06-08,377380.0
2020-06-09,394981.0
2020-06-10,415874.0
2020-06-11,425022.0
2020-06-12,426492.0
2020-06-15,439148.0
2020-06-16,467429.0
2020-06-17,499981.0
2020-06-18,474766.0
2020-06-19,456709.0
2020-06-22,460111.0
2020-06-23,450783.0
2020-06-24,440182.0
2020-06-29,435814.0
2020-06-30,435161.0
2020-07-01,437281.0
2020-07-02,439758.0
2020-07-03,436992.0
2020-07-06,439937.0
2020-07-07,418288.0
2020-07-08,419959.0
2020-07-09,438941.0
2020-07-10,432485.0
2020-07-13,406362.0
2020-07-14,386887.0
2020-07-15,392434.0
2020-07-16,380761.0
2020-07-17,373235.0
2020-07-20,391918.0
2020-07-21,362106.0
2020-07-22,317985.0
2020-07-23,321378.0
2020-07-24,311489.0
2020-07-27,298751.0
2020-07-28,294476.0
2020-07-29,295749.0
2020-07-30,289654.0
2020-07-31,271508.0
2020-08-03,274567.0
2020-08-04,275461.0
2020-08-05,274447.0
2020-08-06,283934.0
2020-08-07,265029.0
2020-08-10,310829.0
2020-08-11,355224.0
2020-08-12,341645.0
2020-08-13,364274.0
2020-08-14,376229.0
2020-08-17,333660.0
2020-08-18,348310.0
2020-08-19,346417.0
2020-08-20,381464.0
2020-08-21,409228.0
2020-08-24,421091.0
2020-08-25,453954.0
2020-08-26,443502.0
2020-08-27,479846.0
2020-08-28,506675.0
2020-08-31,502866.0
2020-09-01,496299.0
2020-09-02,552943.0
2020-09-03,553209.0
2020-09-04,538878.0
2020-09-07,513450.0
2020-09-08,465664.0
2020-09-09,481866.0
2020-09-10,464299.0
2020-09-11,476343.0
2020-09-14,493861.0
2020-09-15,467415.0
2020-09-16,452579.0
2020-09-17,438640.0
2020-09-18,431196.0
2020-09-21,421306.0
2020-09-22,380611.0
2020-09-23,358559.0
2020-09-24,340716.0
2020-09-25,316184.0
2020-09-28,298111.0
2020-09-29,273230.0
2020-09-30,234734.0
2020-10-09,244171.0
2020-10-12,265430.0
2020-10-13,275773.0
2020-10-14,273795.0
2020-10-15,272750.0
2020-10-16,265074.0
2020-10-19,257185.0
2020-10-20,257932.0
2020-10-21,260676.0
2020-10-22,264346.0
2020-10-23,271845.0
2020-10-26,264167.0
2020-10-27,267162.0
2020-10-28,269938.0
2020-10-29,269590.0
2020-10-30,249856.0
2020-11-02,256379.0
2020-11-03,272797.0
2020-11-04,272206.0
2020-11-05,279236.0
2020-11-06,278282.0
2020-11-09,296140.0
2020-11-10,330517.0
2020-11-11,327899.0
2020-11-12,347414.0
2020-11-13,369957.0
2020-11-16,370980.0
2020-11-17,376757.0
2020-11-18,380006.0
2020-11-19,408161.0
2020-11-20,400515.0
2020-11-23,430457.0
2020-11-24,427173.0
2020-11-25,440272.0
2020-11-26,438622.0
2020-11-27,457518.0
2020-11-30,438056.0
2020-12-01,444639.0
2020-12-02,452964.0
2020-12-03,463655.0
2020-12-04,461267.0
2020-12-07,440534.0
2020-12-08,437214.0
2020-12-09,439823.0
2020-12-10,388263.0
2020-12-11,358283.0
2020-12-14,364601.0
2020-12-15,370398.0
2020-12-16,369052.0
2020-12-17,368723.0
2020-12-18,361619.0
2020-12-21,343443.0
2020-12-22,343642.0
2020-12-23,345958.0
2020-12-24,346599.0
2020-12-25,349871.0
2020-12-28,351868.0
2020-12-29,346464.0
2020-12-30,343537.0
2020-12-31,333364.0
2021-01-04,340718.0
2021-01-05,341620.0
2021-01-06,339795.0
2021-01-07,338585.0
2021-01-08,340746.0
2021-01-11,327089.0
2021-01-12,325429.0
2021-01-13,338801.0
2021-01-14,344812.0
2021-01-15,357507.0
2021-01-18,369972.0
2021-01-19,374533.0
2021-01-20,377395.0
2021-01-21,376808.0
2021-01-22,367542.0
2021-01-25,371897.0
2021-01-26,374074.0
2021-01-27,379624.0
2021-01-28,387599.0
2021-01-29,362267.0
2021-02-01,369360.0
2021-02-02,367615.0
2021-02-03,372935.0
2021-02-04,370586.0
2021-02-05,376727.0
2021-02-08,365948.0
2021-02-09,357427.0
2021-02-10,341350.0
2021-02-18,360636.0
2021-02-19,386283.0
2021-02-22,350532.0
2021-02-23,349564.0
2021-02-24,352338.0
2021-02-25,339278.0
2021-02-26,330239.0
2021-03-01,332347.0
2021-03-02,339747.0
2021-03-03,343718.0
2021-03-04,338742.0
2021-03-05,335683.0
2021-03-08,335249.0
2021-03-09,328701.0
2021-03-10,332327.0
2021-03-11,324443.0
2021-03-12,325797.0
2021-03-15,338438.0
2021-03-16,332629.0
2021-03-17,320239.0
2021-03-18,332781.0
2021-03-19,327372.0
2021-03-22,332993.0
2021-03-23,327200.0
2021-03-24,324697.0
2021-03-25,325118.0
2021-03-26,331488.0
2021-03-29,322050.0
2021-03-30,323764.0
2021-03-31,316764.0
2021-04-01,302778.0
2021-04-02,310364.0
2021-04-06,306758.0
2021-04-07,313819.0
2021-04-08,312500.0
2021-04-09,359067.0
2021-04-12,316407.0
2021-04-13,298205.0
2021-04-14,284828.0
2021-04-15,290385.0
2021-04-16,300750.0
2021-04-19,297545.0
2021-04-20,298092.0
2021-04-21,309696.0
2021-04-22,300755.0
2021-04-23,307379.0
2021-04-26,290933.0
2021-04-27,286161.0
2021-04-28,280517.0
2021-04-29,283436.0
2021-04-30,267788.0
2021-05-06,272949.0
2021-05-07,262470.0
2021-05-10,283020.0
2021-05-11,265022.0
2021-05-12,275876.0
2021-05-13,278849.0
2021-05-14,279570.0
2021-05-17,284423.0
2021-05-18,290339.0
2021-05-19,298791.0
2021-05-20,285204.0
2021-05-21,295070.0
2021-05-24,285484.0
2021-05-25,282052.0
2021-05-26,284360.0
2021-05-27,271899.0
2021-05-28,267232.0
2021-05-31,295281.0
2021-06-01,310138.0
2021-06-02,335352.0
2021-06-03,307015.0
2021-06-04,294030.0
2021-06-07,296808.0
2021-06-08,296079.0
2021-06-09,307402.0
2021-06-10,305117.0
2021-06-11,307561.0
2021-06-15,339100.0
2021-06-16,329081.0
2021-06-17,346372.0
2021-06-18,315701.0
2021-06-21,321872.0
2021-06-22,321389.0
2021-06-23,320280.0
2021-06-24,312042.0
2021-06-25,306422.0
2021-06-28,314529.0
2021-06-29,309509.0
2021-06-30,310640.0
2021-07-01,314906.0
2021-07-02,329513.0
2021-07-05,333743.0
2021-07-06,342086.0
2021-07-07,364289.0
2021-07-08,359702.0
2021-07-09,364709.0
2021-07-12,355314.0
2021-07-13,361120.0
2021-07-14,342167.0
2021-07-15,332259.0
2021-07-16,333467.0
2021-07-19,320612.0
2021-07-20,314376.0
2021-07-21,315780.0
2021-07-22,334749.0
2021-07-23,339991.0
2021-07-26,300515.0
2021-07-27,294191.0
2021-07-28,293732.0
2021-07-29,289162.0
2021-07-30,298924.0
2021-08-02,295659.0
2021-08-03,297178.0
2021-08-04,296208.0
2021-08-05,302843.0
2021-08-06,300571.0
2021-08-09,307341.0
2021-08-10,324252.0
2021-08-11,346508.0
2021-08-12,351002.0
2021-08-13,347963.0
2021-08-16,346342.0
2021-08-17,342714.0
2021-08-18,334098.0
2021-08-19,326114.0
2021-08-20,327797.0
2021-08-23,319477.0
2021-08-24,303599.0
2021-08-25,289157.0
2021-08-26,287179.0
2021-08-27,282589.0
2021-08-30,280714.0
2021-08-31,267053.0
2021-09-01,272632.0
2021-09-02,270840.0
2021-09-03,274206.0
2021-09-06,274893.0
2021-09-07,271439.0
2021-09-08,281728.0
2021-09-09,275283.0
2021-09-10,275905.0
2021-09-13,291481.0
2021-09-14,288599.0
2021-09-15,270602.0
2021-09-16,264851.0
2021-09-17,273149.0
2021-09-22,279760.0
2021-09-23,277005.0
2021-09-24,271132.0
2021-09-27,242110.0
2021-09-28,242910.0
2021-09-29,229294.0
2021-09-30,217058.0
2021-10-08,224866.0
2021-10-11,255675.0
2021-10-12,258518.0
2021-10-13,254532.0
2021-10-14,266403.0
2021-10-15,265434.0
2021-10-18,273724.0
2021-10-19,273794.0
2021-10-20,270735.0
2021-10-21,266789.0
2021-10-22,283192.0
2021-10-25,290680.0
2021-10-26,284066.0
2021-10-27,262035.0
2021-10-28,252719.0
2021-10-29,249737.0
2021-11-01,248069.0
2021-11-02,245390.0
2021-11-03,248558.0
2021-11-04,261680.0
2021-11-05,259476.0
2021-11-08,257819.0
2021-11-09,249948.0
2021-11-10,256159.0
2021-11-11,251966.0
2021-11-12,259145.0
2021-11-15,256553.0
2021-11-16,258315.0
2021-11-17,263325.0
2021-11-18,270846.0
2021-11-19,258234.0
2021-11-22,249706.0
2021-11-23,246343.0
2021-11-24,254117.0
2021-11-25,252319.0
2021-11-26,243145.0
2021-11-29,245005.0
2021-11-30,241608.0
2021-12-01,247247.0
2021-12-02,250277.0
2021-12-03,252326.0
2021-12-06,248074.0
2021-12-07,247805.0
2021-12-08,260870.0
2021-12-09,267650.0
2021-12-10,268230.0
2021-12-13,266855.0
2021-12-14,278145.0
2021-12-15,273174.0
2021-12-16,274406.0
2021-12-17,284130.0
2021-12-20,297412.0
2021-12-21,290778.0
2021-12-22,283329.0
2021-12-23,280146.0
2021-12-24,269259.0
2021-12-27,266554.0
2021-12-28,269299.0
2021-12-29,262122.0
2021-12-30,254853.0
2021-12-31,238767.0
2022-01-04,241749.0
2022-01-05,244973.0
2022-01-06,248443.0
2022-01-07,250625.0
2022-01-10,241724.0
2022-01-11,240490.0
2022-01-12,235981.0
2022-01-13,235406.0
2022-01-14,243215.0
2022-01-17,258797.0
2022-01-18,261590.0
2022-01-19,259390.0
2022-01-20,260182.0
2022-01-21,252435.0
2022-01-24,239454.0
2022-01-25,230796.0
2022-01-26,226156.0
2022-01-27,221191.0
2022-01-28,203741.0
2022-02-07,210980.0
2022-02-08,225433.0
2022-02-09,227640.0
2022-02-10,236673.0
2022-02-11,230527.0
2022-02-14,234782.0
2022-02-15,229443.0
2022-02-16,222065.0
2022-02-17,225629.0
2022-02-18,217907.0
2022-02-21,217014.0
2022-02-22,217961.0
2022-02-23,229819.0
2022-02-24,231419.0
2022-02-25,236769.0
2022-02-28,223894.0
2022-03-01,211468.0
2022-03-02,205867.0
2022-03-03,179634.0
2022-03-04,176093.0
2022-03-07,177311.0
2022-03-08,176135.0
2022-03-09,172348.0
2022-03-10,173140.0
2022-03-11,203741.0
2022-03-14,195775.0
2022-03-15,174218.0
2022-03-16,170384.0
2022-03-17,176542.0
2022-03-18,177899.0
2022-03-21,179103.0
2022-03-22,173695.0
2022-03-23,183829.0
2022-03-24,185903.0
2022-03-25,179847.0
2022-03-28,179060.0
2022-03-29,180880.0
2022-03-30,178410.0
2022-03-31,169221.0
2022-04-01,139405.0
2022-04-06,147601.0
2022-04-07,140346.0
2022-04-08,141887.0
2022-04-11,138882.0
2022-04-12,137495.0
2022-04-13,136297.0
2022-04-14,137214.0
2022-04-15,138048.0
2022-04-18,130166.0
2022-04-19,130447.0
2022-04-20,131130.0
2022-04-21,129705.0
2022-04-22,131776.0
2022-04-25,131321.0
2022-04-26,131440.0
2022-04-27,130741.0
2022-04-28,128536.0
2022-04-29,123610.0
2022-05-05,133458.0
2022-05-06,146627.0
2022-05-09,150510.0
2022-05-10,145769.0
2022-05-11,145463.0
2022-05-12,145622.0
2022-05-13,146937.0
2022-05-16,140915.0
2022-05-17,136890.0
2022-05-18,135223.0
2022-05-19,132634.0
2022-05-20,130113.0
2022-05-23,142138.0
2022-05-24,135553.0
2022-05-25,139129.0
2022-05-26,141274.0
2022-05-27,135909.0
2022-05-30,142145.0
2022-05-31,141389.0
2022-06-01,140997.0
2022-06-02,145315.0
2022-06-06,143985.0
2022-06-07,166115.0
2022-06-08,167302.0
2022-06-09,169934.0
2022-06-10,169812.0
2022-06-13,171331.0
2022-06-14,171945.0
2022-06-15,189656.0
2022-06-16,191131.0
2022-06-17,185058.0
2022-06-20,182773.0
2022-06-21,180691.0
2022-06-22,187022.0
2022-06-23,186622.0
2022-06-24,182290.0
2022-06-27,188465.0
2022-06-28,190289.0
2022-06-29,188738.0
2022-06-30,193318.0
2022-07-01,188070.0
2022-07-04,190384.0
2022-07-05,198086.0
2022-07-06,187397.0
2022-07-07,189800.0
2022-07-08,189626.0
2022-07-11,192328.0
2022-07-12,189993.0
2022-07-13,188404.0
2022-07-14,185948.0
2022-07-15,181751.0
2022-07-18,181598.0
2022-07-19,188195.0
2022-07-20,186079.0
2022-07-21,183455.0
2022-07-22,179069.0
2022-07-25,177646.0
2022-07-26,183131.0
2022-07-27,182865.0
2022-07-28,180686.0
2022-07-29,178027.0
2022-08-01,185905.0
2022-08-02,188177.0
2022-08-03,197982.0
2022-08-04,199893.0
2022-08-05,202098.0
2022-08-08,214907.0
2022-08-09,221468.0
2022-08-10,211553.0
2022-08-11,212567.0
2022-08-12,208704.0
2022-08-15,199539.0
2022-08-16,198473.0
2022-08-17,183945.0
2022-08-18,167685.0
2022-08-19,166537.0
2022-08-22,171322.0
2022-08-23,172841.0
2022-08-24,165100.0
2022-08-25,170887.0
2022-08-26,175994.0
2022-08-29,169402.0
2022-08-30,166175.0
2022-08-31,162471.0
2022-09-01,169062.0
2022-09-02,182310.0
2022-09-05,193592.0
2022-09-06,196948.0
2022-09-07,202678.0
2022-09-08,214966.0
2022-09-09,214480.0
2022-09-13,224316.0
2022-09-14,221435.0
2022-09-15,217076.0
2022-09-16,213309.0
2022-09-19,219800.0
2022-09-20,217263.0
2022-09-21,218677.0
2022-09-22,224023.0
2022-09-23,221890.0
2022-09-26,220932.0
2022-09-27,226384.0
2022-09-28,225942.0
2022-09-29,220206.0
2022-09-30,204905.0
2022-10-10,205934.0
2022-10-11,212245.0
2022-10-12,217507.0
2022-10-13,224636.0
2022-10-14,224237.0
2022-10-17,229169.0
2022-10-18,216532.0
2022-10-19,218420.0
2022-10-20,216690.0
2022-10-21,222432.0
2022-10-24,229579.0
2022-10-25,235429.0
2022-10-26,238860.0
2022-10-27,236622.0
2022-10-28,231736.0
2022-10-31,221504.0
2022-11-01,229210.0
2022-11-02,231697.0
2022-11-03,232179.0
2022-11-04,249028.0
2022-11-07,249276.0
2022-11-08,252289.0
2022-11-09,252651.0
2022-11-10,252375.0
2022-11-11,259561.0
