trading_date,rank,volume,volume_change
2013-11-05,210,186238,10129
2013-11-06,210,186482,1863
2013-11-07,210,172846,-14945
2013-11-08,210,179125,13964
2013-11-11,210,181456,3492
2013-11-12,210,180780,3587
2013-11-13,210,182344,3071
2013-11-14,210,187312,6255
2013-11-15,210,196410,9155
2013-11-18,210,205914,7687
2013-11-19,210,204782,-1019
2013-11-20,210,203735,1192
2013-11-21,210,211651,11020
2013-11-22,210,211863,2089
2013-11-25,210,212955,1222
2013-11-26,210,215393,5161
2013-11-27,210,208300,881
2013-11-28,210,210507,10311
2013-11-29,210,212064,524
2013-12-02,210,211606,217
2013-12-03,210,211197,850
2013-12-04,210,208580,-728
2013-12-05,210,208202,3514
2013-12-06,210,194371,-11812
2013-12-09,210,195949,2911
2013-12-10,210,195921,1186
2013-12-11,210,202662,5504
2013-12-12,210,202256,-395
2013-12-13,210,164676,-27766
2013-12-16,210,157928,-3375
2013-12-17,210,154605,2171
2013-12-18,210,139660,-10256
2013-12-19,210,140063,1909
2013-12-20,210,144392,7791
2013-12-23,210,142572,4302
2013-12-24,210,141030,-75
2013-12-25,210,122520,-14598
2013-12-26,210,117308,-2895
2013-12-27,210,120721,5485
2013-12-30,210,119874,427
2013-12-31,210,113528,-3611
2014-01-02,210,114019,1143
2014-01-03,210,114578,-590
2014-01-06,210,113316,-643
2014-01-07,210,118154,6099
2014-01-08,210,116897,-2286
2014-01-09,210,115281,-1227
2014-01-10,210,114772,1865
2014-01-13,210,114543,23
2014-01-14,210,117409,3530
2014-01-15,210,108183,-3763
2014-01-16,210,110335,5910
2014-01-17,210,111644,2173
2014-01-20,210,114728,3982
2014-01-21,210,109315,-1634
2014-01-22,210,104110,-861
2014-01-23,210,102708,-216
2014-01-24,210,92980,-6499
2014-01-27,210,90844,-1967
2014-01-28,210,97364,7893
2014-01-29,210,83743,-12024
2014-01-30,210,81664,1123
2014-02-07,210,81547,75
2014-02-10,210,92408,12433
2014-02-11,210,97685,7190
2014-02-12,210,107644,10193
2014-02-13,210,107049,2446
2014-02-14,210,105706,-256
2014-02-17,210,94683,2965
2014-02-18,210,86412,-8277
2014-02-19,210,94104,8115
2014-02-20,210,89077,-5210
2014-02-21,210,91580,3656
2014-02-24,210,95926,10929
2014-02-25,210,84254,-4272
2014-02-26,210,83489,-153
2014-02-27,210,82083,404
2014-02-28,210,86293,3605
2014-03-03,210,88626,3626
2014-03-04,210,96940,12015
2014-03-05,210,89478,-3374
2014-03-06,210,91421,12738
2014-03-07,210,97586,7699
2014-03-10,210,95794,3882
2014-03-11,210,84492,2980
2014-03-12,210,97050,18064
2014-03-13,210,101811,6476
2014-03-14,210,92149,1145
2014-03-17,210,93479,6620
2014-03-18,210,97025,5941
2014-03-19,210,94485,1548
2014-03-20,210,120636,36573
2014-03-21,210,126118,18151
2014-03-24,210,157453,37446
2014-03-25,210,130002,-21899
2014-03-26,210,112117,16057
2014-03-27,210,109647,4244
2014-03-28,210,105122,6017
2014-03-31,210,120633,20428
2014-04-01,210,123094,6457
2014-04-02,210,121229,-1410
2014-04-03,210,122994,5536
2014-04-04,210,122239,6435
2014-04-08,210,138297,20720
2014-04-09,210,137412,1019
2014-04-10,210,113688,-16973
2014-04-11,210,107302,5933
2014-04-14,210,95600,-9884
2014-04-15,210,120355,27898
2014-04-16,210,105696,-8688
2014-04-17,210,104549,3882
2014-04-18,210,113728,13684
2014-04-21,210,113214,3043
2014-04-22,210,104885,-4022
2014-04-23,210,120998,17797
2014-04-24,210,115669,-4954
2014-04-25,210,115799,858
2014-04-28,210,117327,6678
2014-04-29,210,119465,3302
2014-04-30,210,122568,5620
2014-05-05,210,115893,-4566
2014-05-06,210,119381,4298
2014-05-07,210,133268,17707
2014-05-08,210,129686,-1398
2014-05-09,210,140116,11902
2014-05-12,210,155831,19483
2014-05-13,210,149929,-3014
2014-05-14,210,147792,-742
2014-05-15,210,136358,-7903
2014-05-16,210,122497,-13468
2014-05-19,210,126482,5947
2014-05-20,210,136079,11784
2014-05-21,210,145652,11463
2014-05-22,210,131335,-7003
2014-05-23,210,134261,4896
2014-05-26,210,132035,-910
2014-05-27,210,129235,3970
2014-05-28,210,132365,7385
2014-05-29,210,129570,-3356
2014-05-30,210,126152,359
2014-06-03,210,130327,8291
2014-06-04,210,125914,1397
2014-06-05,210,144182,22198
2014-06-06,210,143455,4743
2014-06-09,210,144177,1780
2014-06-10,210,147336,5785
2014-06-11,210,142609,-4993
2014-06-12,210,132736,-6920
2014-06-13,210,138998,12436
2014-06-16,210,127916,-4244
2014-06-17,210,116853,-10885
2014-06-18,210,112704,-2882
2014-06-19,210,111702,-587
2014-06-20,210,109316,3088
2014-06-23,210,118940,15296
2014-06-24,210,118582,-30
2014-06-25,210,117401,3548
2014-06-26,210,119977,3213
2014-06-27,210,123892,8391
2014-06-30,210,122378,971
2014-07-01,210,128564,13068
2014-07-02,210,125510,257
2014-07-03,210,135093,13099
2014-07-04,210,146943,13385
2014-07-07,210,145961,9200
2014-07-08,210,132250,-6092
2014-07-09,210,123331,-2177
2014-07-10,210,125480,3619
2014-07-11,210,112676,-10622
2014-07-14,210,116024,8140
2014-07-15,210,114518,-560
2014-07-16,210,114925,-629
2014-07-17,210,118736,6753
2014-07-18,210,116876,920
2014-07-21,210,112881,-3426
2014-07-22,210,110307,5347
2014-07-23,210,114019,12235
2014-07-24,210,106832,-6386
2014-07-25,210,105615,-1043
2014-07-28,210,106053,6536
2014-07-29,210,107735,3483
2014-07-30,210,107086,1195
2014-07-31,210,100609,1160
2014-08-01,210,102384,978
2014-08-04,210,103920,9641
2014-08-05,210,112987,18465
2014-08-06,210,117413,6102
2014-08-07,210,120956,9466
2014-08-08,210,122313,489
2014-08-11,210,128323,7026
2014-08-12,210,116796,-8643
2014-08-13,210,116258,928
2014-08-14,210,107298,-3069
2014-08-15,210,119933,20242
2014-08-18,210,120743,1611
2014-08-19,210,118497,-2209
2014-08-20,210,118618,516
2014-08-21,210,115665,170
2014-08-22,210,122181,6803
2014-08-25,210,117773,-4408
2014-08-26,210,118329,1956
2014-08-27,210,122635,5002
2014-08-28,210,108066,-3457
2014-08-29,210,99594,-3756
2014-09-01,210,93447,2596
2014-09-02,210,115339,31700
2014-09-03,210,107329,-7351
2014-09-04,210,99628,1378
2014-09-05,210,105678,11006
2014-09-09,210,98581,24
2014-09-10,210,96046,-1358
2014-09-11,210,96269,410
2014-09-12,210,92299,-3957
2014-09-15,210,94106,3873
2014-09-16,210,90118,-1610
2014-09-17,210,93625,4578
2014-09-18,210,91102,-2481
2014-09-19,210,91187,621
2014-09-22,210,101864,13809
2014-09-23,210,102582,2173
2014-09-24,210,102399,860
2014-09-25,210,91526,-8658
2014-09-26,210,87163,-2086
2014-09-29,210,88348,1595
2014-09-30,210,89074,591
2014-10-08,210,91144,1697
2014-10-09,210,120767,40824
2014-10-10,210,113843,748
2014-10-13,210,142764,35413
2014-10-14,210,157303,20661
2014-10-15,210,168854,16149
2014-10-16,210,155174,-9166
2014-10-17,210,164626,10020
2014-10-20,210,163661,6398
2014-10-21,210,172249,17051
2014-10-22,210,186616,18033
2014-10-23,210,193767,6499
2014-10-24,210,188358,-3533
2014-10-27,210,181733,-5002
2014-10-28,210,183132,6167
2014-10-29,210,185506,2569
2014-10-30,210,189903,5532
2014-10-31,210,197780,13906
2014-11-03,210,192221,-2470
2014-11-04,210,196303,6419
2014-11-05,210,182877,-3469
2014-11-06,210,182601,2640
2014-11-07,210,178218,-1521
2014-11-10,210,175967,-850
2014-11-11,210,169382,-7031
2014-11-12,210,159806,-9561
2014-11-13,210,155029,1180
2014-11-14,210,151502,105
2014-11-17,210,147797,1709
2014-11-18,210,140021,-6269
2014-11-19,210,137925,-144
2014-11-20,210,138569,1501
2014-11-21,210,135932,-2512
2014-11-24,210,133961,1153
2014-11-25,210,132625,-905
2014-11-26,210,135572,2515
2014-11-27,210,133894,1885
2014-11-28,210,131518,-2591
2014-12-01,210,122673,-2073
2014-12-02,210,118921,-1717
2014-12-03,210,112254,-1616
2014-12-04,210,112244,-50
2014-12-05,210,97707,-5668
2014-12-08,210,92662,-4705
2014-12-09,210,84720,1278
2014-12-10,210,84263,-1229
2014-12-11,210,81756,1028
2014-12-12,210,73295,-1572
2014-12-15,210,71611,1075
2014-12-16,210,71148,1545
2014-12-17,210,72265,2189
2014-12-18,210,70344,-948
2014-12-19,210,69013,-651
2014-12-22,210,73762,11121
2014-12-23,210,88094,18825
2014-12-24,210,66338,-14004
2014-12-25,210,67468,1062
2014-12-26,210,70424,5606
2014-12-29,210,66636,-1982
2014-12-30,210,70116,9205
2014-12-31,210,66126,830
2015-01-05,210,66111,75
2015-01-06,210,74134,7838
2015-01-07,210,69987,-2755
2015-01-08,210,74824,5160
2015-01-09,210,70881,-4632
2015-01-12,210,69496,-1201
2015-01-13,210,69947,2186
2015-01-14,210,67558,-922
2015-01-15,210,70048,4743
2015-01-16,210,71105,621
2015-01-19,210,65429,-2705
2015-01-20,210,63124,-1108
2015-01-21,210,65240,2867
2015-01-22,210,68262,4495
2015-01-23,210,67398,-322
2015-01-26,210,66516,-713
2015-01-27,210,60960,-4198
2015-01-28,210,60308,2195
2015-01-29,210,61928,739
2015-01-30,210,60329,-1363
2015-02-02,210,61082,1238
2015-02-03,210,58604,1268
2015-02-04,210,59124,1562
2015-02-05,210,57631,-1148
2015-02-06,210,57494,422
2015-02-09,210,59730,3219
2015-02-10,210,58393,797
2015-02-11,210,58227,-56
2015-02-12,210,57336,-607
2015-02-13,210,56899,-137
2015-02-16,210,53854,-2476
2015-02-17,210,51590,-880
2015-02-25,210,50793,17
2015-02-26,210,50401,-431
2015-02-27,210,50829,1005
2015-03-02,210,51320,835
2015-03-03,210,52399,1383
2015-03-04,210,52228,518
2015-03-05,210,50660,7790
2015-03-06,210,50637,1263
2015-03-09,210,46955,-1788
2015-03-10,210,45181,845
2015-03-11,210,46401,1463
2015-03-12,210,46880,479
2015-03-13,210,47595,645
2015-03-16,210,47888,414
2015-03-17,210,46291,-1498
2015-03-18,210,47655,5146
2015-03-19,210,49011,1093
2015-03-20,210,48049,-100
2015-03-23,210,48690,1818
2015-03-24,210,46994,-1586
2015-03-25,210,51696,7377
2015-03-26,210,49076,1705
2015-03-27,210,49411,2614
2015-03-30,210,56542,10838
2015-03-31,210,54341,3500
2015-04-01,210,52369,-599
2015-04-02,210,56626,5043
2015-04-03,210,63251,6897
2015-04-07,210,68502,5359
2015-04-08,210,72118,4521
2015-04-09,210,72649,815
2015-04-10,210,76322,7509
2015-04-13,210,75468,1085
2015-04-14,210,69291,-6175
2015-04-15,210,71815,4331
2015-04-16,210,69109,-1237
2015-04-17,210,76560,9465
2015-04-20,210,112938,42058
2015-04-21,210,106066,-3714
2015-04-22,210,109119,2350
2015-04-23,210,114930,7397
2015-04-24,210,113553,-181
2015-04-27,210,113114,1253
2015-04-28,210,112024,2676
2015-04-29,210,125294,14164
2015-04-30,210,123710,-23
2015-05-04,210,120706,-62
2015-05-05,210,121455,3209
2015-05-06,210,131409,10317
2015-05-07,210,128724,-3007
2015-05-08,210,145969,17661
2015-05-11,210,139093,-5537
2015-05-12,210,125638,-12716
2015-05-13,210,116710,-8884
2015-05-14,210,109371,-3749
2015-05-15,210,108698,1101
2015-05-18,210,106265,-2433
2015-05-19,210,102839,-2675
2015-05-20,210,98405,-3775
2015-05-21,210,102764,4120
2015-05-22,210,107972,5263
2015-05-25,210,99629,-8101
2015-05-26,210,94966,-4614
2015-05-27,210,94029,-111
2015-05-28,210,93269,-760
2015-05-29,210,89059,-800
2015-06-01,210,85951,-65
2015-06-02,210,83076,-2053
2015-06-03,210,81966,559
2015-06-04,210,76422,-4577
2015-06-05,210,78054,2440
2015-06-08,210,75772,-2300
2015-06-09,210,75278,-481
2015-06-10,210,75895,3185
2015-06-11,210,75127,197
2015-06-12,210,69424,-4633
2015-06-15,210,70155,959
2015-06-16,210,69061,-743
2015-06-17,210,59300,-6496
2015-06-18,210,57667,-16
2015-06-19,210,52478,3289
2015-06-23,210,49002,-3220
2015-06-24,210,48569,34
2015-06-25,210,46904,24
2015-06-26,210,45400,-516
2015-06-29,210,43365,-1666
2015-06-30,210,42013,-49
2015-07-01,210,41373,2628
2015-07-02,210,38886,-218
2015-07-03,210,36785,-1079
2015-07-06,210,35520,174
2015-07-07,210,37176,2415
2015-07-08,210,35015,-1259
2015-07-09,210,32523,504
2015-07-10,210,31916,-282
2015-07-13,210,34873,3875
2015-07-14,210,38567,5314
2015-07-15,210,35691,-1888
2015-07-16,210,35414,359
2015-07-17,210,34408,-418
2015-07-20,210,33263,-1297
2015-07-21,210,33091,1725
2015-07-22,210,34602,2120
2015-07-23,210,33522,2510
2015-07-24,210,34393,780
2015-07-27,210,33578,-634
2015-07-28,210,32426,283
2015-07-29,210,31204,-895
2015-07-30,210,31673,1441
2015-07-31,210,31453,-45
2015-08-03,210,30199,152
2015-08-04,210,29391,-19
2015-08-05,210,29598,648
2015-08-06,210,29856,132
2015-08-07,210,30970,1742
2015-08-10,210,30900,1945
2015-08-11,210,30193,3253
2015-08-12,210,31811,1466
2015-08-13,210,31875,1769
2015-08-14,210,30244,-771
2015-08-17,210,30108,789
2015-08-18,210,29994,487
2015-08-19,210,28778,79
2015-08-20,210,29737,1393
2015-08-21,210,30006,382
2015-08-24,210,29853,2380
2015-08-25,210,30562,1576
2015-08-26,210,36564,7057
2015-08-27,210,34564,-1056
2015-08-28,210,34240,719
2015-08-31,210,32522,-397
2015-09-01,210,32150,277
2015-09-02,210,30444,-177
2015-09-07,210,29461,-928
2015-09-08,210,27112,-1238
2015-09-09,210,26997,-31
2015-09-10,210,27449,1050
2015-09-11,210,26672,-104
2015-09-14,210,27334,2271
2015-09-15,210,25692,-1226
2015-09-16,210,29103,5394
2015-09-17,210,27172,-1239
2015-09-18,210,28824,1778
2015-09-21,210,33208,4538
2015-09-22,210,31256,-1877
2015-09-23,210,30966,1067
2015-09-24,210,30519,-266
2015-09-25,210,30874,383
2015-09-28,210,34038,4072
2015-09-29,210,35063,1825
2015-09-30,210,32754,-2233
2015-10-08,210,32342,-412
2015-10-09,210,30338,4108
2015-10-12,210,33991,4552
2015-10-13,210,37813,4341
2015-10-14,210,39733,2070
2015-10-15,210,38612,-563
2015-10-16,210,36082,-2013
2015-10-19,210,35758,349
2015-10-20,210,36348,997
2015-10-21,210,36646,250
2015-10-22,210,38995,3093
2015-10-23,210,36049,-405
2015-10-26,210,36306,831
2015-10-27,210,38280,1955
2015-10-28,210,49839,12334
2015-10-29,210,49589,-134
2015-10-30,210,48138,536
2015-11-02,210,53683,6040
2015-11-03,210,49766,46
2015-11-04,210,48112,2014
2015-11-05,210,47741,1292
2015-11-06,210,46260,727
2015-11-09,210,48022,2911
2015-11-10,210,48701,779
2015-11-11,210,49858,2823
2015-11-12,210,48532,-997
2015-11-13,210,49456,1966
2015-11-16,210,50273,2373
2015-11-17,210,52649,3583
2015-11-18,210,56337,6709
2015-11-19,210,71197,19939
2015-11-20,210,66708,1811
2015-11-23,210,67908,8217
2015-11-24,210,75529,11361
2015-11-25,210,68156,-77
2015-11-26,210,57543,-1586
2015-11-27,210,54694,2714
2015-11-30,210,57752,3890
2015-12-01,210,59467,1895
2015-12-02,210,65788,8128
2015-12-03,210,61705,-1010
2015-12-04,210,62725,3385
2015-12-07,210,68068,6254
2015-12-08,210,70001,3128
2015-12-09,210,72501,10644
2015-12-10,210,75044,4453
2015-12-11,210,69376,-4016
2015-12-14,210,70850,4508
2015-12-15,210,70941,1142
2015-12-16,210,71936,1078
2015-12-17,210,75504,5415
2015-12-18,210,77940,6284
2015-12-21,210,76949,951
2015-12-22,210,76730,468
2015-12-23,210,80751,3197
2015-12-24,210,79681,684
2015-12-25,210,82167,1756
2015-12-28,210,83225,1895
2015-12-29,210,84266,3871
2015-12-30,210,82436,193
2015-12-31,210,79244,-756
2016-01-04,210,81446,595
2016-01-05,210,82543,1163
2016-01-06,210,77991,-3201
2016-01-07,210,72831,-4440
2016-01-08,210,74670,2290
2016-01-11,210,75314,574
2016-01-12,210,69936,-979
2016-01-13,210,61021,-7685
2016-01-14,210,56627,-1631
2016-01-15,210,53476,-2717
2016-01-18,210,54410,2661
2016-01-19,210,54318,856
2016-01-20,210,54556,1896
2016-01-21,210,56281,1901
2016-01-22,210,60806,6064
2016-01-25,210,61747,1350
2016-01-26,210,59247,-1277
2016-01-27,210,54407,-2355
2016-01-28,210,50542,-3378
2016-01-29,210,50509,257
2016-02-01,210,51015,802
2016-02-02,210,50686,-276
2016-02-03,210,52578,1892
2016-02-04,210,52273,-151
2016-02-05,210,48039,-3565
2016-02-15,210,48955,919
2016-02-16,210,48079,-711
2016-02-17,210,48369,1387
2016-02-18,210,48773,404
2016-02-19,210,54838,6779
2016-02-22,210,59592,6345
2016-02-23,210,63694,5314
2016-02-24,210,64059,2436
2016-02-25,210,63162,6174
2016-02-26,210,63705,5859
2016-02-29,210,66506,7675
2016-03-01,210,67867,1969
2016-03-02,210,65258,-1772
2016-03-03,210,63777,-1341
2016-03-04,210,65349,7576
2016-03-07,210,61592,681
2016-03-08,210,68546,14525
2016-03-09,210,61402,3205
2016-03-10,210,59105,4580
2016-03-11,210,56721,4861
2016-03-14,210,57342,5290
2016-03-15,210,57618,2905
2016-03-16,210,57409,1120
2016-03-17,210,56958,1294
2016-03-18,210,56530,4436
2016-03-21,210,56124,269
2016-03-22,210,55636,1388
2016-03-23,210,51031,-1667
2016-03-24,210,49757,-404
2016-03-25,210,50631,1347
2016-03-28,210,52239,4400
2016-03-29,210,53985,4146
2016-03-30,210,47536,-4760
2016-03-31,210,56389,12239
2016-04-01,210,58477,6213
2016-04-05,210,60587,2421
2016-04-06,210,56678,-762
2016-04-07,210,57384,10044
2016-04-08,210,66465,12020
2016-04-11,210,72097,10853
2016-04-12,210,75794,6344
2016-04-13,210,76081,9931
2016-04-14,210,88092,17368
2016-04-15,210,78740,-6114
2016-04-18,210,79082,3078
2016-04-19,210,93891,20022
2016-04-20,210,96324,8466
2016-04-21,210,96448,2418
2016-04-22,210,89393,-3434
2016-04-25,210,113565,26211
2016-04-26,210,126749,22882
2016-04-27,210,139867,17403
2016-04-28,210,123979,-8705
2016-04-29,210,118183,-225
2016-05-03,210,111273,3303
2016-05-04,210,106647,-4436
2016-05-05,210,103737,-404
2016-05-06,210,101238,-605
2016-05-09,210,105303,5516
2016-05-10,210,99682,-151
2016-05-11,210,97526,-767
2016-05-12,210,97837,3197
2016-05-13,210,91882,-2841
2016-05-16,210,94053,2983
2016-05-17,210,94321,7257
2016-05-18,210,86181,-6669
2016-05-19,210,91363,7319
2016-05-20,210,92852,3278
2016-05-23,210,91301,857
2016-05-24,210,80195,-5234
2016-05-25,210,75632,-2891
2016-05-26,210,75639,1552
2016-05-27,210,71604,-3402
2016-05-30,210,71263,321
2016-05-31,210,69099,202
2016-06-01,210,64696,-290
2016-06-02,210,65161,615
2016-06-03,210,70270,5128
2016-06-06,210,71544,1698
2016-06-07,210,66064,-4272
2016-06-08,210,61609,-1927
2016-06-13,210,68651,7261
2016-06-14,210,74846,7066
2016-06-15,210,68618,-6473
2016-06-16,210,63565,-690
2016-06-17,210,56798,-5473
2016-06-20,210,57294,773
2016-06-21,210,56750,-265
2016-06-22,210,62101,5894
2016-06-23,210,63013,1622
2016-06-24,210,63515,2102
2016-06-27,210,67766,4521
2016-06-28,210,65928,-1584
2016-06-29,210,73468,7781
2016-06-30,210,68996,-4947
2016-07-01,210,71066,4235
2016-07-04,210,72597,2366
2016-07-05,210,63443,-9298
2016-07-06,210,60620,-1551
2016-07-07,210,57617,-2994
2016-07-08,210,53965,-3334
2016-07-11,210,54814,2127
2016-07-12,210,72611,18221
2016-07-13,210,64700,-6376
2016-07-14,210,61140,-3247
2016-07-15,210,58640,-2956
2016-07-18,210,55369,-1550
2016-07-19,210,50266,-2935
2016-07-20,210,51345,967
2016-07-21,210,50548,-302
2016-07-22,210,47664,-2864
2016-07-25,210,54846,7896
2016-07-26,210,50841,-2136
2016-07-27,210,53364,2364
2016-07-28,210,57050,4563
2016-07-29,210,59343,3359
2016-08-01,210,63336,4348
2016-08-02,210,66273,3320
2016-08-03,210,64881,-211
2016-08-04,210,61721,-3545
2016-08-05,210,63407,2255
2016-08-08,210,72019,10355
2016-08-09,210,69640,-699
2016-08-10,210,74678,6966
2016-08-11,210,73388,330
2016-08-12,210,75244,3837
2016-08-15,210,81246,5775
2016-08-16,210,80237,2542
2016-08-17,210,75644,-1380
2016-08-18,210,78889,4845
2016-08-19,210,70434,-7293
2016-08-22,210,75306,5025
2016-08-23,210,78103,3959
2016-08-24,210,77351,-123
2016-08-25,210,78397,5463
2016-08-26,210,73297,-4422
2016-08-29,210,77213,6010
2016-08-30,210,83428,6808
2016-08-31,210,77786,-1871
2016-09-01,210,78649,1721
2016-09-02,210,91604,19013
2016-09-05,210,93317,3611
2016-09-06,210,96024,4781
2016-09-07,210,101228,6854
2016-09-08,210,99974,3904
2016-09-09,210,104877,5646
2016-09-12,210,98670,-3312
2016-09-13,210,97158,-911
2016-09-14,210,92484,-3389
2016-09-19,210,93235,615
2016-09-20,210,96721,7700
2016-09-21,210,95555,1183
2016-09-22,210,102491,11388
2016-09-23,210,101764,3050
2016-09-26,210,111128,11878
2016-09-27,210,102207,-6075
2016-09-28,210,107683,6150
2016-09-29,210,114570,9684
2016-09-30,210,111837,-1651
2016-10-10,210,110925,-500
2016-10-11,210,119266,8025
2016-10-12,210,122006,3820
2016-10-13,210,117781,-3781
2016-10-14,210,128151,11808
2016-10-17,210,129742,1593
2016-10-18,210,144965,15912
2016-10-19,210,154106,12690
2016-10-20,210,161209,12890
2016-10-21,210,159261,-1042
2016-10-24,210,166349,6662
2016-10-25,210,153203,-13094
2016-10-26,210,144806,-7221
2016-10-27,210,141993,2506
2016-10-28,210,140760,298
2016-10-31,210,140604,426
2016-11-01,210,155551,16577
2016-11-02,210,139461,-15511
2016-11-03,210,147774,12358
2016-11-04,210,140946,-6169
2016-11-07,210,122838,-9081
2016-11-08,210,107177,-8004
2016-11-09,210,115032,15097
2016-11-10,210,106336,-4723
2016-11-11,210,92083,-12867
2016-11-14,210,84471,-2920
2016-11-15,210,83778,1564
2016-11-16,210,79769,-2836
2016-11-17,210,83925,2705
2016-11-18,210,86790,3344
2016-11-21,210,79200,-3850
2016-11-22,210,77772,906
2016-11-23,210,72722,-2799
2016-11-24,210,75567,8788
2016-11-25,210,64950,-9627
2016-11-28,210,59785,-1278
2016-11-29,210,62746,4645
2016-11-30,210,63881,1873
2016-12-01,210,63667,2810
2016-12-02,210,64711,3250
2016-12-05,210,56182,-6867
2016-12-06,210,60200,3768
2016-12-07,210,60148,1098
2016-12-08,210,54450,-5824
2016-12-09,210,63875,8535
2016-12-12,210,61773,-644
2016-12-13,210,65588,4401
2016-12-14,210,67732,1987
2016-12-15,210,63185,-2511
2016-12-16,210,58882,-4303
2016-12-19,210,66310,8369
2016-12-20,210,70703,4849
2016-12-21,210,67411,-2847
2016-12-22,210,63296,-3995
2016-12-23,210,59713,-2372
2016-12-26,210,64056,5256
2016-12-27,210,59563,-3957
2016-12-28,210,57961,-1637
2016-12-29,210,57054,-2
2016-12-30,210,53249,-219
2017-01-03,210,55042,1742
2017-01-04,210,56961,2160
2017-01-05,210,52865,-3798
2017-01-06,210,54763,2598
2017-01-09,210,54405,115
2017-01-10,210,62730,10103
2017-01-11,210,58042,-2974
2017-01-12,210,60132,3026
2017-01-13,210,55615,-4405
2017-01-16,210,55216,1106
2017-01-17,210,50029,-3748
2017-01-18,210,46231,-3919
2017-01-19,210,47519,1235
2017-01-20,210,44058,-3404
2017-01-23,210,43683,734
2017-01-24,210,43260,-235
2017-01-25,210,41468,-1345
2017-01-26,210,39834,-512
2017-02-03,210,40848,147
2017-02-06,210,42785,2913
2017-02-07,210,39686,-2381
2017-02-08,210,43303,4359
2017-02-09,210,46730,3862
2017-02-10,210,52910,6330
2017-02-13,210,49011,-3186
2017-02-14,210,50517,2228
2017-02-15,210,50454,791
2017-02-16,210,53732,4575
2017-02-17,210,49099,-3447
2017-02-20,210,47282,-529
2017-02-21,210,48117,666
2017-02-22,210,45637,-1445
2017-02-23,210,42854,-918
2017-02-24,210,41231,350
2017-02-27,210,45435,4837
2017-02-28,210,44646,-707
2017-03-01,210,50921,7824
2017-03-02,210,48002,-2385
2017-03-03,210,49828,3604
2017-03-06,210,48652,-987
2017-03-07,210,48074,127
2017-03-08,210,43341,-4566
2017-03-09,210,45584,4662
2017-03-10,210,48270,4054
2017-03-13,210,53595,6337
2017-03-14,210,50853,-2319
2017-03-15,210,55779,4691
2017-03-16,210,52368,-2541
2017-03-17,210,53308,2073
2017-03-20,210,53404,1506
2017-03-21,210,54510,876
2017-03-22,210,53484,-1052
2017-03-23,210,55366,2995
2017-03-24,210,52214,-3263
2017-03-27,210,47568,300
2017-03-28,210,45782,-1179
2017-03-29,210,46394,4570
2017-03-30,210,47287,2430
2017-03-31,210,51951,2868
2017-04-05,210,62588,14717
2017-04-06,210,70259,9714
2017-04-07,210,67692,-2620
2017-04-10,210,69615,2963
2017-04-11,210,66203,548
2017-04-12,210,67332,7611
2017-04-13,210,66044,-1201
2017-04-14,210,73816,9694
2017-04-17,210,70664,-1078
2017-04-18,210,72633,7622
2017-04-19,210,71979,80
2017-04-20,210,74871,4235
2017-04-21,210,65435,-7910
2017-04-24,210,72386,7143
2017-04-25,210,69406,-2531
2017-04-26,210,75509,7148
2017-04-27,210,67543,-6966
2017-04-28,210,66698,243
2017-05-02,210,61687,-4239
2017-05-03,210,67465,6562
2017-05-04,210,69150,3841
2017-05-05,210,70370,3267
2017-05-08,210,65992,-4017
2017-05-09,210,64762,-964
2017-05-10,210,67504,3822
2017-05-11,210,83532,16750
2017-05-12,210,81511,432
2017-05-15,210,82698,1103
2017-05-16,210,76642,-5414
2017-05-17,210,78681,2768
2017-05-18,210,74567,-3624
2017-05-19,210,80262,6095
2017-05-22,210,78066,-2025
2017-05-23,210,84275,6868
2017-05-24,210,80490,-3570
2017-05-25,210,77598,-1666
2017-05-26,210,82398,5097
2017-05-31,210,86288,10019
2017-06-01,210,81817,-3889
2017-06-02,210,85861,5074
2017-06-05,210,79152,-6034
2017-06-06,210,79788,1588
2017-06-07,210,75438,-3151
2017-06-08,210,75920,1319
2017-06-09,210,83236,7527
2017-06-12,210,82903,1259
2017-06-13,210,79449,-3119
2017-06-14,210,87781,8763
2017-06-15,210,80136,-6425
2017-06-16,210,91257,12436
2017-06-19,210,96166,6354
2017-06-20,210,96235,3489
2017-06-21,210,104620,9860
2017-06-22,210,107373,5890
2017-06-23,210,108298,1092
2017-06-26,210,107924,2604
2017-06-27,210,109848,2708
2017-06-28,210,109097,-462
2017-06-29,210,114565,10467
2017-06-30,210,115187,3858
2017-07-03,210,118117,3797
2017-07-04,210,120108,5387
2017-07-05,210,121581,1604
2017-07-06,210,117884,-2518
2017-07-07,210,116387,1028
2017-07-10,210,122256,5722
2017-07-11,210,126878,5282
2017-07-12,210,123775,-2150
2017-07-13,210,127731,9105
2017-07-14,210,119539,-6095
2017-07-17,210,120289,1518
2017-07-18,210,122114,3537
2017-07-19,210,120928,2181
2017-07-20,210,109162,-11424
2017-07-21,210,107012,1532
2017-07-24,210,103474,-1886
2017-07-25,210,108570,5156
2017-07-26,210,104737,-3121
2017-07-27,210,98971,-4139
2017-07-28,210,100923,3830
2017-07-31,210,103435,2920
2017-08-01,210,99571,-4863
2017-08-02,210,108137,12809
2017-08-03,210,112843,11378
2017-08-04,210,112517,5962
2017-08-07,210,123988,15945
2017-08-08,210,118244,-5240
2017-08-09,210,112150,-3193
2017-08-10,210,106815,424
2017-08-11,210,108651,2794
2017-08-14,210,107349,903
2017-08-15,210,103220,5051
2017-08-16,210,108517,5506
2017-08-17,210,117757,11632
2017-08-18,210,114157,-1759
2017-08-21,210,116216,2440
2017-08-22,210,105710,-9621
2017-08-23,210,100585,-4347
2017-08-24,210,104867,6984
2017-08-25,210,100676,-3428
2017-08-28,210,99190,126
2017-08-29,210,100920,2240
2017-08-30,210,100964,584
2017-08-31,210,97235,-3709
2017-09-01,210,96311,-15
2017-09-04,210,100843,4983
2017-09-05,210,100482,366
2017-09-06,210,100113,589
2017-09-07,210,105971,6836
2017-09-08,210,104958,863
2017-09-11,210,113254,11395
2017-09-12,210,104127,-9127
2017-09-13,210,102056,-1005
2017-09-14,210,99802,-1649
2017-09-15,210,113481,18840
2017-09-18,210,108913,-3094
2017-09-19,210,101063,-6963
2017-09-20,210,101659,4179
2017-09-21,210,113019,15381
2017-09-22,210,107327,-5036
2017-09-25,210,118643,12181
2017-09-26,210,116540,-314
2017-09-27,210,117212,953
2017-09-28,210,119946,5787
2017-09-29,210,112576,-6394
2017-10-09,210,112543,4382
2017-10-10,210,117147,4795
2017-10-11,210,122761,7701
2017-10-12,210,116008,-2962
2017-10-13,210,115423,3793
2017-10-16,210,114870,2438
2017-10-17,210,109110,-2801
2017-10-18,210,97264,-6538
2017-10-19,210,103429,7482
2017-10-20,210,92628,-8753
2017-10-23,210,96893,7297
2017-10-24,210,100569,4297
2017-10-25,210,101635,654
2017-10-26,210,96279,-4460
2017-10-27,210,108015,14175
2017-10-30,210,107423,1482
2017-10-31,210,117842,14225
2017-11-01,210,101933,-12852
2017-11-02,210,112973,11923
2017-11-03,210,103142,-11032
2017-11-06,210,102933,3632
2017-11-07,210,94313,-7228
2017-11-08,210,104260,10373
2017-11-09,210,107401,4466
2017-11-10,210,99361,-3400
2017-11-13,210,98509,-382
2017-11-14,210,92028,-6968
2017-11-15,210,100166,8969
2017-11-16,210,90238,-9504
2017-11-17,210,92646,1426
2017-11-20,210,95668,5193
2017-11-21,210,90621,-4796
2017-11-22,210,94127,5241
2017-11-23,210,86913,-6905
2017-11-24,210,90205,6773
2017-11-27,210,79032,-8759
2017-11-28,210,81770,7735
2017-11-29,210,74954,-2835
2017-11-30,210,95590,19544
2017-12-01,210,87297,-6378
2017-12-04,210,92017,7445
2017-12-05,210,92719,230
2017-12-06,210,84962,-6025
2017-12-07,210,88800,8809
2017-12-08,210,87933,1576
2017-12-11,210,82404,-5050
2017-12-12,210,78676,-2778
2017-12-13,210,74609,-3875
2017-12-14,210,82303,10842
2017-12-15,210,71157,-9955
2017-12-18,210,80179,10023
2017-12-19,210,95775,19532
2017-12-20,210,85055,-9440
2017-12-21,210,99235,18810
2017-12-22,210,79046,-16042
2017-12-25,210,88669,11542
2017-12-26,210,71340,-16650
2017-12-27,210,85718,15488
2017-12-28,210,72458,-11172
2017-12-29,210,87286,16099
2018-01-02,210,73338,-9299
2018-01-03,210,85094,13040
2018-01-04,210,86233,2018
2018-01-05,210,80060,-5502
2018-01-08,210,95774,18078
2018-01-09,210,87291,-7866
2018-01-10,210,90098,4105
2018-01-11,210,93354,5535
2018-01-12,210,95482,4094
2018-01-15,210,90290,-4841
2018-01-16,210,102180,15595
2018-01-17,210,90078,-11068
2018-01-18,210,81946,-5612
2018-01-19,210,91990,12193
2018-01-22,210,92427,5564
2018-01-23,210,87420,-3358
2018-01-24,210,85148,1062
2018-01-25,210,78788,-3945
2018-01-26,210,75033,-1276
2018-01-29,210,85152,10300
2018-01-30,210,75005,-8289
2018-01-31,210,85572,12486
2018-02-01,210,77090,-5487
2018-02-02,210,91562,16207
2018-02-05,210,91653,3892
2018-02-06,210,85509,-4537
2018-02-07,210,76586,-8332
2018-02-08,210,82199,6144
2018-02-09,210,78474,-2755
2018-02-12,210,71133,-6963
2018-02-13,210,67991,-2936
2018-02-14,210,64443,-3004
2018-02-22,210,70493,6332
2018-02-23,210,82294,12764
2018-02-26,210,91720,10584
2018-02-27,210,89638,899
2018-02-28,210,96430,8952
2018-03-01,210,96423,1750
2018-03-02,210,90146,-6185
2018-03-05,210,90549,362
2018-03-06,210,86106,-4266
2018-03-07,210,88421,3856
2018-03-08,210,87550,-113
2018-03-09,210,90931,3717
2018-03-12,210,94869,6376
2018-03-13,210,100836,9496
2018-03-14,210,108380,8464
2018-03-15,210,100653,-2819
2018-03-16,210,99274,-1014
2018-03-19,210,113176,15949
2018-03-20,210,100908,-9195
2018-03-21,210,108441,7739
2018-03-22,210,105361,-1724
2018-03-23,210,123358,19294
2018-03-26,210,114622,-7050
2018-03-27,210,110596,-5615
2018-03-28,210,113723,5328
2018-03-29,210,136430,23197
2018-03-30,210,116203,-18035
2018-04-02,210,109015,-1608
2018-04-03,210,95414,-11601
2018-04-04,210,90011,-3178
2018-04-09,210,88257,-2759
2018-04-10,210,86742,510
2018-04-11,210,95721,13855
2018-04-12,210,102682,5202
2018-04-13,210,102012,1643
2018-04-16,210,107277,6792
2018-04-17,210,100428,-6744
2018-04-18,210,99704,-175
2018-04-19,210,104850,7244
2018-04-20,210,96812,-1974
2018-04-23,210,103351,14528
2018-04-24,210,93918,-7479
2018-04-25,210,100517,9884
2018-04-26,210,94938,-3190
2018-04-27,210,96357,4639
2018-05-02,210,90965,-4421
2018-05-03,210,93850,4922
2018-05-04,210,97459,7174
2018-05-07,210,118076,21930
2018-05-08,210,108962,-7250
2018-05-09,210,114146,6144
2018-05-10,210,99040,-14536
2018-05-11,210,112213,14180
2018-05-14,210,100879,-10483
2018-05-15,210,123645,27438
2018-05-16,210,109417,-11263
2018-05-17,210,116153,7336
2018-05-18,210,107661,-7240
2018-05-21,210,106738,870
2018-05-22,210,103999,-2733
2018-05-23,210,107079,5217
2018-05-24,210,93478,-11233
2018-05-25,210,102327,9446
2018-05-28,210,104158,2196
2018-05-29,210,105391,3976
2018-05-30,210,105283,180
2018-05-31,210,96634,-8566
2018-06-01,210,98844,2983
2018-06-04,210,91967,-3751
2018-06-05,210,90685,-244
2018-06-06,210,87171,-2813
2018-06-07,210,85497,-567
2018-06-08,210,82113,-3139
2018-06-11,210,78806,-1989
2018-06-12,210,89955,14518
2018-06-13,210,89285,397
2018-06-14,210,102189,15584
2018-06-15,210,94638,-4467
2018-06-19,210,96383,4059
2018-06-20,210,85695,-10688
2018-06-21,210,90030,4974
2018-06-22,210,98481,7235
2018-06-25,210,83209,-5876
2018-06-26,210,81988,-1900
2018-06-27,210,72973,-3606
2018-06-28,210,78045,5069
2018-06-29,210,79294,2222
2018-07-02,210,93196,17249
2018-07-03,210,80163,-10601
2018-07-04,210,96113,15968
2018-07-05,210,87205,-8845
2018-07-06,210,92704,5711
2018-07-09,210,86861,-3452
2018-07-10,210,95268,8551
2018-07-11,210,95003,112
2018-07-12,210,93678,-1219
2018-07-13,210,92527,1365
2018-07-16,210,94633,2505
2018-07-17,210,91629,-23
2018-07-18,210,86390,-1926
2018-07-19,210,86317,4345
2018-07-20,210,74701,-8100
2018-07-23,210,80113,5566
2018-07-24,210,82429,2736
2018-07-25,210,87828,8932
2018-07-26,210,77604,-5825
2018-07-27,210,93104,18650
2018-07-30,210,95213,4052
2018-07-31,210,87879,-3788
2018-08-01,210,88521,1586
2018-08-02,210,86471,-345
2018-08-03,210,93948,8176
2018-08-06,210,97858,9764
2018-08-07,210,96473,3768
2018-08-08,210,92396,1535
2018-08-09,210,92095,-126
2018-08-10,210,95578,6803
2018-08-13,210,92121,-2082
2018-08-14,210,93680,2551
2018-08-15,210,96050,2303
2018-08-16,210,89113,-3670
2018-08-17,210,109862,21805
2018-08-20,210,108694,4559
2018-08-21,210,103665,-2211
2018-08-22,210,106367,10987
2018-08-23,210,91368,-14170
2018-08-24,210,99273,9727
2018-08-27,210,94288,-2454
2018-08-28,210,84817,-8193
2018-08-29,210,100145,17280
2018-08-30,210,95815,146
2018-08-31,210,88209,-6553
2018-09-03,210,89165,2272
2018-09-04,210,76084,-12231
2018-09-05,210,82615,7329
2018-09-06,210,89997,8628
2018-09-07,210,81617,-7822
2018-09-10,210,83017,4113
2018-09-11,210,80727,-733
2018-09-12,210,92970,15200
2018-09-13,210,88100,-4754
2018-09-14,210,82851,-3195
2018-09-17,210,81462,305
2018-09-18,210,72247,-9215
2018-09-19,210,75128,3143
2018-09-20,210,77214,2170
2018-09-21,210,72109,-4646
2018-09-25,210,70716,-883
2018-09-26,210,70771,306
2018-09-27,210,64262,-5131
2018-09-28,210,62914,-964
2018-10-08,210,65473,6981
2018-10-09,210,65841,731
2018-10-10,210,94205,22771
2018-10-11,210,82170,-9901
2018-10-12,210,90248,8652
2018-10-15,210,81198,-4928
2018-10-16,210,97688,16603
2018-10-17,210,105210,8321
2018-10-18,210,98317,-5827
2018-10-19,210,96112,-2528
2018-10-22,210,91159,-2962
2018-10-23,210,96646,7080
2018-10-24,210,98641,4211
2018-10-25,210,101953,3932
2018-10-26,210,106470,5163
2018-10-29,210,91071,-14696
2018-10-30,210,95353,7113
2018-10-31,210,89928,-4314
2018-11-01,210,110935,23101
2018-11-02,210,94411,-14975
2018-11-05,210,104267,9982
2018-11-06,210,103301,63
2018-11-07,210,105954,3426
2018-11-08,210,105421,3032
2018-11-09,210,103557,-1261
2018-11-12,210,107727,9792
2018-11-13,210,105786,-948
2018-11-14,210,97372,-8045
2018-11-15,210,103302,7089
2018-11-16,210,102411,-1881
2018-11-19,210,99560,-402
2018-11-20,210,103786,3778
2018-11-21,210,110472,10443
2018-11-22,210,99382,-11672
2018-11-23,210,118844,21332
2018-11-26,210,144100,25254
2018-11-27,210,139412,-6079
2018-11-28,210,135242,-1328
2018-11-29,210,141043,8905
2018-11-30,210,134616,-6220
2018-12-03,210,142885,9520
2018-12-04,210,124863,-18767
2018-12-05,210,130880,10630
2018-12-06,210,118293,-12948
2018-12-07,210,129581,13325
2018-12-10,210,112364,-15658
2018-12-11,210,117838,4583
2018-12-12,210,110714,-7414
2018-12-13,210,117559,12057
2018-12-14,210,113675,-1941
2018-12-17,210,115624,1112
2018-12-18,210,108356,-3805
2018-12-19,210,116380,8909
2018-12-20,210,109337,-8190
2018-12-21,210,111995,3498
2018-12-24,210,99291,-12752
2018-12-25,210,100929,3130
2018-12-26,210,87984,-12002
2018-12-27,210,88318,1306
2018-12-28,210,76844,-4818
2019-01-02,210,85210,10532
2019-01-03,210,85918,2517
2019-01-04,210,86057,1460
2019-01-07,210,79974,-5933
2019-01-08,210,81045,3448
2019-01-09,210,82169,939
2019-01-10,210,84438,3139
2019-01-11,210,94640,14520
2019-01-14,210,96409,4693
2019-01-15,210,100703,5859
2019-01-16,210,107242,7305
2019-01-17,210,99761,-7177
2019-01-18,210,109991,11211
2019-01-21,210,115460,10166
2019-01-22,210,105452,-9402
2019-01-23,210,105450,2362
2019-01-24,210,107972,2477
2019-01-25,210,125137,17383
2019-01-28,210,107554,-15543
2019-01-29,210,109152,1929
2019-01-30,210,106596,-1334
2019-01-31,210,125659,19769
2019-02-01,210,97599,-25965
2019-02-11,210,105339,6534
2019-02-12,210,93194,-11083
2019-02-13,210,96512,5054
2019-02-14,210,88868,-7528
2019-02-15,210,89541,1349
2019-02-18,210,94477,6587
2019-02-19,210,91135,-2940
2019-02-20,210,97251,7198
2019-02-21,210,93010,-3021
2019-02-22,210,95676,1854
2019-02-25,210,103813,8897
2019-02-26,210,100505,-3797
2019-02-27,210,107422,8342
2019-02-28,210,91731,-14068
2019-03-01,210,106214,14521
2019-03-04,210,99641,-4529
2019-03-05,210,94368,-5053
2019-03-06,210,90083,-2560
2019-03-07,210,85000,-5083
2019-03-08,210,87684,2684
2019-03-11,210,82763,-4921
2019-03-12,210,79154,-3146
2019-03-13,210,83065,4898
2019-03-14,210,80168,-2888
2019-03-15,210,93444,14827
2019-03-18,210,83589,-9777
2019-03-19,210,92515,8926
2019-03-20,210,80673,-11842
2019-03-21,210,81884,1964
2019-03-22,210,77977,-2655
2019-03-25,210,77931,-781
2019-03-26,210,77583,3025
2019-03-27,210,83430,7639
2019-03-28,210,79302,-4115
2019-03-29,210,86913,8757
2019-04-01,210,77497,-7851
2019-04-02,210,78982,4070
2019-04-03,210,74873,581
2019-04-04,210,63316,-10984
2019-04-08,210,73194,10351
2019-04-09,210,78200,6004
2019-04-10,210,81418,8235
2019-04-11,210,78757,170
2019-04-12,210,78086,-149
2019-04-15,210,71257,-6112
2019-04-16,210,77118,6013
2019-04-17,210,64063,-11539
2019-04-18,210,72597,9874
2019-04-19,210,58593,-12278
2019-04-22,210,60308,3661
2019-04-23,210,54030,-6297
2019-04-24,210,58727,5617
2019-04-25,210,46671,-8426
2019-04-26,210,57693,14272
2019-04-29,210,51678,-5968
2019-04-30,210,54310,3782
2019-05-06,210,51333,-2655
2019-05-07,210,60264,9653
2019-05-08,210,53157,-6464
2019-05-09,210,54783,2158
2019-05-10,210,51401,-3284
2019-05-13,210,55815,4521
2019-05-14,210,50902,-1911
2019-05-15,210,51953,1341
2019-05-16,210,51997,1035
2019-05-17,210,57811,8345
2019-05-20,210,54555,-2853
2019-05-21,210,74519,21335
2019-05-22,210,76445,5254
2019-05-23,210,64233,-11152
2019-05-24,210,81515,18324
2019-05-27,210,66950,-12720
2019-05-28,210,66781,494
2019-05-29,210,61609,-4013
2019-05-30,210,77043,15836
2019-05-31,210,70011,-6618
2019-06-03,210,74907,9766
2019-06-04,210,69461,-4492
2019-06-05,210,72737,3334
2019-06-06,210,76753,4923
2019-06-10,210,75663,-506
2019-06-11,210,85417,10041
2019-06-12,210,75932,-9178
2019-06-13,210,64558,-10953
2019-06-14,210,66515,4363
2019-06-17,210,60368,-6100
2019-06-18,210,61550,1379
2019-06-19,210,62602,1305
2019-06-20,210,58865,-3296
2019-06-21,210,62551,5018
2019-06-24,210,69771,7452
2019-06-25,210,64891,-4110
2019-06-26,210,63243,-1647
2019-06-27,210,70638,8279
2019-06-28,210,63442,-3825
2019-07-01,210,66829,6057
2019-07-02,210,61169,-4732
2019-07-03,210,66568,6409
2019-07-04,210,74779,5111
2019-07-05,210,74714,709
2019-07-08,210,67083,-7318
2019-07-09,210,59187,-6127
2019-07-10,210,62444,3435
2019-07-11,210,69944,8019
2019-07-12,210,63835,-4948
2019-07-15,210,61811,-917
2019-07-16,210,60010,-883
2019-07-17,210,60352,2321
2019-07-18,210,58064,-2030
2019-07-19,210,55874,-102
2019-07-22,210,55778,1020
2019-07-23,210,53620,-516
2019-07-24,210,56719,3590
2019-07-25,210,52259,-2618
2019-07-26,210,51739,1757
2019-07-29,210,50331,-174
2019-07-30,210,54011,5783
2019-07-31,210,45815,-6337
2019-08-01,210,55539,11231
2019-08-02,210,53832,79
2019-08-05,210,47827,-4296
2019-08-06,210,49636,2258
2019-08-07,210,55254,7446
2019-08-08,210,49608,-3347
2019-08-09,210,55674,8392
2019-08-12,210,51142,-1429
2019-08-13,210,46243,-2037
2019-08-14,210,54884,11461
2019-08-15,210,45294,-9031
2019-08-16,210,41234,-843
2019-08-19,210,35408,-3326
2019-08-20,210,38878,3688
2019-08-21,210,54621,17410
2019-08-22,210,41760,-10965
2019-08-23,210,42161,589
2019-08-26,210,51045,14559
2019-08-27,210,49237,-33
2019-08-28,210,55609,10275
2019-08-29,210,49706,-5870
2019-08-30,210,50138,1082
2019-09-02,210,44158,-5890
2019-09-03,210,42540,-1552
2019-09-04,210,45211,3500
2019-09-05,210,47086,2841
2019-09-06,210,43029,-3894
2019-09-09,210,47168,4139
2019-09-10,210,40688,-5946
2019-09-11,210,50528,10177
2019-09-12,210,45628,-3857
2019-09-16,210,46374,1644
2019-09-17,210,48366,2650
2019-09-18,210,48959,2616
2019-09-19,210,52811,5073
2019-09-20,210,69897,19236
2019-09-23,210,64326,-4485
2019-09-24,210,90055,26341
2019-09-25,210,84867,-2273
2019-09-26,210,85715,1651
2019-09-27,210,73117,-7512
2019-09-30,210,74976,3109
2019-10-08,210,71137,-4688
2019-10-09,210,82444,13614
2019-10-10,210,74218,-6379
2019-10-11,210,80781,6420
2019-10-14,210,79881,142
2019-10-15,210,85345,6472
2019-10-16,210,90996,6052
2019-10-17,210,83854,-6586
2019-10-18,210,80836,-349
2019-10-21,210,74396,-4977
2019-10-22,210,76179,1780
2019-10-23,210,72516,-2894
2019-10-24,210,63063,-7270
2019-10-25,210,68842,6178
2019-10-28,210,71069,5676
2019-10-29,210,67723,-649
2019-10-30,210,63995,-2852
2019-10-31,210,74446,11514
2019-11-01,210,72625,-71
2019-11-04,210,87799,15643
2019-11-05,210,76627,-8426
2019-11-06,210,77788,2244
2019-11-07,210,73326,-3726
2019-11-08,210,77789,5913
2019-11-11,210,84939,7536
2019-11-12,210,73435,-8896
2019-11-13,210,87967,15368
2019-11-14,210,77237,-8423
2019-11-15,210,74713,-855
2019-11-18,210,83414,10778
2019-11-19,210,85452,6490
2019-11-20,210,77602,-5608
2019-11-21,210,76350,-710
2019-11-22,210,74247,-2002
2019-11-25,210,91230,18597
2019-11-26,210,83479,-5364
2019-11-27,210,73418,-8480
2019-11-28,210,72700,52
2019-11-29,210,73923,2111
2019-12-02,210,71995,-759
2019-12-03,210,74982,4548
2019-12-04,210,72557,-1593
2019-12-05,210,67730,-4146
2019-12-06,210,63750,-3032
2019-12-09,210,81104,16854
2019-12-10,210,67860,-12001
2019-12-11,210,70178,3339
2019-12-12,210,67861,-2992
2019-12-13,210,61955,-5722
2019-12-16,210,65316,4786
2019-12-17,210,60293,-1036
2019-12-18,210,60969,2553
2019-12-19,210,74853,16464
2019-12-20,210,64585,-6973
2019-12-23,210,67531,4840
2019-12-24,210,70590,2995
2019-12-25,210,67338,-1473
2019-12-26,210,74120,6810
2019-12-27,210,69952,-2311
2019-12-30,210,65529,-4319
2019-12-31,210,54074,-4195
2020-01-02,210,55958,2563
2020-01-03,210,51636,-3302
2020-01-06,210,51391,-89
2020-01-07,210,55401,4010
2020-01-08,210,56108,1986
2020-01-09,210,59324,4333
2020-01-10,210,58646,789
2020-01-13,210,62425,4499
2020-01-14,210,59893,-2077
2020-01-15,210,59201,-99
2020-01-16,210,63797,4650
2020-01-17,210,61819,-1464
2020-01-20,210,63433,2037
2020-01-21,210,62953,898
2020-01-22,210,67071,4432
2020-01-23,210,60717,-6345
2020-02-03,210,59878,288
2020-02-04,210,61208,3646
2020-02-05,210,56212,-2803
2020-02-06,210,66419,10900
2020-02-07,210,60439,-4674
2020-02-10,210,59812,995
2020-02-11,210,67888,12113
2020-02-12,210,63192,-3698
2020-02-13,210,65392,2655
2020-02-14,210,63250,-1614
2020-02-17,210,68364,5520
2020-02-18,210,65542,-1585
2020-02-19,210,69141,4211
2020-02-20,210,77244,3527
2020-02-21,210,66378,-3264
2020-02-24,210,72861,7095
2020-02-25,210,68389,-4176
2020-02-26,210,69776,1818
2020-02-27,210,83960,8576
2020-02-28,210,79416,2905
2020-03-02,210,84987,-204
2020-03-03,210,81885,-3062
2020-03-04,210,81304,198
2020-03-05,210,79822,-1158
2020-03-06,210,80469,1019
2020-03-09,210,82947,3041
2020-03-10,210,75312,-7071
2020-03-11,210,72952,-2200
2020-03-12,210,83276,10738
2020-03-13,210,77345,-3985
2020-03-16,210,69349,-6352
2020-03-17,210,78702,9625
2020-03-18,210,70334,-6716
2020-03-19,210,75003,6557
2020-03-20,210,69520,-4888
2020-03-23,210,75182,5245
2020-03-24,210,66267,-8622
2020-03-25,210,71291,5837
2020-03-26,210,66003,-4635
2020-03-27,210,67320,3158
2020-03-30,210,68289,982
2020-03-31,210,69379,1417
2020-04-01,210,83558,12113
2020-04-02,210,77347,-2235
2020-04-03,210,79363,3109
2020-04-07,210,77600,-1145
2020-04-08,210,72847,-2177
2020-04-09,210,73791,1692
2020-04-10,210,69733,261
2020-04-13,210,67939,-2567
2020-04-14,210,61469,-5255
2020-04-15,210,62771,2125
2020-04-16,210,58705,-4092
2020-04-17,210,67221,9825
2020-04-20,210,62805,-3519
2020-04-21,210,63829,8486
2020-04-22,210,60670,-2697
2020-04-23,210,66051,5495
2020-04-24,210,67982,2164
2020-04-27,210,66851,-1041
2020-04-28,210,80763,15345
2020-04-29,210,75987,-4314
2020-04-30,210,72025,-2049
2020-05-06,210,60949,-8425
2020-05-07,210,64923,4962
2020-05-08,210,62524,190
2020-05-11,210,68779,6858
2020-05-12,210,65907,412
2020-05-13,210,58466,-4773
2020-05-14,210,64844,7252
2020-05-15,210,62026,-309
2020-05-18,210,68821,8478
2020-05-19,210,64715,-469
2020-05-20,210,67954,4825
2020-05-21,210,66986,436
2020-05-22,210,70822,4091
2020-05-25,210,70216,198
2020-05-26,210,69737,975
2020-05-27,210,70941,1609
2020-05-28,210,64009,-5930
2020-05-29,210,64857,1054
2020-06-01,210,72747,8619
2020-06-02,210,72837,5617
2020-06-03,210,73117,956
2020-06-04,210,70502,-1813
2020-06-05,210,70968,1205
2020-06-08,210,79579,9512
2020-06-09,210,70979,-6457
2020-06-10,210,70570,1618
2020-06-11,210,63021,-6806
2020-06-12,210,65886,3942
2020-06-15,210,63412,90
2020-06-16,210,59956,-1129
2020-06-17,210,60505,1215
2020-06-18,210,65368,8190
2020-06-19,210,60582,-3961
2020-06-22,210,62044,3260
2020-06-23,210,55754,-2636
2020-06-24,210,56959,1205
2020-06-29,210,60520,4845
2020-06-30,210,51059,-8705
2020-07-01,210,54575,3516
2020-07-02,210,59008,5720
2020-07-03,210,52643,-5541
2020-07-06,210,57271,4833
2020-07-07,210,49217,-7826
2020-07-08,210,61047,13089
2020-07-09,210,65548,5414
2020-07-10,210,61131,-3954
2020-07-13,210,59218,-1288
2020-07-14,210,58028,-679
2020-07-15,210,51652,-4972
2020-07-16,210,55829,4938
2020-07-17,210,51454,-2619
2020-07-20,210,49454,-1938
2020-07-21,210,65562,17380
2020-07-22,210,55545,-9745
2020-07-23,210,62739,4207
2020-07-24,210,57381,-3005
2020-07-27,210,57058,65
2020-07-28,210,53673,-1999
2020-07-29,210,53772,1153
2020-07-30,210,55890,4192
2020-07-31,210,51834,-630
2020-08-03,210,57317,7597
2020-08-04,210,53517,-1510
2020-08-05,210,56983,4866
2020-08-06,210,47663,-3321
2020-08-07,210,50481,2298
2020-08-10,210,47849,-975
2020-08-11,210,45943,546
2020-08-12,210,48421,4661
2020-08-13,210,42399,-4658
2020-08-14,210,45790,4824
2020-08-17,210,46569,1735
2020-08-18,210,39355,-5115
2020-08-19,210,54128,14548
2020-08-20,210,46136,-7300
2020-08-21,210,39311,-4073
2020-08-24,210,47124,9210
2020-08-25,210,41877,-285
2020-08-26,210,41492,369
2020-08-27,210,43414,2293
2020-08-28,210,50925,8278
2020-08-31,210,47866,-1439
2020-09-01,210,65321,18181
2020-09-02,210,66446,1834
2020-09-03,210,68588,3849
2020-09-04,210,67979,1895
2020-09-07,210,65157,-2632
2020-09-08,210,69179,4470
2020-09-09,210,68509,295
2020-09-10,210,71325,2816
2020-09-11,210,57463,-10455
2020-09-14,210,67948,11505
2020-09-15,210,59804,-6291
2020-09-16,210,60872,1946
2020-09-17,210,56709,-27
2020-09-18,210,65299,9557
2020-09-21,210,57088,-7417
2020-09-22,210,67607,11645
2020-09-23,210,67236,868
2020-09-24,210,59416,-7392
2020-09-25,210,54522,-4894
2020-09-28,210,59752,8460
2020-09-29,210,53275,-5672
2020-09-30,210,57067,4285
2020-10-09,210,68452,11753
2020-10-12,210,71626,4741
2020-10-13,210,79008,8513
2020-10-14,210,72243,-3889
2020-10-15,210,74427,2811
2020-10-16,210,75525,2391
2020-10-19,210,69084,-4568
2020-10-20,210,69674,1681
2020-10-21,210,70330,1387
2020-10-22,210,80589,10568
2020-10-23,210,64429,-14843
2020-10-26,210,75952,13256
2020-10-27,210,69384,-5252
2020-10-28,210,76977,10179
2020-10-29,210,69608,-5692
2020-10-30,210,75805,7210
2020-11-02,210,76676,1771
2020-11-03,210,83303,7723
2020-11-04,210,68835,-12205
2020-11-05,210,76540,9854
2020-11-06,210,65194,-9123
2020-11-09,210,78515,14469
2020-11-10,210,71509,-10864
2020-11-11,210,85100,15041
2020-11-12,210,71644,-12813
2020-11-13,210,81312,10773
2020-11-16,210,74131,-6014
2020-11-17,210,80591,8769
2020-11-18,210,67622,-9763
2020-11-19,210,79284,12027
2020-11-20,210,77169,-1271
2020-11-23,210,83392,6818
2020-11-24,210,88305,6772
2020-11-25,210,85918,-824
2020-11-26,210,85048,281
2020-11-27,210,78803,-6467
2020-11-30,210,92839,9390
2020-12-01,210,89659,-2313
2020-12-02,210,96139,6106
2020-12-03,210,91953,-931
2020-12-04,210,88153,39
2020-12-07,210,92666,4907
2020-12-08,210,77301,-12024
2020-12-09,210,91104,15251
2020-12-10,210,85517,1511
2020-12-11,210,78864,-4634
2020-12-14,210,86070,9535
2020-12-15,210,69547,-15634
2020-12-16,210,82524,14062
2020-12-17,210,80504,-1141
2020-12-18,210,86383,10746
2020-12-21,210,88886,4459
2020-12-22,210,79908,-7209
2020-12-23,210,73201,2206
2020-12-24,210,70605,-3249
2020-12-25,210,76149,5544
2020-12-28,210,81875,9717
2020-12-29,210,78519,-4409
2020-12-30,210,85045,7213
2020-12-31,210,71954,-11079
2021-01-04,210,73452,2996
2021-01-05,210,69338,1923
2021-01-06,210,72597,4913
2021-01-07,210,66991,-1714
2021-01-08,210,86353,20636
2021-01-11,210,78720,-6027
2021-01-12,210,80367,1638
2021-01-13,210,81296,2076
2021-01-14,210,79572,-1688
2021-01-15,210,85667,7317
2021-01-18,210,88955,4765
2021-01-19,210,83843,-2389
2021-01-20,210,86252,6248
2021-01-21,210,77036,-8856
2021-01-22,210,85451,7839
2021-01-25,210,83363,-2705
2021-01-26,210,83881,2340
2021-01-27,210,84877,2257
2021-01-28,210,82135,840
2021-01-29,210,90894,8385
2021-02-01,210,70786,-6998
2021-02-02,210,80152,6114
2021-02-03,210,85697,5519
2021-02-04,210,86512,6045
2021-02-05,210,80476,-5119
2021-02-08,210,80032,1240
2021-02-09,210,67493,-10493
2021-02-10,210,68639,640
2021-02-18,210,71139,5213
2021-02-19,210,74351,3815
2021-02-22,210,86443,14574
2021-02-23,210,83148,-3254
2021-02-24,210,87047,5470
2021-02-25,210,89618,2631
2021-02-26,210,86933,-163
2021-03-01,210,96538,10937
2021-03-02,210,90693,-4468
2021-03-03,210,83813,-3040
2021-03-04,210,76436,-4102
2021-03-05,210,79017,6171
2021-03-08,210,80251,4748
2021-03-09,210,71771,-4524
2021-03-10,210,77028,8896
2021-03-11,210,79206,6641
2021-03-12,210,76529,-2632
2021-03-15,210,71370,-4165
2021-03-16,210,75405,9620
2021-03-17,210,82337,8529
2021-03-18,210,82539,4391
2021-03-19,210,94274,12429
2021-03-22,210,91031,-3699
2021-03-23,210,78857,-9135
2021-03-24,210,86473,7054
2021-03-25,210,77454,-4511
2021-03-26,210,85012,7656
2021-03-29,210,95172,10684
2021-03-30,210,101184,6329
2021-03-31,210,98909,-948
2021-04-01,210,107020,16218
2021-04-02,210,92844,-14803
2021-04-06,210,104177,6986
2021-04-07,210,105680,1038
2021-04-08,210,106091,1985
2021-04-09,210,98490,-4884
2021-04-12,210,112503,15961
2021-04-13,210,104655,-8484
2021-04-14,210,107482,2903
2021-04-15,210,102326,-4304
2021-04-16,210,118234,18635
2021-04-19,210,115183,-4571
2021-04-20,210,109670,-4953
2021-04-21,210,111810,1570
2021-04-22,210,114727,4010
2021-04-23,210,108624,-6249
2021-04-26,210,112821,7580
2021-04-27,210,104800,-251
2021-04-28,210,120648,15749
2021-04-29,210,121709,1973
2021-04-30,210,119094,482
2021-05-06,210,111200,-4089
2021-05-07,210,115702,6636
2021-05-10,210,109752,-2327
2021-05-11,210,103037,-4764
2021-05-12,210,138039,23306
2021-05-13,210,137798,2213
2021-05-14,210,132985,-4314
2021-05-17,210,137184,4639
2021-05-18,210,125402,-9418
2021-05-19,210,142960,17758
2021-05-20,210,138977,7590
2021-05-21,210,147656,9087
2021-05-24,210,124548,-21676
2021-05-25,210,134592,15326
2021-05-26,210,133171,1987
2021-05-27,210,152835,21395
2021-05-28,210,134280,-16413
2021-05-31,210,155665,27570
2021-06-01,210,134278,-8379
2021-06-02,210,140871,6943
2021-06-03,210,140049,-822
2021-06-04,210,138096,-137
2021-06-07,210,131885,-4809
2021-06-08,210,137221,4953
2021-06-09,210,132381,-4092
2021-06-10,210,137979,7920
2021-06-11,210,140776,6817
2021-06-15,210,136274,-5229
2021-06-16,210,149390,13433
2021-06-17,210,150792,2804
2021-06-18,210,160396,8911
2021-06-21,210,148354,-9872
2021-06-22,210,152702,5056
2021-06-23,210,160777,1905
2021-06-24,210,165275,4498
2021-06-25,210,161749,-1993
2021-06-28,210,169742,2000
2021-06-29,210,155547,-7630
2021-06-30,210,161701,5688
2021-07-01,210,152724,-2606
2021-07-02,210,171382,22232
2021-07-05,210,163522,-8425
2021-07-06,210,177007,14048
2021-07-07,210,161404,-9218
2021-07-08,210,188915,27550
2021-07-09,210,169636,-11704
2021-07-12,210,188447,17270
2021-07-13,210,184966,-3383
2021-07-14,210,189460,8355
2021-07-15,210,190124,1180
2021-07-16,210,199074,9533
2021-07-19,210,198267,-366
2021-07-20,210,198302,340
2021-07-21,210,199672,2772
2021-07-22,210,209077,6992
2021-07-23,210,212623,4399
2021-07-26,210,218594,5414
2021-07-27,210,212022,-5518
2021-07-28,210,220035,7559
2021-07-29,210,225497,5685
2021-07-30,210,237208,11329
2021-08-02,210,220930,-15501
2021-08-03,210,210995,-6123
2021-08-04,210,221552,9686
2021-08-05,210,231410,12223
2021-08-06,210,238523,9783
2021-08-09,210,241244,8114
2021-08-10,210,233637,-4971
2021-08-11,210,244443,10522
2021-08-12,210,248694,3766
2021-08-13,210,279738,30190
2021-08-16,210,267186,-11799
2021-08-17,210,256346,-4652
2021-08-18,210,270310,12597
2021-08-19,210,289814,16667
2021-08-20,210,220780,-53146
2021-08-23,210,208731,-4974
2021-08-24,210,192172,-10732
2021-08-25,210,198848,9165
2021-08-26,210,195437,1464
2021-08-27,210,194771,-479
2021-08-30,210,187595,-5088
2021-08-31,210,171324,-7892
2021-09-01,210,157680,1330
2021-09-02,210,165562,7810
2021-09-03,210,159118,-3341
2021-09-06,210,129435,-23199
2021-09-07,210,121963,-6659
2021-09-08,210,108490,-12910
2021-09-09,210,105114,-2735
2021-09-10,210,97051,-7217
2021-09-13,210,89248,-7515
2021-09-14,210,87277,-1974
2021-09-15,210,87119,-2823
2021-09-16,210,84373,-3086
2021-09-17,210,77813,-2358
2021-09-22,210,77673,1781
2021-09-23,210,77487,-574
2021-09-24,210,74238,-2806
2021-09-27,210,73533,683
2021-09-28,210,74019,413
2021-09-29,210,68465,-365
2021-09-30,210,71055,1444
2021-10-08,210,69035,-615
2021-10-11,210,72025,2396
2021-10-12,210,72995,970
2021-10-13,210,71656,-1339
2021-10-14,210,70411,-492
2021-10-15,210,71124,737
2021-10-18,210,68858,-1317
2021-10-19,210,66565,-2189
2021-10-20,210,63443,-3122
2021-10-21,210,59835,-3519
2021-10-22,210,53085,-6427
2021-10-25,210,53212,320
2021-10-26,210,53165,1033
2021-10-27,210,53292,483
2021-10-28,210,35106,-14868
2021-10-29,210,30673,128
2021-11-01,210,29467,-1172
2021-11-02,210,26495,-1805
2021-11-03,210,27222,417
2021-11-04,210,27373,215
2021-11-05,210,26935,-347
2021-11-08,210,26021,-382
2021-11-09,210,24859,-1016
2021-11-10,210,24321,-758
2021-11-11,210,24219,57
2021-11-12,210,25386,965
2021-11-15,210,25380,1472
2021-11-16,210,25572,196
2021-11-17,210,26695,576
2021-11-18,210,26724,514
2021-11-19,210,27341,1486
2021-11-22,210,26828,-286
2021-11-23,210,25836,-524
2021-11-24,210,23503,-1758
2021-11-25,210,20677,-1194
2021-11-26,210,20826,276
2021-11-29,210,22026,1423
2021-11-30,210,23010,962
2021-12-01,210,23855,749
2021-12-02,210,23855,730
2021-12-03,210,24330,551
2021-12-06,210,23486,-129
2021-12-07,210,24756,1529
2021-12-08,210,25385,847
2021-12-09,210,25154,-65
2021-12-10,210,25568,392
2021-12-13,210,18321,-399
2021-12-14,210,19392,1072
2021-12-15,210,20037,706
2021-12-16,210,21729,1743
2021-12-17,210,22683,1018
2021-12-20,210,22896,229
2021-12-21,210,23052,547
2021-12-22,210,22835,-124
2021-12-23,210,23762,993
2021-12-24,210,24913,1151
2021-12-27,210,21916,-2869
2021-12-28,210,21438,-440
2021-12-29,210,21580,144
2021-12-30,210,21693,411
2021-12-31,210,22193,525
2022-01-04,210,22581,498
2022-01-05,210,22841,260
2022-01-06,210,22604,-117
2022-01-07,210,21429,-1091
2022-01-10,210,21466,61
2022-01-11,210,21989,623
2022-01-12,210,22067,78
2022-01-13,210,21611,-333
2022-01-14,210,21395,-216
2022-01-17,210,19967,-1314
2022-01-18,210,20624,881
2022-01-19,210,20328,-93
2022-01-20,210,20580,343
2022-01-21,210,19809,-599
2022-01-24,210,19634,-46
2022-01-25,210,19019,-540
2022-01-26,210,18481,-349
2022-01-27,210,18513,170
2022-01-28,210,16894,-1609
2022-02-07,210,18427,1700
2022-02-08,210,21941,3812
2022-02-09,210,21572,-212
2022-02-10,210,21050,-398
2022-02-11,210,22280,1362
2022-02-14,210,22838,579
2022-02-15,210,23180,445
2022-02-16,210,24709,1529
2022-02-17,210,25037,401
2022-02-18,210,28517,3558
2022-02-21,210,30117,1633
2022-02-22,210,29139,-774
2022-02-23,210,31014,1980
2022-02-24,210,29149,-1705
2022-02-25,210,25640,-3469
2022-02-28,210,26725,1144
2022-03-01,210,27885,1160
2022-03-02,210,28005,218
2022-03-03,210,28689,798
2022-03-04,210,29229,964
2022-03-07,210,29062,-167
2022-03-08,210,28464,-275
2022-03-09,210,29251,819
2022-03-10,210,30054,829
2022-03-11,210,30021,-4
2022-03-14,210,28414,-566
2022-03-15,210,27534,-880
2022-03-16,210,26952,-457
2022-03-17,210,26731,-215
2022-03-18,210,30479,3824
2022-03-21,210,29929,-550
2022-03-22,210,29025,-904
2022-03-23,210,27576,-1449
2022-03-24,210,28824,1248
2022-03-25,210,29568,744
2022-03-28,210,28728,-784
2022-03-29,210,29023,371
2022-03-30,210,28054,-969
2022-03-31,210,27138,-916
2022-04-01,210,27053,4
2022-04-06,210,26837,-216
2022-04-07,210,26126,-639
2022-04-08,210,25069,-1057
2022-04-11,210,23096,-1973
2022-04-12,210,22663,-239
2022-04-13,210,30735,-244
2022-04-14,210,31820,820
2022-04-15,210,32771,1182
2022-04-18,210,32623,-349
2022-04-19,210,19773,1414
2022-04-20,210,20284,511
2022-04-21,210,20337,53
2022-04-22,210,20847,510
2022-04-25,210,20058,25
2022-04-26,210,20347,611
2022-04-27,210,20620,428
2022-04-28,210,19610,-877
2022-04-29,210,19360,-120
2022-05-05,210,19827,543
2022-05-06,210,20155,452
2022-05-09,210,20216,95
2022-05-10,210,19466,-750
2022-05-11,210,19319,301
2022-05-12,210,20175,975
2022-05-13,210,19596,-477
2022-05-16,210,20116,566
2022-05-17,210,19681,-375
2022-05-18,210,19603,-78
2022-05-19,210,19587,24
2022-05-20,210,20337,795
2022-05-23,210,21913,1827
2022-05-24,210,23072,1221
2022-05-25,210,22720,-352
2022-05-26,210,22774,138
2022-05-27,210,20869,-1581
2022-05-30,210,21602,1086
2022-05-31,210,21490,6
2022-06-01,210,23323,2002
2022-06-02,210,22788,-506
2022-06-06,210,22992,695
2022-06-07,210,23076,132
2022-06-08,210,24102,1029
2022-06-09,210,24166,312
2022-06-10,210,24882,716
2022-06-13,210,24976,152
2022-06-14,210,25735,884
2022-06-15,210,25998,273
2022-06-16,210,25358,-557
2022-06-17,210,25065,-189
2022-06-20,210,25160,353
2022-06-21,210,23227,-1631
2022-06-22,210,24192,1136
2022-06-23,210,23049,-949
2022-06-24,210,22836,35
2022-06-27,210,22418,-317
2022-06-28,210,23106,697
2022-06-29,210,22850,-209
2022-06-30,210,24367,1648
2022-07-01,210,24227,-140
2022-07-04,210,25225,1140
2022-07-05,210,24426,-799
2022-07-06,210,23836,-189
2022-07-07,210,23809,209
2022-07-08,210,25396,1653
2022-07-11,210,25019,-82
2022-07-12,210,26100,1909
2022-07-13,210,25676,-353
2022-07-14,210,25711,277
2022-07-15,210,27901,2555
2022-07-18,210,28654,961
2022-07-19,210,26564,-2034
2022-07-20,210,28130,1666
2022-07-21,210,29327,1286
2022-07-22,210,27331,-1572
2022-07-25,210,26786,-22
2022-07-26,210,25772,-922
2022-07-27,210,24586,-1007
2022-07-28,210,25383,1056
2022-07-29,210,24749,-269
2022-08-01,210,23844,-720
2022-08-02,210,24478,767
2022-08-03,210,24606,263
2022-08-04,210,35186,739
2022-08-05,210,33351,-881
2022-08-08,210,34113,782
2022-08-09,210,34986,1163
2022-08-10,210,35341,120
2022-08-11,210,34393,-895
2022-08-12,210,35751,1358
2022-08-15,210,35902,-220
2022-08-16,210,35009,-500
2022-08-17,210,35121,377
2022-08-18,210,35143,-320
2022-08-19,210,23585,2014
2022-08-22,210,23889,525
2022-08-23,210,24836,1025
2022-08-24,210,25894,1161
2022-08-25,210,26659,765
2022-08-26,210,29340,3044
2022-08-29,210,29620,426
2022-08-30,210,31074,1651
2022-08-31,210,31723,978
2022-09-01,210,33100,1485
2022-09-02,210,31666,-1028
2022-09-05,210,30924,-219
2022-09-06,210,31563,769
2022-09-07,210,32530,1283
2022-09-08,210,30902,-1478
2022-09-09,210,30148,-721
2022-09-13,210,31328,1266
2022-09-14,210,30648,-319
2022-09-15,210,32421,2035
2022-09-16,210,33537,1116
2022-09-19,210,36044,2669
2022-09-20,210,35183,-683
2022-09-21,210,36912,1730
2022-09-22,210,38444,1630
2022-09-23,210,39366,948
2022-09-26,210,39677,454
2022-09-27,210,40123,557
2022-09-28,210,39446,-650
2022-09-29,210,38187,-1259
2022-09-30,210,36193,-1901
2022-10-10,210,37290,1115
2022-10-11,210,37730,485
2022-10-12,210,38086,356
2022-10-13,210,38168,82
2022-10-14,210,38035,-133
2022-10-17,210,38558,680
2022-10-18,210,38859,313
2022-10-19,210,38218,-590
2022-10-20,210,38749,689
2022-10-21,210,37707,-582
2022-10-24,210,37305,-402
2022-10-25,210,37247,180
2022-10-26,210,35611,-1636
2022-10-27,210,34896,-578
2022-10-28,210,33940,-287
2022-10-31,210,34333,504
2022-11-01,210,33410,-730
2022-11-02,210,33914,548
2022-11-03,210,33454,-457
2022-11-04,210,45098,461
2022-11-07,210,45113,-188
2022-11-08,210,45162,270
2022-11-09,210,47109,1506
2022-11-10,210,46633,-271
2022-11-11,210,45662,-122
