trading_date,JM_total_oi
2013-11-05,538656.0
2013-11-06,522744.0
2013-11-07,480928.0
2013-11-08,488946.0
2013-11-11,487106.0
2013-11-12,481056.0
2013-11-13,488174.0
2013-11-14,497636.0
2013-11-15,525322.0
2013-11-18,538446.0
2013-11-19,532876.0
2013-11-20,545504.0
2013-11-21,551578.0
2013-11-22,556642.0
2013-11-25,559512.0
2013-11-26,571256.0
2013-11-27,590728.0
2013-11-28,573310.0
2013-11-29,576324.0
2013-12-02,566570.0
2013-12-03,556090.0
2013-12-04,541648.0
2013-12-05,548900.0
2013-12-06,511508.0
2013-12-09,526248.0
2013-12-10,510902.0
2013-12-11,530294.0
2013-12-12,512194.0
2013-12-13,442998.0
2013-12-16,425834.0
2013-12-17,423394.0
2013-12-18,379396.0
2013-12-19,379350.0
2013-12-20,387204.0
2013-12-23,380634.0
2013-12-24,372656.0
2013-12-25,333694.0
2013-12-26,313452.0
2013-12-27,328670.0
2013-12-30,326410.0
2013-12-31,306180.0
2014-01-02,318780.0
2014-01-03,323608.0
2014-01-06,319502.0
2014-01-07,326266.0
2014-01-08,321680.0
2014-01-09,325216.0
2014-01-10,329916.0
2014-01-13,333976.0
2014-01-14,332234.0
2014-01-15,316072.0
2014-01-16,346166.0
2014-01-17,328498.0
2014-01-20,342554.0
2014-01-21,322638.0
2014-01-22,306396.0
2014-01-23,289644.0
2014-01-24,261104.0
2014-01-27,256048.0
2014-01-28,282328.0
2014-01-29,238902.0
2014-01-30,228972.0
2014-02-07,239220.0
2014-02-10,261960.0
2014-02-11,281068.0
2014-02-12,312084.0
2014-02-13,301828.0
2014-02-14,301248.0
2014-02-17,265574.0
2014-02-18,244560.0
2014-02-19,263764.0
2014-02-20,257910.0
2014-02-21,252492.0
2014-02-24,291512.0
2014-02-25,264048.0
2014-02-26,264642.0
2014-02-27,263378.0
2014-02-28,269944.0
2014-03-03,288508.0
2014-03-04,311224.0
2014-03-05,277018.0
2014-03-06,302822.0
2014-03-07,319032.0
2014-03-10,324672.0
2014-03-11,278278.0
2014-03-12,292946.0
2014-03-13,307118.0
2014-03-14,295686.0
2014-03-17,299116.0
2014-03-18,299956.0
2014-03-19,300518.0
2014-03-20,392704.0
2014-03-21,410100.0
2014-03-24,451470.0
2014-03-25,386766.0
2014-03-26,339682.0
2014-03-27,322410.0
2014-03-28,316494.0
2014-03-31,336844.0
2014-04-01,339696.0
2014-04-02,344744.0
2014-04-03,360118.0
2014-04-04,363138.0
2014-04-08,381488.0
2014-04-09,368832.0
2014-04-10,337120.0
2014-04-11,321644.0
2014-04-14,309782.0
2014-04-15,382834.0
2014-04-16,325360.0
2014-04-17,329170.0
2014-04-18,339738.0
2014-04-21,344170.0
2014-04-22,324858.0
2014-04-23,365052.0
2014-04-24,352762.0
2014-04-25,348898.0
2014-04-28,367636.0
2014-04-29,372920.0
2014-04-30,368036.0
2014-05-05,364880.0
2014-05-06,364348.0
2014-05-07,396006.0
2014-05-08,393910.0
2014-05-09,422352.0
2014-05-12,480954.0
2014-05-13,454174.0
2014-05-14,443716.0
2014-05-15,430454.0
2014-05-16,407828.0
2014-05-19,396488.0
2014-05-20,418368.0
2014-05-21,440242.0
2014-05-22,376026.0
2014-05-23,383548.0
2014-05-26,376204.0
2014-05-27,379574.0
2014-05-28,380310.0
2014-05-29,371086.0
2014-05-30,360972.0
2014-06-03,368980.0
2014-06-04,376544.0
2014-06-05,451646.0
2014-06-06,443470.0
2014-06-09,439192.0
2014-06-10,434694.0
2014-06-11,432052.0
2014-06-12,433582.0
2014-06-13,416688.0
2014-06-16,411378.0
2014-06-17,362128.0
2014-06-18,346678.0
2014-06-19,353274.0
2014-06-20,333466.0
2014-06-23,353066.0
2014-06-24,343294.0
2014-06-25,350130.0
2014-06-26,343638.0
2014-06-27,356796.0
2014-06-30,348692.0
2014-07-01,351882.0
2014-07-02,334420.0
2014-07-03,370956.0
2014-07-04,405534.0
2014-07-07,404284.0
2014-07-08,379000.0
2014-07-09,374386.0
2014-07-10,369098.0
2014-07-11,346978.0
2014-07-14,364730.0
2014-07-15,350548.0
2014-07-16,358400.0
2014-07-17,354928.0
2014-07-18,351710.0
2014-07-21,340646.0
2014-07-22,349800.0
2014-07-23,381600.0
2014-07-24,351462.0
2014-07-25,345266.0
2014-07-28,328306.0
2014-07-29,325142.0
2014-07-30,323030.0
2014-07-31,328540.0
2014-08-01,321762.0
2014-08-04,312236.0
2014-08-05,341952.0
2014-08-06,345290.0
2014-08-07,363526.0
2014-08-08,340536.0
2014-08-11,355202.0
2014-08-12,327814.0
2014-08-13,328024.0
2014-08-14,318140.0
2014-08-15,343586.0
2014-08-18,339704.0
2014-08-19,343888.0
2014-08-20,341522.0
2014-08-21,333162.0
2014-08-22,346906.0
2014-08-25,339024.0
2014-08-26,327606.0
2014-08-27,351624.0
2014-08-28,325200.0
2014-08-29,306108.0
2014-09-01,288394.0
2014-09-02,342976.0
2014-09-03,316426.0
2014-09-04,287924.0
2014-09-05,312468.0
2014-09-09,303660.0
2014-09-10,294128.0
2014-09-11,297594.0
2014-09-12,284604.0
2014-09-15,293588.0
2014-09-16,273400.0
2014-09-17,289140.0
2014-09-18,280660.0
2014-09-19,281624.0
2014-09-22,312384.0
2014-09-23,306530.0
2014-09-24,310302.0
2014-09-25,276038.0
2014-09-26,261266.0
2014-09-29,254452.0
2014-09-30,245656.0
2014-10-08,256468.0
2014-10-09,373306.0
2014-10-10,332376.0
2014-10-13,405884.0
2014-10-14,420230.0
2014-10-15,454400.0
2014-10-16,421522.0
2014-10-17,438468.0
2014-10-20,473870.0
2014-10-21,493800.0
2014-10-22,524512.0
2014-10-23,542272.0
2014-10-24,535034.0
2014-10-27,510278.0
2014-10-28,528422.0
2014-10-29,524806.0
2014-10-30,527746.0
2014-10-31,565442.0
2014-11-03,527942.0
2014-11-04,532606.0
2014-11-05,494840.0
2014-11-06,500926.0
2014-11-07,487472.0
2014-11-10,488570.0
2014-11-11,471434.0
2014-11-12,446186.0
2014-11-13,447606.0
2014-11-14,436470.0
2014-11-17,428772.0
2014-11-18,392498.0
2014-11-19,368806.0
2014-11-20,367970.0
2014-11-21,362746.0
2014-11-24,350624.0
2014-11-25,344124.0
2014-11-26,349594.0
2014-11-27,344534.0
2014-11-28,329756.0
2014-12-01,320982.0
2014-12-02,306038.0
2014-12-03,296998.0
2014-12-04,297740.0
2014-12-05,272138.0
2014-12-08,261178.0
2014-12-09,237442.0
2014-12-10,228744.0
2014-12-11,222570.0
2014-12-12,213328.0
2014-12-15,205766.0
2014-12-16,202330.0
2014-12-17,201056.0
2014-12-18,196444.0
2014-12-19,194784.0
2014-12-22,219564.0
2014-12-23,268290.0
2014-12-24,202882.0
2014-12-25,203400.0
2014-12-26,214444.0
2014-12-29,203072.0
2014-12-30,197314.0
2014-12-31,186708.0
2015-01-05,183260.0
2015-01-06,196424.0
2015-01-07,185616.0
2015-01-08,196544.0
2015-01-09,184166.0
2015-01-12,189498.0
2015-01-13,188550.0
2015-01-14,183910.0
2015-01-15,188762.0
2015-01-16,186012.0
2015-01-19,168186.0
2015-01-20,164396.0
2015-01-21,165624.0
2015-01-22,173764.0
2015-01-23,171090.0
2015-01-26,171188.0
2015-01-27,156886.0
2015-01-28,160702.0
2015-01-29,154564.0
2015-01-30,148970.0
2015-02-02,148732.0
2015-02-03,141722.0
2015-02-04,141516.0
2015-02-05,139124.0
2015-02-06,137224.0
2015-02-09,139844.0
2015-02-10,138636.0
2015-02-11,136998.0
2015-02-12,133532.0
2015-02-13,132738.0
2015-02-16,125254.0
2015-02-17,117060.0
2015-02-25,117268.0
2015-02-26,116900.0
2015-02-27,120092.0
2015-03-02,124264.0
2015-03-03,126340.0
2015-03-04,128952.0
2015-03-05,134048.0
2015-03-06,132734.0
2015-03-09,128470.0
2015-03-10,123988.0
2015-03-11,123404.0
2015-03-12,121772.0
2015-03-13,119116.0
2015-03-16,120962.0
2015-03-17,119464.0
2015-03-18,124562.0
2015-03-19,128070.0
2015-03-20,127726.0
2015-03-23,129998.0
2015-03-24,125736.0
2015-03-25,145698.0
2015-03-26,142292.0
2015-03-27,146928.0
2015-03-30,172908.0
2015-03-31,156968.0
2015-04-01,157200.0
2015-04-02,171170.0
2015-04-03,181544.0
2015-04-07,187396.0
2015-04-08,200538.0
2015-04-09,201994.0
2015-04-10,218462.0
2015-04-13,208452.0
2015-04-14,197272.0
2015-04-15,202960.0
2015-04-16,194248.0
2015-04-17,213242.0
2015-04-20,327312.0
2015-04-21,304164.0
2015-04-22,304650.0
2015-04-23,324252.0
2015-04-24,303576.0
2015-04-27,292896.0
2015-04-28,288324.0
2015-04-29,324840.0
2015-04-30,312620.0
2015-05-04,305144.0
2015-05-05,301684.0
2015-05-06,322344.0
2015-05-07,318732.0
2015-05-08,363106.0
2015-05-11,341140.0
2015-05-12,315070.0
2015-05-13,288370.0
2015-05-14,280810.0
2015-05-15,268552.0
2015-05-18,261972.0
2015-05-19,257762.0
2015-05-20,246632.0
2015-05-21,253558.0
2015-05-22,271034.0
2015-05-25,245818.0
2015-05-26,233004.0
2015-05-27,231542.0
2015-05-28,224780.0
2015-05-29,216718.0
2015-06-01,214126.0
2015-06-02,209768.0
2015-06-03,210036.0
2015-06-04,194424.0
2015-06-05,194678.0
2015-06-08,189680.0
2015-06-09,190858.0
2015-06-10,197918.0
2015-06-11,193930.0
2015-06-12,178024.0
2015-06-15,180832.0
2015-06-16,177276.0
2015-06-17,165652.0
2015-06-18,157284.0
2015-06-19,140868.0
2015-06-23,130942.0
2015-06-24,123074.0
2015-06-25,123428.0
2015-06-26,115940.0
2015-06-29,113266.0
2015-06-30,113144.0
2015-07-01,114260.0
2015-07-02,107916.0
2015-07-03,102904.0
2015-07-06,104546.0
2015-07-07,106120.0
2015-07-08,97214.0
2015-07-09,84418.0
2015-07-10,85878.0
2015-07-13,91130.0
2015-07-14,106414.0
2015-07-15,99558.0
2015-07-16,95488.0
2015-07-17,96064.0
2015-07-20,90484.0
2015-07-21,95066.0
2015-07-22,103640.0
2015-07-23,99542.0
2015-07-24,99558.0
2015-07-27,94144.0
2015-07-28,90564.0
2015-07-29,85052.0
2015-07-30,85676.0
2015-07-31,84616.0
2015-08-03,84778.0
2015-08-04,81010.0
2015-08-05,81368.0
2015-08-06,83662.0
2015-08-07,84876.0
2015-08-10,88346.0
2015-08-11,84368.0
2015-08-12,86282.0
2015-08-13,85670.0
2015-08-14,82204.0
2015-08-17,81410.0
2015-08-18,81366.0
2015-08-19,78824.0
2015-08-20,81408.0
2015-08-21,80968.0
2015-08-24,79876.0
2015-08-25,80746.0
2015-08-26,102516.0
2015-08-27,94266.0
2015-08-28,94216.0
2015-08-31,86814.0
2015-09-01,84866.0
2015-09-02,79544.0
2015-09-07,77618.0
2015-09-08,77194.0
2015-09-09,71758.0
2015-09-10,73030.0
2015-09-11,70004.0
2015-09-14,73450.0
2015-09-15,69162.0
2015-09-16,80096.0
2015-09-17,73124.0
2015-09-18,77524.0
2015-09-21,94700.0
2015-09-22,87378.0
2015-09-23,81716.0
2015-09-24,79952.0
2015-09-25,80172.0
2015-09-28,88480.0
2015-09-29,85840.0
2015-09-30,81426.0
2015-10-08,80598.0
2015-10-09,75744.0
2015-10-12,89558.0
2015-10-13,100256.0
2015-10-14,107590.0
2015-10-15,104238.0
2015-10-16,99606.0
2015-10-19,95492.0
2015-10-20,98310.0
2015-10-21,101642.0
2015-10-22,106422.0
2015-10-23,96360.0
2015-10-26,100890.0
2015-10-27,105852.0
2015-10-28,148370.0
2015-10-29,149290.0
2015-10-30,144034.0
2015-11-02,162554.0
2015-11-03,156338.0
2015-11-04,154340.0
2015-11-05,152920.0
2015-11-06,144674.0
2015-11-09,152314.0
2015-11-10,148752.0
2015-11-11,154774.0
2015-11-12,162232.0
2015-11-13,159486.0
2015-11-16,163980.0
2015-11-17,182690.0
2015-11-18,191802.0
2015-11-19,248714.0
2015-11-20,205962.0
2015-11-23,222108.0
2015-11-24,224660.0
2015-11-25,206904.0
2015-11-26,179930.0
2015-11-27,177310.0
2015-11-30,186366.0
2015-12-01,186074.0
2015-12-02,201826.0
2015-12-03,200650.0
2015-12-04,197846.0
2015-12-07,211412.0
2015-12-08,220680.0
2015-12-09,242988.0
2015-12-10,236730.0
2015-12-11,220502.0
2015-12-14,221974.0
2015-12-15,217906.0
2015-12-16,221898.0
2015-12-17,233442.0
2015-12-18,242674.0
2015-12-21,234398.0
2015-12-22,233366.0
2015-12-23,236298.0
2015-12-24,242994.0
2015-12-25,242628.0
2015-12-28,241174.0
2015-12-29,254756.0
2015-12-30,241022.0
2015-12-31,230686.0
2016-01-04,224054.0
2016-01-05,225780.0
2016-01-06,217644.0
2016-01-07,207218.0
2016-01-08,213862.0
2016-01-11,216032.0
2016-01-12,206022.0
2016-01-13,182332.0
2016-01-14,167270.0
2016-01-15,161454.0
2016-01-18,159906.0
2016-01-19,160850.0
2016-01-20,158914.0
2016-01-21,164346.0
2016-01-22,175080.0
2016-01-25,172796.0
2016-01-26,172850.0
2016-01-27,165168.0
2016-01-28,146774.0
2016-01-29,147330.0
2016-02-01,149124.0
2016-02-02,145214.0
2016-02-03,150094.0
2016-02-04,145334.0
2016-02-05,131664.0
2016-02-15,134410.0
2016-02-16,140086.0
2016-02-17,143420.0
2016-02-18,142650.0
2016-02-19,158290.0
2016-02-22,172942.0
2016-02-23,189676.0
2016-02-24,206712.0
2016-02-25,208426.0
2016-02-26,203508.0
2016-02-29,205772.0
2016-03-01,202148.0
2016-03-02,192988.0
2016-03-03,187398.0
2016-03-04,187304.0
2016-03-07,178366.0
2016-03-08,185302.0
2016-03-09,176302.0
2016-03-10,175188.0
2016-03-11,171904.0
2016-03-14,168584.0
2016-03-15,163500.0
2016-03-16,161180.0
2016-03-17,169430.0
2016-03-18,158042.0
2016-03-21,162008.0
2016-03-22,162110.0
2016-03-23,148176.0
2016-03-24,143272.0
2016-03-25,140108.0
2016-03-28,151496.0
2016-03-29,155096.0
2016-03-30,140224.0
2016-03-31,184866.0
2016-04-01,194550.0
2016-04-05,201788.0
2016-04-06,188920.0
2016-04-07,201218.0
2016-04-08,219646.0
2016-04-11,229580.0
2016-04-12,243006.0
2016-04-13,244826.0
2016-04-14,272322.0
2016-04-15,242418.0
2016-04-18,242238.0
2016-04-19,285750.0
2016-04-20,292250.0
2016-04-21,278618.0
2016-04-22,257822.0
2016-04-25,321656.0
2016-04-26,378502.0
2016-04-27,371614.0
2016-04-28,332032.0
2016-04-29,316346.0
2016-05-03,312082.0
2016-05-04,295062.0
2016-05-05,283966.0
2016-05-06,270680.0
2016-05-09,284564.0
2016-05-10,288146.0
2016-05-11,268942.0
2016-05-12,272706.0
2016-05-13,259160.0
2016-05-16,258864.0
2016-05-17,277154.0
2016-05-18,244326.0
2016-05-19,263296.0
2016-05-20,278140.0
2016-05-23,269306.0
2016-05-24,228936.0
2016-05-25,220566.0
2016-05-26,227068.0
2016-05-27,213150.0
2016-05-30,211928.0
2016-05-31,207174.0
2016-06-01,202664.0
2016-06-02,202702.0
2016-06-03,215922.0
2016-06-06,224444.0
2016-06-07,205388.0
2016-06-08,193448.0
2016-06-13,222580.0
2016-06-14,247606.0
2016-06-15,230314.0
2016-06-16,224924.0
2016-06-17,203058.0
2016-06-20,200952.0
2016-06-21,196166.0
2016-06-22,212690.0
2016-06-23,210682.0
2016-06-24,213174.0
2016-06-27,214596.0
2016-06-28,203608.0
2016-06-29,218526.0
2016-06-30,202216.0
2016-07-01,205068.0
2016-07-04,209760.0
2016-07-05,186218.0
2016-07-06,182932.0
2016-07-07,170310.0
2016-07-08,157030.0
2016-07-11,163884.0
2016-07-12,211910.0
2016-07-13,192708.0
2016-07-14,175686.0
2016-07-15,166928.0
2016-07-18,162318.0
2016-07-19,143518.0
2016-07-20,142680.0
2016-07-21,144054.0
2016-07-22,137398.0
2016-07-25,159502.0
2016-07-26,150090.0
2016-07-27,157594.0
2016-07-28,170334.0
2016-07-29,178458.0
2016-08-01,190446.0
2016-08-02,200718.0
2016-08-03,196256.0
2016-08-04,184726.0
2016-08-05,191198.0
2016-08-08,217996.0
2016-08-09,208400.0
2016-08-10,228080.0
2016-08-11,224926.0
2016-08-12,236374.0
2016-08-15,245012.0
2016-08-16,246334.0
2016-08-17,227172.0
2016-08-18,227360.0
2016-08-19,212098.0
2016-08-22,215550.0
2016-08-23,228978.0
2016-08-24,225542.0
2016-08-25,231168.0
2016-08-26,218734.0
2016-08-29,241254.0
2016-08-30,265266.0
2016-08-31,248606.0
2016-09-01,250854.0
2016-09-02,303174.0
2016-09-05,309608.0
2016-09-06,329096.0
2016-09-07,329738.0
2016-09-08,321472.0
2016-09-09,335052.0
2016-09-12,318278.0
2016-09-13,302778.0
2016-09-14,285930.0
2016-09-19,288394.0
2016-09-20,318504.0
2016-09-21,325356.0
2016-09-22,347618.0
2016-09-23,346858.0
2016-09-26,374830.0
2016-09-27,348146.0
2016-09-28,374334.0
2016-09-29,390986.0
2016-09-30,369486.0
2016-10-10,378116.0
2016-10-11,406376.0
2016-10-12,415214.0
2016-10-13,412118.0
2016-10-14,452002.0
2016-10-17,459310.0
2016-10-18,505084.0
2016-10-19,548538.0
2016-10-20,569576.0
2016-10-21,573154.0
2016-10-24,603336.0
2016-10-25,573686.0
2016-10-26,542844.0
2016-10-27,536824.0
2016-10-28,527242.0
2016-10-31,523342.0
2016-11-01,589142.0
2016-11-02,546500.0
2016-11-03,563604.0
2016-11-04,543346.0
2016-11-07,471318.0
2016-11-08,418536.0
2016-11-09,431966.0
2016-11-10,413222.0
2016-11-11,353998.0
2016-11-14,330944.0
2016-11-15,335660.0
2016-11-16,324476.0
2016-11-17,323398.0
2016-11-18,333496.0
2016-11-21,311738.0
2016-11-22,303206.0
2016-11-23,284780.0
2016-11-24,290118.0
2016-11-25,259618.0
2016-11-28,235908.0
2016-11-29,236868.0
2016-11-30,237718.0
2016-12-01,237584.0
2016-12-02,238548.0
2016-12-05,214468.0
2016-12-06,220602.0
2016-12-07,210402.0
2016-12-08,194324.0
2016-12-09,220210.0
2016-12-12,218898.0
2016-12-13,229002.0
2016-12-14,231968.0
2016-12-15,214462.0
2016-12-16,197130.0
2016-12-19,221976.0
2016-12-20,239162.0
2016-12-21,226172.0
2016-12-22,205978.0
2016-12-23,195296.0
2016-12-26,208900.0
2016-12-27,194778.0
2016-12-28,196294.0
2016-12-29,190180.0
2016-12-30,178302.0
2017-01-03,188466.0
2017-01-04,189458.0
2017-01-05,179528.0
2017-01-06,184938.0
2017-01-09,184062.0
2017-01-10,198808.0
2017-01-11,182078.0
2017-01-12,187512.0
2017-01-13,176654.0
2017-01-16,170310.0
2017-01-17,158562.0
2017-01-18,144522.0
2017-01-19,147426.0
2017-01-20,137658.0
2017-01-23,135850.0
2017-01-24,133010.0
2017-01-25,127626.0
2017-01-26,121948.0
2017-02-03,119804.0
2017-02-06,127870.0
2017-02-07,122064.0
2017-02-08,133550.0
2017-02-09,147684.0
2017-02-10,160696.0
2017-02-13,150550.0
2017-02-14,158330.0
2017-02-15,158548.0
2017-02-16,164126.0
2017-02-17,150688.0
2017-02-20,152136.0
2017-02-21,146522.0
2017-02-22,137440.0
2017-02-23,129818.0
2017-02-24,128952.0
2017-02-27,137060.0
2017-02-28,130166.0
2017-03-01,162406.0
2017-03-02,151064.0
2017-03-03,151538.0
2017-03-06,147654.0
2017-03-07,147344.0
2017-03-08,135348.0
2017-03-09,140934.0
2017-03-10,148816.0
2017-03-13,165544.0
2017-03-14,156602.0
2017-03-15,167676.0
2017-03-16,157622.0
2017-03-17,157144.0
2017-03-20,159574.0
2017-03-21,158370.0
2017-03-22,158254.0
2017-03-23,166952.0
2017-03-24,156832.0
2017-03-27,162502.0
2017-03-28,155366.0
2017-03-29,157652.0
2017-03-30,158246.0
2017-03-31,160296.0
2017-04-05,194166.0
2017-04-06,218530.0
2017-04-07,201220.0
2017-04-10,209092.0
2017-04-11,200624.0
2017-04-12,201552.0
2017-04-13,201418.0
2017-04-14,233642.0
2017-04-17,224838.0
2017-04-18,233792.0
2017-04-19,235778.0
2017-04-20,234462.0
2017-04-21,211068.0
2017-04-24,229492.0
2017-04-25,225068.0
2017-04-26,241708.0
2017-04-27,221448.0
2017-04-28,216468.0
2017-05-02,207412.0
2017-05-03,220992.0
2017-05-04,223174.0
2017-05-05,225432.0
2017-05-08,218592.0
2017-05-09,213134.0
2017-05-10,217724.0
2017-05-11,270076.0
2017-05-12,272134.0
2017-05-15,268738.0
2017-05-16,253558.0
2017-05-17,256188.0
2017-05-18,242578.0
2017-05-19,252688.0
2017-05-22,242782.0
2017-05-23,260822.0
2017-05-24,247252.0
2017-05-25,237748.0
2017-05-26,246976.0
2017-05-31,272494.0
2017-06-01,269812.0
2017-06-02,271674.0
2017-06-05,258686.0
2017-06-06,255220.0
2017-06-07,240902.0
2017-06-08,244094.0
2017-06-09,266812.0
2017-06-12,258856.0
2017-06-13,257932.0
2017-06-14,284770.0
2017-06-15,262080.0
2017-06-16,293186.0
2017-06-19,303290.0
2017-06-20,305780.0
2017-06-21,329696.0
2017-06-22,329472.0
2017-06-23,325228.0
2017-06-26,323578.0
2017-06-27,324826.0
2017-06-28,327644.0
2017-06-29,350622.0
2017-06-30,340410.0
2017-07-03,352364.0
2017-07-04,349622.0
2017-07-05,359516.0
2017-07-06,350136.0
2017-07-07,349220.0
2017-07-10,365802.0
2017-07-11,373082.0
2017-07-12,359546.0
2017-07-13,388156.0
2017-07-14,359890.0
2017-07-17,372442.0
2017-07-18,379192.0
2017-07-19,378152.0
2017-07-20,348400.0
2017-07-21,360734.0
2017-07-24,351780.0
2017-07-25,365732.0
2017-07-26,355880.0
2017-07-27,347406.0
2017-07-28,348098.0
2017-07-31,352114.0
2017-08-01,327570.0
2017-08-02,370602.0
2017-08-03,378370.0
2017-08-04,379992.0
2017-08-07,409864.0
2017-08-08,395886.0
2017-08-09,366926.0
2017-08-10,347730.0
2017-08-11,345288.0
2017-08-14,329048.0
2017-08-15,323988.0
2017-08-16,342844.0
2017-08-17,378702.0
2017-08-18,365752.0
2017-08-21,366964.0
2017-08-22,331622.0
2017-08-23,307756.0
2017-08-24,325790.0
2017-08-25,309942.0
2017-08-28,303866.0
2017-08-29,307292.0
2017-08-30,296706.0
2017-08-31,295802.0
2017-09-01,294616.0
2017-09-04,300766.0
2017-09-05,299434.0
2017-09-06,301336.0
2017-09-07,320186.0
2017-09-08,314664.0
2017-09-11,343922.0
2017-09-12,332328.0
2017-09-13,323776.0
2017-09-14,314100.0
2017-09-15,347928.0
2017-09-18,329110.0
2017-09-19,309102.0
2017-09-20,314230.0
2017-09-21,344510.0
2017-09-22,320380.0
2017-09-25,356790.0
2017-09-26,357738.0
2017-09-27,349480.0
2017-09-28,351518.0
2017-09-29,328622.0
2017-10-09,346346.0
2017-10-10,367506.0
2017-10-11,382478.0
2017-10-12,375532.0
2017-10-13,366010.0
2017-10-16,353722.0
2017-10-17,337170.0
2017-10-18,318512.0
2017-10-19,334926.0
2017-10-20,311810.0
2017-10-23,326228.0
2017-10-24,340064.0
2017-10-25,339086.0
2017-10-26,329084.0
2017-10-27,360860.0
2017-10-30,367554.0
2017-10-31,410492.0
2017-11-01,361604.0
2017-11-02,384834.0
2017-11-03,348338.0
2017-11-06,357064.0
2017-11-07,323572.0
2017-11-08,338428.0
2017-11-09,352888.0
2017-11-10,344444.0
2017-11-13,345024.0
2017-11-14,320494.0
2017-11-15,319554.0
2017-11-16,293844.0
2017-11-17,289018.0
2017-11-20,308170.0
2017-11-21,294204.0
2017-11-22,331122.0
2017-11-23,314260.0
2017-11-24,340446.0
2017-11-27,308404.0
2017-11-28,322766.0
2017-11-29,299968.0
2017-11-30,349746.0
2017-12-01,326562.0
2017-12-04,326882.0
2017-12-05,317142.0
2017-12-06,300056.0
2017-12-07,295560.0
2017-12-08,278558.0
2017-12-11,252252.0
2017-12-12,245510.0
2017-12-13,240532.0
2017-12-14,258702.0
2017-12-15,233656.0
2017-12-18,267728.0
2017-12-19,328306.0
2017-12-20,304828.0
2017-12-21,347902.0
2017-12-22,300622.0
2017-12-25,308300.0
2017-12-26,264892.0
2017-12-27,293188.0
2017-12-28,255038.0
2017-12-29,286262.0
2018-01-02,258502.0
2018-01-03,295516.0
2018-01-04,302290.0
2018-01-05,275564.0
2018-01-08,327032.0
2018-01-09,308038.0
2018-01-10,321436.0
2018-01-11,334482.0
2018-01-12,331162.0
2018-01-15,319894.0
2018-01-16,355998.0
2018-01-17,323124.0
2018-01-18,309432.0
2018-01-19,308156.0
2018-01-22,317140.0
2018-01-23,294396.0
2018-01-24,300026.0
2018-01-25,272194.0
2018-01-26,258640.0
2018-01-29,287272.0
2018-01-30,266694.0
2018-01-31,288130.0
2018-02-01,264962.0
2018-02-02,305808.0
2018-02-05,316280.0
2018-02-06,291126.0
2018-02-07,276942.0
2018-02-08,289596.0
2018-02-09,276824.0
2018-02-12,263272.0
2018-02-13,248534.0
2018-02-14,232274.0
2018-02-22,244588.0
2018-02-23,287820.0
2018-02-26,327598.0
2018-02-27,337438.0
2018-02-28,351226.0
2018-03-01,347814.0
2018-03-02,319078.0
2018-03-05,323998.0
2018-03-06,314712.0
2018-03-07,312378.0
2018-03-08,305100.0
2018-03-09,304648.0
2018-03-12,308478.0
2018-03-13,329984.0
2018-03-14,354564.0
2018-03-15,324638.0
2018-03-16,320120.0
2018-03-19,367860.0
2018-03-20,345990.0
2018-03-21,361332.0
2018-03-22,356548.0
2018-03-23,412078.0
2018-03-26,396418.0
2018-03-27,383180.0
2018-03-28,392612.0
2018-03-29,454694.0
2018-03-30,393932.0
2018-04-02,359118.0
2018-04-03,329900.0
2018-04-04,318736.0
2018-04-09,299792.0
2018-04-10,300334.0
2018-04-11,319650.0
2018-04-12,331986.0
2018-04-13,330904.0
2018-04-16,354036.0
2018-04-17,327660.0
2018-04-18,313170.0
2018-04-19,323120.0
2018-04-20,299980.0
2018-04-23,338668.0
2018-04-24,307584.0
2018-04-25,321072.0
2018-04-26,290132.0
2018-04-27,287442.0
2018-05-02,279774.0
2018-05-03,284696.0
2018-05-04,306730.0
2018-05-07,371160.0
2018-05-08,345436.0
2018-05-09,340662.0
2018-05-10,306856.0
2018-05-11,333786.0
2018-05-14,310034.0
2018-05-15,361066.0
2018-05-16,328556.0
2018-05-17,342794.0
2018-05-18,328650.0
2018-05-21,318460.0
2018-05-22,308078.0
2018-05-23,319600.0
2018-05-24,280118.0
2018-05-25,301042.0
2018-05-28,306922.0
2018-05-29,306880.0
2018-05-30,312898.0
2018-05-31,300388.0
2018-06-01,300138.0
2018-06-04,289650.0
2018-06-05,278574.0
2018-06-06,267438.0
2018-06-07,264452.0
2018-06-08,253934.0
2018-06-11,243538.0
2018-06-12,277994.0
2018-06-13,272274.0
2018-06-14,304446.0
2018-06-15,281924.0
2018-06-19,285462.0
2018-06-20,258698.0
2018-06-21,269754.0
2018-06-22,282502.0
2018-06-25,259986.0
2018-06-26,253956.0
2018-06-27,246198.0
2018-06-28,249118.0
2018-06-29,248080.0
2018-07-02,279238.0
2018-07-03,252782.0
2018-07-04,280636.0
2018-07-05,267314.0
2018-07-06,275826.0
2018-07-09,261522.0
2018-07-10,282316.0
2018-07-11,291034.0
2018-07-12,274812.0
2018-07-13,281558.0
2018-07-16,284804.0
2018-07-17,284256.0
2018-07-18,270618.0
2018-07-19,271844.0
2018-07-20,242134.0
2018-07-23,248796.0
2018-07-24,259410.0
2018-07-25,270220.0
2018-07-26,249628.0
2018-07-27,286204.0
2018-07-30,291902.0
2018-07-31,264858.0
2018-08-01,264754.0
2018-08-02,263476.0
2018-08-03,276500.0
2018-08-06,298274.0
2018-08-07,294558.0
2018-08-08,285640.0
2018-08-09,282184.0
2018-08-10,283882.0
2018-08-13,277622.0
2018-08-14,277668.0
2018-08-15,286976.0
2018-08-16,257432.0
2018-08-17,314380.0
2018-08-20,316084.0
2018-08-21,296052.0
2018-08-22,333434.0
2018-08-23,276464.0
2018-08-24,291720.0
2018-08-27,272580.0
2018-08-28,252284.0
2018-08-29,285494.0
2018-08-30,278246.0
2018-08-31,249446.0
2018-09-03,250574.0
2018-09-04,220866.0
2018-09-05,239190.0
2018-09-06,281008.0
2018-09-07,255038.0
2018-09-10,279424.0
2018-09-11,268560.0
2018-09-12,293780.0
2018-09-13,289876.0
2018-09-14,272534.0
2018-09-17,269720.0
2018-09-18,245904.0
2018-09-19,259108.0
2018-09-20,250426.0
2018-09-21,229482.0
2018-09-25,221164.0
2018-09-26,225890.0
2018-09-27,204250.0
2018-09-28,190094.0
2018-10-08,231430.0
2018-10-09,238178.0
2018-10-10,295664.0
2018-10-11,274146.0
2018-10-12,288350.0
2018-10-15,263498.0
2018-10-16,310198.0
2018-10-17,367764.0
2018-10-18,341836.0
2018-10-19,325586.0
2018-10-22,304688.0
2018-10-23,333246.0
2018-10-24,327962.0
2018-10-25,351116.0
2018-10-26,357736.0
2018-10-29,310618.0
2018-10-30,323874.0
2018-10-31,319132.0
2018-11-01,371748.0
2018-11-02,324600.0
2018-11-05,354616.0
2018-11-06,351112.0
2018-11-07,341464.0
2018-11-08,332670.0
2018-11-09,326158.0
2018-11-12,360008.0
2018-11-13,346260.0
2018-11-14,341270.0
2018-11-15,354820.0
2018-11-16,348966.0
2018-11-19,347558.0
2018-11-20,348492.0
2018-11-21,367820.0
2018-11-22,341512.0
2018-11-23,389314.0
2018-11-26,452740.0
2018-11-27,456572.0
2018-11-28,467136.0
2018-11-29,494674.0
2018-11-30,474396.0
2018-12-03,459298.0
2018-12-04,409650.0
2018-12-05,429932.0
2018-12-06,405438.0
2018-12-07,423024.0
2018-12-10,386120.0
2018-12-11,395052.0
2018-12-12,378934.0
2018-12-13,405086.0
2018-12-14,404340.0
2018-12-17,390436.0
2018-12-18,372744.0
2018-12-19,386254.0
2018-12-20,367050.0
2018-12-21,366186.0
2018-12-24,336634.0
2018-12-25,345900.0
2018-12-26,312034.0
2018-12-27,302630.0
2018-12-28,258140.0
2019-01-02,284058.0
2019-01-03,281016.0
2019-01-04,284920.0
2019-01-07,272704.0
2019-01-08,276884.0
2019-01-09,275488.0
2019-01-10,288966.0
2019-01-11,333184.0
2019-01-14,340468.0
2019-01-15,341306.0
2019-01-16,346046.0
2019-01-17,326936.0
2019-01-18,352032.0
2019-01-21,368530.0
2019-01-22,340768.0
2019-01-23,345740.0
2019-01-24,339632.0
2019-01-25,364628.0
2019-01-28,324362.0
2019-01-29,325300.0
2019-01-30,319738.0
2019-01-31,380526.0
2019-02-01,307868.0
2019-02-11,312906.0
2019-02-12,309778.0
2019-02-13,315750.0
2019-02-14,292650.0
2019-02-15,298644.0
2019-02-18,303558.0
2019-02-19,303372.0
2019-02-20,317282.0
2019-02-21,320120.0
2019-02-22,330962.0
2019-02-25,354452.0
2019-02-26,343950.0
2019-02-27,360582.0
2019-02-28,324930.0
2019-03-01,361930.0
2019-03-04,335250.0
2019-03-05,317168.0
2019-03-06,303916.0
2019-03-07,288908.0
2019-03-08,297778.0
2019-03-11,291070.0
2019-03-12,283232.0
2019-03-13,288774.0
2019-03-14,273472.0
2019-03-15,311320.0
2019-03-18,293858.0
2019-03-19,316240.0
2019-03-20,292986.0
2019-03-21,291624.0
2019-03-22,286416.0
2019-03-25,273786.0
2019-03-26,283046.0
2019-03-27,287438.0
2019-03-28,274596.0
2019-03-29,290758.0
2019-04-01,261550.0
2019-04-02,265010.0
2019-04-03,255516.0
2019-04-04,225904.0
2019-04-08,247738.0
2019-04-09,255572.0
2019-04-10,261930.0
2019-04-11,260474.0
2019-04-12,256474.0
2019-04-15,234938.0
2019-04-16,243442.0
2019-04-17,216446.0
2019-04-18,235648.0
2019-04-19,201900.0
2019-04-22,199734.0
2019-04-23,184852.0
2019-04-24,201304.0
2019-04-25,176252.0
2019-04-26,197020.0
2019-04-29,182500.0
2019-04-30,178464.0
2019-05-06,177144.0
2019-05-07,200388.0
2019-05-08,183244.0
2019-05-09,181520.0
2019-05-10,175222.0
2019-05-13,179272.0
2019-05-14,166248.0
2019-05-15,166660.0
2019-05-16,168578.0
2019-05-17,190746.0
2019-05-20,187406.0
2019-05-21,234094.0
2019-05-22,240044.0
2019-05-23,216692.0
2019-05-24,255676.0
2019-05-27,221686.0
2019-05-28,218704.0
2019-05-29,206684.0
2019-05-30,246938.0
2019-05-31,231964.0
2019-06-03,231652.0
2019-06-04,220808.0
2019-06-05,228666.0
2019-06-06,229942.0
2019-06-10,243550.0
2019-06-11,275638.0
2019-06-12,236480.0
2019-06-13,213442.0
2019-06-14,210738.0
2019-06-17,199232.0
2019-06-18,201084.0
2019-06-19,200340.0
2019-06-20,191358.0
2019-06-21,201074.0
2019-06-24,221842.0
2019-06-25,213126.0
2019-06-26,206402.0
2019-06-27,224592.0
2019-06-28,205764.0
2019-07-01,211944.0
2019-07-02,195928.0
2019-07-03,208096.0
2019-07-04,219954.0
2019-07-05,224996.0
2019-07-08,207478.0
2019-07-09,184386.0
2019-07-10,189950.0
2019-07-11,203502.0
2019-07-12,193188.0
2019-07-15,188704.0
2019-07-16,195308.0
2019-07-17,195210.0
2019-07-18,187834.0
2019-07-19,178854.0
2019-07-22,167796.0
2019-07-23,163958.0
2019-07-24,177862.0
2019-07-25,172808.0
2019-07-26,168550.0
2019-07-29,162786.0
2019-07-30,168052.0
2019-07-31,155252.0
2019-08-01,171254.0
2019-08-02,186470.0
2019-08-05,175358.0
2019-08-06,179506.0
2019-08-07,187902.0
2019-08-08,179316.0
2019-08-09,194264.0
2019-08-12,178178.0
2019-08-13,163498.0
2019-08-14,181428.0
2019-08-15,163736.0
2019-08-16,152176.0
2019-08-19,143616.0
2019-08-20,139726.0
2019-08-21,175664.0
2019-08-22,146314.0
2019-08-23,145424.0
2019-08-26,180914.0
2019-08-27,176782.0
2019-08-28,188556.0
2019-08-29,172548.0
2019-08-30,161816.0
2019-09-02,145830.0
2019-09-03,141340.0
2019-09-04,145798.0
2019-09-05,147684.0
2019-09-06,136114.0
2019-09-09,145996.0
2019-09-10,133380.0
2019-09-11,161518.0
2019-09-12,149232.0
2019-09-16,148904.0
2019-09-17,151200.0
2019-09-18,154726.0
2019-09-19,158320.0
2019-09-20,212690.0
2019-09-23,195500.0
2019-09-24,266184.0
2019-09-25,249952.0
2019-09-26,249912.0
2019-09-27,226798.0
2019-09-30,232060.0
2019-10-08,221232.0
2019-10-09,251840.0
2019-10-10,232032.0
2019-10-11,247356.0
2019-10-14,246764.0
2019-10-15,263118.0
2019-10-16,283984.0
2019-10-17,267256.0
2019-10-18,253196.0
2019-10-21,242000.0
2019-10-22,247058.0
2019-10-23,238054.0
2019-10-24,219862.0
2019-10-25,227612.0
2019-10-28,233312.0
2019-10-29,229648.0
2019-10-30,219844.0
2019-10-31,247762.0
2019-11-01,241242.0
2019-11-04,286808.0
2019-11-05,264182.0
2019-11-06,261784.0
2019-11-07,252456.0
2019-11-08,256024.0
2019-11-11,272968.0
2019-11-12,250768.0
2019-11-13,286944.0
2019-11-14,258146.0
2019-11-15,250152.0
2019-11-18,267340.0
2019-11-19,275396.0
2019-11-20,258984.0
2019-11-21,254486.0
2019-11-22,246492.0
2019-11-25,280618.0
2019-11-26,254324.0
2019-11-27,233672.0
2019-11-28,234182.0
2019-11-29,237712.0
2019-12-02,228392.0
2019-12-03,230722.0
2019-12-04,228832.0
2019-12-05,218998.0
2019-12-06,211048.0
2019-12-09,244774.0
2019-12-10,220678.0
2019-12-11,224310.0
2019-12-12,209680.0
2019-12-13,194866.0
2019-12-16,208334.0
2019-12-17,198978.0
2019-12-18,208526.0
2019-12-19,239042.0
2019-12-20,214538.0
2019-12-23,213898.0
2019-12-24,226678.0
2019-12-25,216130.0
2019-12-26,230654.0
2019-12-27,220322.0
2019-12-30,207226.0
2019-12-31,180864.0
2020-01-02,93204.0
2020-01-03,87305.0
2020-01-06,85355.0
2020-01-07,91370.0
2020-01-08,92853.0
2020-01-09,94843.0
2020-01-10,96414.0
2020-01-13,98923.0
2020-01-14,97154.0
2020-01-15,91193.0
2020-01-16,98259.0
2020-01-17,93634.0
2020-01-20,94543.0
2020-01-21,93973.0
2020-01-22,95202.0
2020-01-23,84312.0
2020-02-03,85520.0
2020-02-04,88907.0
2020-02-05,85092.0
2020-02-06,100836.0
2020-02-07,94054.0
2020-02-10,92564.0
2020-02-11,106159.0
2020-02-12,103003.0
2020-02-13,105811.0
2020-02-14,104571.0
2020-02-17,108621.0
2020-02-18,105824.0
2020-02-19,110127.0
2020-02-20,114019.0
2020-02-21,105814.0
2020-02-24,114819.0
2020-02-25,110904.0
2020-02-26,110577.0
2020-02-27,122899.0
2020-02-28,121035.0
2020-03-02,122100.0
2020-03-03,119536.0
2020-03-04,117162.0
2020-03-05,117483.0
2020-03-06,115371.0
2020-03-09,118234.0
2020-03-10,107961.0
2020-03-11,106808.0
2020-03-12,119887.0
2020-03-13,112856.0
2020-03-16,103661.0
2020-03-17,112133.0
2020-03-18,103957.0
2020-03-19,110711.0
2020-03-20,101377.0
2020-03-23,107606.0
2020-03-24,99048.0
2020-03-25,104019.0
2020-03-26,100997.0
2020-03-27,103371.0
2020-03-30,105687.0
2020-03-31,107028.0
2020-04-01,122310.0
2020-04-02,111755.0
2020-04-03,119590.0
2020-04-07,118243.0
2020-04-08,114066.0
2020-04-09,114137.0
2020-04-10,106521.0
2020-04-13,101979.0
2020-04-14,93790.0
2020-04-15,94574.0
2020-04-16,89822.0
2020-04-17,99621.0
2020-04-20,92497.0
2020-04-21,98571.0
2020-04-22,94964.0
2020-04-23,103468.0
2020-04-24,100800.0
2020-04-27,101729.0
2020-04-28,123636.0
2020-04-29,117344.0
2020-04-30,106769.0
2020-05-06,95313.0
2020-05-07,100869.0
2020-05-08,96853.0
2020-05-11,107184.0
2020-05-12,105502.0
2020-05-13,96233.0
2020-05-14,102736.0
2020-05-15,96135.0
2020-05-18,100794.0
2020-05-19,101148.0
2020-05-20,102922.0
2020-05-21,100017.0
2020-05-22,106811.0
2020-05-25,107838.0
2020-05-26,104692.0
2020-05-27,107024.0
2020-05-28,100148.0
2020-05-29,99549.0
2020-06-01,110317.0
2020-06-02,109185.0
2020-06-03,109450.0
2020-06-04,106016.0
2020-06-05,108310.0
2020-06-08,119344.0
2020-06-09,109116.0
2020-06-10,110826.0
2020-06-11,101166.0
2020-06-12,104228.0
2020-06-15,100607.0
2020-06-16,96487.0
2020-06-17,96534.0
2020-06-18,104701.0
2020-06-19,97754.0
2020-06-22,96757.0
2020-06-23,92304.0
2020-06-24,91587.0
2020-06-29,94923.0
2020-06-30,85583.0
2020-07-01,88801.0
2020-07-02,98429.0
2020-07-03,89890.0
2020-07-06,94094.0
2020-07-07,84892.0
2020-07-08,100732.0
2020-07-09,109334.0
2020-07-10,99847.0
2020-07-13,97542.0
2020-07-14,98670.0
2020-07-15,89739.0
2020-07-16,94322.0
2020-07-17,89297.0
2020-07-20,85665.0
2020-07-21,109112.0
2020-07-22,96847.0
2020-07-23,100047.0
2020-07-24,94876.0
2020-07-27,92123.0
2020-07-28,86553.0
2020-07-29,86825.0
2020-07-30,88987.0
2020-07-31,82958.0
2020-08-03,90840.0
2020-08-04,86570.0
2020-08-05,89948.0
2020-08-06,81207.0
2020-08-07,81797.0
2020-08-10,78360.0
2020-08-11,76007.0
2020-08-12,79738.0
2020-08-13,73795.0
2020-08-14,76559.0
2020-08-17,77918.0
2020-08-18,70714.0
2020-08-19,88408.0
2020-08-20,77907.0
2020-08-21,69558.0
2020-08-24,77575.0
2020-08-25,76117.0
2020-08-26,73205.0
2020-08-27,74591.0
2020-08-28,82951.0
2020-08-31,78640.0
2020-09-01,101707.0
2020-09-02,103678.0
2020-09-03,107667.0
2020-09-04,107278.0
2020-09-07,104188.0
2020-09-08,106211.0
2020-09-09,101551.0
2020-09-10,104311.0
2020-09-11,89728.0
2020-09-14,98509.0
2020-09-15,89900.0
2020-09-16,92853.0
2020-09-17,89818.0
2020-09-18,99057.0
2020-09-21,89411.0
2020-09-22,101115.0
2020-09-23,103694.0
2020-09-24,93243.0
2020-09-25,88058.0
2020-09-28,93947.0
2020-09-29,84737.0
2020-09-30,84090.0
2020-10-09,99264.0
2020-10-12,104300.0
2020-10-13,118132.0
2020-10-14,110329.0
2020-10-15,113207.0
2020-10-16,112664.0
2020-10-19,106196.0
2020-10-20,106264.0
2020-10-21,106602.0
2020-10-22,120265.0
2020-10-23,105191.0
2020-10-26,116323.0
2020-10-27,108728.0
2020-10-28,114391.0
2020-10-29,110975.0
2020-10-30,118140.0
2020-11-02,123363.0
2020-11-03,124610.0
2020-11-04,112570.0
2020-11-05,120334.0
2020-11-06,111063.0
2020-11-09,125675.0
2020-11-10,114443.0
2020-11-11,128482.0
2020-11-12,114738.0
2020-11-13,125538.0
2020-11-16,117087.0
2020-11-17,123118.0
2020-11-18,111498.0
2020-11-19,124222.0
2020-11-20,120798.0
2020-11-23,132231.0
2020-11-24,143262.0
2020-11-25,144394.0
2020-11-26,144621.0
2020-11-27,138025.0
2020-11-30,147585.0
2020-12-01,151593.0
2020-12-02,159290.0
2020-12-03,151670.0
2020-12-04,145645.0
2020-12-07,147506.0
2020-12-08,134401.0
2020-12-09,156988.0
2020-12-10,147287.0
2020-12-11,136065.0
2020-12-14,139854.0
2020-12-15,121077.0
2020-12-16,140243.0
2020-12-17,138578.0
2020-12-18,143206.0
2020-12-21,146474.0
2020-12-22,137220.0
2020-12-23,134408.0
2020-12-24,129128.0
2020-12-25,139118.0
2020-12-28,152634.0
2020-12-29,143632.0
2020-12-30,149716.0
2020-12-31,128868.0
2021-01-04,135359.0
2021-01-05,133108.0
2021-01-06,134474.0
2021-01-07,134311.0
2021-01-08,163298.0
2021-01-11,157680.0
2021-01-12,150060.0
2021-01-13,142788.0
2021-01-14,143182.0
2021-01-15,155280.0
2021-01-18,153578.0
2021-01-19,148282.0
2021-01-20,146000.0
2021-01-21,136051.0
2021-01-22,141339.0
2021-01-25,143249.0
2021-01-26,140147.0
2021-01-27,142923.0
2021-01-28,140298.0
2021-01-29,142646.0
2021-02-01,133151.0
2021-02-02,137373.0
2021-02-03,139030.0
2021-02-04,146204.0
2021-02-05,136399.0
2021-02-08,131736.0
2021-02-09,115336.0
2021-02-10,112119.0
2021-02-18,119566.0
2021-02-19,123774.0
2021-02-22,145314.0
2021-02-23,143544.0
2021-02-24,147664.0
2021-02-25,148314.0
2021-02-26,146877.0
2021-03-01,161820.0
2021-03-02,158480.0
2021-03-03,154626.0
2021-03-04,146727.0
2021-03-05,152306.0
2021-03-08,155289.0
2021-03-09,138728.0
2021-03-10,151429.0
2021-03-11,153112.0
2021-03-12,145786.0
2021-03-15,134679.0
2021-03-16,149614.0
2021-03-17,159595.0
2021-03-18,160271.0
2021-03-19,178424.0
2021-03-22,167998.0
2021-03-23,155028.0
2021-03-24,154922.0
2021-03-25,149619.0
2021-03-26,153017.0
2021-03-29,174558.0
2021-03-30,184845.0
2021-03-31,182535.0
2021-04-01,192485.0
2021-04-02,176313.0
2021-04-06,180790.0
2021-04-07,183692.0
2021-04-08,180985.0
2021-04-09,174979.0
2021-04-12,192226.0
2021-04-13,186212.0
2021-04-14,187611.0
2021-04-15,184154.0
2021-04-16,213997.0
2021-04-19,203551.0
2021-04-20,196443.0
2021-04-21,191483.0
2021-04-22,194960.0
2021-04-23,189506.0
2021-04-26,201599.0
2021-04-27,195363.0
2021-04-28,204647.0
2021-04-29,203736.0
2021-04-30,199457.0
2021-05-06,196840.0
2021-05-07,205312.0
2021-05-10,203784.0
2021-05-11,194129.0
2021-05-12,227945.0
2021-05-13,218840.0
2021-05-14,214277.0
2021-05-17,233931.0
2021-05-18,218059.0
2021-05-19,238421.0
2021-05-20,227976.0
2021-05-21,230116.0
2021-05-24,211485.0
2021-05-25,229947.0
2021-05-26,230019.0
2021-05-27,257111.0
2021-05-28,230778.0
2021-05-31,253755.0
2021-06-01,240599.0
2021-06-02,246532.0
2021-06-03,250133.0
2021-06-04,249845.0
2021-06-07,242777.0
2021-06-08,256690.0
2021-06-09,250468.0
2021-06-10,256850.0
2021-06-11,273949.0
2021-06-15,256651.0
2021-06-16,274791.0
2021-06-17,290663.0
2021-06-18,295770.0
2021-06-21,280898.0
2021-06-22,288151.0
2021-06-23,302336.0
2021-06-24,307377.0
2021-06-25,304158.0
2021-06-28,299966.0
2021-06-29,281963.0
2021-06-30,285554.0
2021-07-01,277509.0
2021-07-02,303201.0
2021-07-05,292046.0
2021-07-06,306461.0
2021-07-07,289185.0
2021-07-08,315272.0
2021-07-09,301021.0
2021-07-12,321408.0
2021-07-13,328168.0
2021-07-14,337033.0
2021-07-15,340304.0
2021-07-16,352623.0
2021-07-19,350114.0
2021-07-20,356066.0
2021-07-21,364292.0
2021-07-22,367041.0
2021-07-23,379510.0
2021-07-26,384632.0
2021-07-27,375802.0
2021-07-28,391365.0
2021-07-29,411556.0
2021-07-30,431046.0
2021-08-02,421876.0
2021-08-03,402550.0
2021-08-04,428803.0
2021-08-05,449354.0
2021-08-06,472583.0
2021-08-09,473860.0
2021-08-10,460171.0
2021-08-11,473888.0
2021-08-12,475348.0
2021-08-13,501524.0
2021-08-16,492908.0
2021-08-17,498885.0
2021-08-18,512746.0
2021-08-19,566498.0
2021-08-20,469945.0
2021-08-23,445023.0
2021-08-24,403655.0
2021-08-25,418101.0
2021-08-26,415123.0
2021-08-27,405608.0
2021-08-30,385704.0
2021-08-31,356688.0
2021-09-01,327939.0
2021-09-02,336889.0
2021-09-03,323588.0
2021-09-06,283994.0
2021-09-07,259762.0
2021-09-08,233607.0
2021-09-09,223407.0
2021-09-10,202979.0
2021-09-13,188996.0
2021-09-14,179967.0
2021-09-15,170518.0
2021-09-16,166513.0
2021-09-17,160810.0
2021-09-22,162424.0
2021-09-23,159392.0
2021-09-24,150373.0
2021-09-27,150190.0
2021-09-28,148803.0
2021-09-29,145168.0
2021-09-30,142212.0
2021-10-08,137712.0
2021-10-11,140635.0
2021-10-12,140013.0
2021-10-13,136398.0
2021-10-14,135464.0
2021-10-15,136180.0
2021-10-18,130843.0
2021-10-19,125444.0
2021-10-20,118462.0
2021-10-21,111825.0
2021-10-22,97075.0
2021-10-25,98343.0
2021-10-26,98300.0
2021-10-27,99242.0
2021-10-28,69079.0
2021-10-29,63361.0
2021-11-01,61692.0
2021-11-02,57345.0
2021-11-03,58089.0
2021-11-04,58797.0
2021-11-05,57933.0
2021-11-08,55279.0
2021-11-09,53742.0
2021-11-10,51843.0
2021-11-11,51134.0
2021-11-12,52230.0
2021-11-15,53493.0
2021-11-16,54016.0
2021-11-17,53950.0
2021-11-18,55143.0
2021-11-19,54041.0
2021-11-22,53370.0
2021-11-23,50242.0
2021-11-24,48088.0
2021-11-25,46134.0
2021-11-26,46190.0
2021-11-29,45919.0
2021-11-30,46668.0
2021-12-01,46441.0
2021-12-02,45829.0
2021-12-03,45410.0
2021-12-06,44529.0
2021-12-07,46543.0
2021-12-08,47902.0
2021-12-09,47909.0
2021-12-10,47432.0
2021-12-13,45195.0
2021-12-14,46709.0
2021-12-15,47204.0
2021-12-16,51616.0
2021-12-17,52818.0
2021-12-20,52294.0
2021-12-21,53069.0
2021-12-22,52111.0
2021-12-23,53823.0
2021-12-24,55412.0
2021-12-27,49290.0
2021-12-28,47579.0
2021-12-29,47815.0
2021-12-30,47873.0
2021-12-31,48363.0
2022-01-04,48727.0
2022-01-05,48981.0
2022-01-06,48245.0
2022-01-07,45556.0
2022-01-10,45265.0
2022-01-11,45813.0
2022-01-12,45857.0
2022-01-13,44528.0
2022-01-14,44563.0
2022-01-17,39597.0
2022-01-18,40953.0
2022-01-19,40518.0
2022-01-20,40128.0
2022-01-21,38691.0
2022-01-24,38390.0
2022-01-25,37710.0
2022-01-26,36688.0
2022-01-27,36069.0
2022-01-28,32823.0
2022-02-07,35887.0
2022-02-08,42717.0
2022-02-09,41039.0
2022-02-10,40433.0
2022-02-11,41111.0
2022-02-14,42677.0
2022-02-15,42471.0
2022-02-16,45397.0
2022-02-17,46358.0
2022-02-18,53592.0
2022-02-21,56578.0
2022-02-22,54433.0
2022-02-23,57947.0
2022-02-24,53415.0
2022-02-25,48271.0
2022-02-28,50353.0
2022-03-01,53826.0
2022-03-02,53961.0
2022-03-03,54833.0
2022-03-04,55472.0
2022-03-07,54051.0
2022-03-08,52957.0
2022-03-09,53655.0
2022-03-10,55963.0
2022-03-11,55600.0
2022-03-14,52767.0
2022-03-15,50684.0
2022-03-16,51617.0
2022-03-17,51291.0
2022-03-18,57114.0
2022-03-21,56921.0
2022-03-22,55491.0
2022-03-23,54332.0
2022-03-24,55529.0
2022-03-25,58803.0
2022-03-28,58577.0
2022-03-29,61332.0
2022-03-30,60088.0
2022-03-31,59481.0
2022-04-01,58695.0
2022-04-06,58981.0
2022-04-07,59578.0
2022-04-08,58123.0
2022-04-11,56283.0
2022-04-12,56273.0
2022-04-13,55605.0
2022-04-14,57436.0
2022-04-15,58531.0
2022-04-18,57150.0
2022-04-19,51039.0
2022-04-20,50930.0
2022-04-21,49853.0
2022-04-22,48299.0
2022-04-25,45033.0
2022-04-26,43984.0
2022-04-27,42960.0
2022-04-28,40986.0
2022-04-29,39063.0
2022-05-05,39817.0
2022-05-06,41040.0
2022-05-09,41197.0
2022-05-10,40109.0
2022-05-11,39886.0
2022-05-12,40913.0
2022-05-13,40091.0
2022-05-16,40286.0
2022-05-17,39263.0
2022-05-18,38878.0
2022-05-19,38573.0
2022-05-20,39726.0
2022-05-23,42355.0
2022-05-24,46255.0
2022-05-25,46536.0
2022-05-26,46866.0
2022-05-27,44094.0
2022-05-30,44533.0
2022-05-31,43693.0
2022-06-01,45874.0
2022-06-02,44197.0
2022-06-06,45288.0
2022-06-07,45382.0
2022-06-08,46698.0
2022-06-09,45563.0
2022-06-10,46025.0
2022-06-13,46183.0
2022-06-14,47315.0
2022-06-15,48275.0
2022-06-16,47816.0
2022-06-17,47854.0
2022-06-20,48568.0
2022-06-21,47057.0
2022-06-22,48652.0
2022-06-23,47091.0
2022-06-24,46201.0
2022-06-27,44955.0
2022-06-28,44806.0
2022-06-29,44747.0
2022-06-30,48334.0
2022-07-01,49225.0
2022-07-04,51863.0
2022-07-05,51129.0
2022-07-06,49908.0
2022-07-07,49450.0
2022-07-08,52636.0
2022-07-11,53126.0
2022-07-12,56182.0
2022-07-13,55479.0
2022-07-14,57113.0
2022-07-15,59559.0
2022-07-18,59389.0
2022-07-19,58765.0
2022-07-20,62886.0
2022-07-21,68035.0
2022-07-22,65096.0
2022-07-25,62784.0
2022-07-26,62609.0
2022-07-27,63125.0
2022-07-28,64003.0
2022-07-29,62704.0
2022-08-01,62566.0
2022-08-02,64051.0
2022-08-03,64439.0
2022-08-04,64850.0
2022-08-05,64437.0
2022-08-08,63824.0
2022-08-09,63641.0
2022-08-10,64422.0
2022-08-11,63021.0
2022-08-12,64486.0
2022-08-15,63916.0
2022-08-16,64705.0
2022-08-17,65893.0
2022-08-18,64758.0
2022-08-19,62707.0
2022-08-22,59004.0
2022-08-23,58689.0
2022-08-24,59185.0
2022-08-25,57170.0
2022-08-26,61560.0
2022-08-29,58710.0
2022-08-30,62223.0
2022-08-31,60838.0
2022-09-01,65079.0
2022-09-02,63826.0
2022-09-05,62619.0
2022-09-06,64180.0
2022-09-07,66620.0
2022-09-08,64299.0
2022-09-09,61552.0
2022-09-13,63151.0
2022-09-14,62526.0
2022-09-15,66236.0
2022-09-16,68675.0
2022-09-19,72421.0
2022-09-20,69993.0
2022-09-21,72138.0
2022-09-22,75219.0
2022-09-23,76534.0
2022-09-26,76311.0
2022-09-27,77580.0
2022-09-28,75951.0
2022-09-29,73345.0
2022-09-30,69617.0
2022-10-10,74313.0
2022-10-11,75102.0
2022-10-12,75750.0
2022-10-13,76475.0
2022-10-14,76649.0
2022-10-17,77769.0
2022-10-18,77779.0
2022-10-19,77973.0
2022-10-20,80729.0
2022-10-21,78922.0
2022-10-24,78912.0
2022-10-25,80922.0
2022-10-26,80263.0
2022-10-27,81161.0
2022-10-28,81286.0
2022-10-31,83054.0
2022-11-01,81184.0
2022-11-02,80238.0
2022-11-03,80496.0
2022-11-04,82033.0
2022-11-07,80900.0
2022-11-08,81702.0
2022-11-09,84567.0
2022-11-10,83730.0
2022-11-11,82962.0
