trading_date,M_total_oi
2013-11-05,3885668.0
2013-11-06,4038100.0
2013-11-07,3995596.0
2013-11-08,3922998.0
2013-11-11,3871120.0
2013-11-12,3953718.0
2013-11-13,3819556.0
2013-11-14,3708554.0
2013-11-15,3665098.0
2013-11-18,3677384.0
2013-11-19,3790038.0
2013-11-20,3764160.0
2013-11-21,3728738.0
2013-11-22,3671562.0
2013-11-25,3591908.0
2013-11-26,3528074.0
2013-11-27,3483008.0
2013-11-28,3468778.0
2013-11-29,3450964.0
2013-12-02,3433440.0
2013-12-03,3535224.0
2013-12-04,3596596.0
2013-12-05,3524324.0
2013-12-06,3490242.0
2013-12-09,3475556.0
2013-12-10,3413026.0
2013-12-11,3411674.0
2013-12-12,3261978.0
2013-12-13,3159224.0
2013-12-16,3108372.0
2013-12-17,3012418.0
2013-12-18,2939104.0
2013-12-19,2946504.0
2013-12-20,2927310.0
2013-12-23,2775874.0
2013-12-24,2833652.0
2013-12-25,2807436.0
2013-12-26,2754418.0
2013-12-27,2752696.0
2013-12-30,2773540.0
2013-12-31,2742118.0
2014-01-02,2795772.0
2014-01-03,2910938.0
2014-01-06,2920614.0
2014-01-07,3007202.0
2014-01-08,2997242.0
2014-01-09,2860212.0
2014-01-10,2875086.0
2014-01-13,3005460.0
2014-01-14,2859326.0
2014-01-15,2847612.0
2014-01-16,2945284.0
2014-01-17,3070954.0
2014-01-20,3061574.0
2014-01-21,3081102.0
2014-01-22,3096832.0
2014-01-23,3101976.0
2014-01-24,3131220.0
2014-01-27,3003866.0
2014-01-28,2980618.0
2014-01-29,2904874.0
2014-01-30,2879506.0
2014-02-07,2752008.0
2014-02-10,2884548.0
2014-02-11,2929302.0
2014-02-12,3109216.0
2014-02-13,3211190.0
2014-02-14,3337898.0
2014-02-17,3347390.0
2014-02-18,3308840.0
2014-02-19,3323840.0
2014-02-20,3339860.0
2014-02-21,3377236.0
2014-02-24,3389278.0
2014-02-25,3438972.0
2014-02-26,3394674.0
2014-02-27,3384868.0
2014-02-28,3384046.0
2014-03-03,3329288.0
2014-03-04,3324560.0
2014-03-05,3334566.0
2014-03-06,3354276.0
2014-03-07,3365940.0
2014-03-10,3307410.0
2014-03-11,3251960.0
2014-03-12,3261178.0
2014-03-13,3350374.0
2014-03-14,3452862.0
2014-03-17,3402114.0
2014-03-18,3346142.0
2014-03-19,3255702.0
2014-03-20,3071134.0
2014-03-21,2987084.0
2014-03-24,3029928.0
2014-03-25,3019414.0
2014-03-26,2909420.0
2014-03-27,2730932.0
2014-03-28,2704740.0
2014-03-31,2661832.0
2014-04-01,2487612.0
2014-04-02,2581844.0
2014-04-03,2486838.0
2014-04-04,2553354.0
2014-04-08,2564230.0
2014-04-09,2581138.0
2014-04-10,2612022.0
2014-04-11,2654940.0
2014-04-14,2674684.0
2014-04-15,2588992.0
2014-04-16,2580126.0
2014-04-17,2689744.0
2014-04-18,2646552.0
2014-04-21,2601288.0
2014-04-22,2708052.0
2014-04-23,2789266.0
2014-04-24,2760744.0
2014-04-25,2746260.0
2014-04-28,2664296.0
2014-04-29,2566478.0
2014-04-30,2480732.0
2014-05-05,2530326.0
2014-05-06,2600444.0
2014-05-07,2626446.0
2014-05-08,2661482.0
2014-05-09,2570836.0
2014-05-12,2424678.0
2014-05-13,2410050.0
2014-05-14,2444158.0
2014-05-15,2490260.0
2014-05-16,2470858.0
2014-05-19,2705596.0
2014-05-20,2659192.0
2014-05-21,2741304.0
2014-05-22,2888226.0
2014-05-23,2953810.0
2014-05-26,2981272.0
2014-05-27,2787384.0
2014-05-28,2907114.0
2014-05-29,3011516.0
2014-05-30,3035548.0
2014-06-03,3090084.0
2014-06-04,3194298.0
2014-06-05,3236844.0
2014-06-06,3317938.0
2014-06-09,3424336.0
2014-06-10,3444606.0
2014-06-11,3429996.0
2014-06-12,3413190.0
2014-06-13,3504996.0
2014-06-16,3555528.0
2014-06-17,3719932.0
2014-06-18,3758062.0
2014-06-19,3652366.0
2014-06-20,3635832.0
2014-06-23,3605576.0
2014-06-24,3698830.0
2014-06-25,3777260.0
2014-06-26,3729042.0
2014-06-27,3659766.0
2014-06-30,3602614.0
2014-07-01,3403544.0
2014-07-02,3459842.0
2014-07-03,3587882.0
2014-07-04,3590908.0
2014-07-07,3578766.0
2014-07-08,3566254.0
2014-07-09,3562012.0
2014-07-10,3575786.0
2014-07-11,3489236.0
2014-07-14,3561886.0
2014-07-15,3516558.0
2014-07-16,3530702.0
2014-07-17,3491604.0
2014-07-18,3449174.0
2014-07-21,3485770.0
2014-07-22,3439340.0
2014-07-23,3466240.0
2014-07-24,3233738.0
2014-07-25,3206954.0
2014-07-28,3131576.0
2014-07-29,3122384.0
2014-07-30,3142996.0
2014-07-31,3159164.0
2014-08-01,3275604.0
2014-08-04,3377942.0
2014-08-05,3387072.0
2014-08-06,3463250.0
2014-08-07,3385382.0
2014-08-08,3436640.0
2014-08-11,3516566.0
2014-08-12,3446708.0
2014-08-13,3612062.0
2014-08-14,3383598.0
2014-08-15,3319808.0
2014-08-18,3321638.0
2014-08-19,3360912.0
2014-08-20,3393836.0
2014-08-21,3250884.0
2014-08-22,3204462.0
2014-08-25,3168222.0
2014-08-26,3211262.0
2014-08-27,3273190.0
2014-08-28,3337910.0
2014-08-29,3314232.0
2014-09-01,3299134.0
2014-09-02,3271316.0
2014-09-03,3324130.0
2014-09-04,3480586.0
2014-09-05,3380742.0
2014-09-09,3321776.0
2014-09-10,3180898.0
2014-09-11,3146172.0
2014-09-12,3144340.0
2014-09-15,3148576.0
2014-09-16,3403106.0
2014-09-17,3522126.0
2014-09-18,3581304.0
2014-09-19,3566384.0
2014-09-22,3398714.0
2014-09-23,3273082.0
2014-09-24,3329266.0
2014-09-25,3281676.0
2014-09-26,3194582.0
2014-09-29,3099632.0
2014-09-30,3039898.0
2014-10-08,3035930.0
2014-10-09,3100416.0
2014-10-10,3145860.0
2014-10-13,3317740.0
2014-10-14,3297048.0
2014-10-15,3369424.0
2014-10-16,3360598.0
2014-10-17,3365974.0
2014-10-20,3346306.0
2014-10-21,3458632.0
2014-10-22,3489352.0
2014-10-23,3538600.0
2014-10-24,3590668.0
2014-10-27,3667352.0
2014-10-28,3623424.0
2014-10-29,3685042.0
2014-10-30,3670006.0
2014-10-31,3704138.0
2014-11-03,3828694.0
2014-11-04,3714132.0
2014-11-05,3638652.0
2014-11-06,3631400.0
2014-11-07,3703918.0
2014-11-10,3750058.0
2014-11-11,3713286.0
2014-11-12,3722148.0
2014-11-13,3725176.0
2014-11-14,3790896.0
2014-11-17,3835132.0
2014-11-18,3921354.0
2014-11-19,4033178.0
2014-11-20,3974798.0
2014-11-21,3899984.0
2014-11-24,3945370.0
2014-11-25,3955760.0
2014-11-26,3991622.0
2014-11-27,3890132.0
2014-11-28,3782178.0
2014-12-01,3709124.0
2014-12-02,3633642.0
2014-12-03,3512466.0
2014-12-04,3581112.0
2014-12-05,3441092.0
2014-12-08,3360278.0
2014-12-09,3354388.0
2014-12-10,3407506.0
2014-12-11,3469202.0
2014-12-12,3437142.0
2014-12-15,3419702.0
2014-12-16,3351028.0
2014-12-17,3374380.0
2014-12-18,3378388.0
2014-12-19,3323322.0
2014-12-22,3338034.0
2014-12-23,3249674.0
2014-12-24,3366106.0
2014-12-25,3317668.0
2014-12-26,3196274.0
2014-12-29,3196820.0
2014-12-30,3151280.0
2014-12-31,3204238.0
2015-01-05,3404260.0
2015-01-06,3060810.0
2015-01-07,3039570.0
2015-01-08,3057600.0
2015-01-09,3201592.0
2015-01-12,3194446.0
2015-01-13,3458974.0
2015-01-14,3588454.0
2015-01-15,3410188.0
2015-01-16,3554752.0
2015-01-19,3372748.0
2015-01-20,3445912.0
2015-01-21,3521554.0
2015-01-22,3654100.0
2015-01-23,3684526.0
2015-01-26,3761304.0
2015-01-27,3704034.0
2015-01-28,3722572.0
2015-01-29,3704990.0
2015-01-30,3632420.0
2015-02-02,3726892.0
2015-02-03,3711402.0
2015-02-04,3637630.0
2015-02-05,3650386.0
2015-02-06,3605724.0
2015-02-09,3568058.0
2015-02-10,3531768.0
2015-02-11,3685048.0
2015-02-12,3648634.0
2015-02-13,3503610.0
2015-02-16,3470860.0
2015-02-17,3410556.0
2015-02-25,3400304.0
2015-02-26,3696588.0
2015-02-27,3929238.0
2015-03-02,4060530.0
2015-03-03,4025724.0
2015-03-04,4077578.0
2015-03-05,4050276.0
2015-03-06,4102574.0
2015-03-09,4083492.0
2015-03-10,4028896.0
2015-03-11,4135368.0
2015-03-12,4127702.0
2015-03-13,4111170.0
2015-03-16,4182546.0
2015-03-17,4309394.0
2015-03-18,4351286.0
2015-03-19,4373554.0
2015-03-20,4369392.0
2015-03-23,4438304.0
2015-03-24,4508914.0
2015-03-25,4481558.0
2015-03-26,4513838.0
2015-03-27,4523690.0
2015-03-30,4514662.0
2015-03-31,4503064.0
2015-04-01,4360580.0
2015-04-02,4286924.0
2015-04-03,4217128.0
2015-04-07,4298184.0
2015-04-08,4405528.0
2015-04-09,4573162.0
2015-04-10,4538660.0
2015-04-13,4510308.0
2015-04-14,4503298.0
2015-04-15,4514316.0
2015-04-16,4646338.0
2015-04-17,4621870.0
2015-04-20,4519304.0
2015-04-21,4514546.0
2015-04-22,4553874.0
2015-04-23,4409746.0
2015-04-24,4433730.0
2015-04-27,4598204.0
2015-04-28,4726046.0
2015-04-29,4666818.0
2015-04-30,4661300.0
2015-05-04,4733476.0
2015-05-05,4809954.0
2015-05-06,4864084.0
2015-05-07,4882584.0
2015-05-08,4929976.0
2015-05-11,4982878.0
2015-05-12,5158088.0
2015-05-13,5247500.0
2015-05-14,5312550.0
2015-05-15,5297448.0
2015-05-18,5435488.0
2015-05-19,5472706.0
2015-05-20,5270298.0
2015-05-21,5313136.0
2015-05-22,5443446.0
2015-05-25,5499264.0
2015-05-26,5586950.0
2015-05-27,5641578.0
2015-05-28,5496186.0
2015-05-29,5507138.0
2015-06-01,5837670.0
2015-06-02,5695010.0
2015-06-03,5595336.0
2015-06-04,5538476.0
2015-06-05,5414728.0
2015-06-08,5440960.0
2015-06-09,5358102.0
2015-06-10,5383898.0
2015-06-11,5355276.0
2015-06-12,5408174.0
2015-06-15,5375188.0
2015-06-16,5362738.0
2015-06-17,5270258.0
2015-06-18,5244340.0
2015-06-19,5058274.0
2015-06-23,4961778.0
2015-06-24,5154154.0
2015-06-25,5158984.0
2015-06-26,4998472.0
2015-06-29,4689136.0
2015-06-30,4559560.0
2015-07-01,4333422.0
2015-07-02,3916544.0
2015-07-03,3954154.0
2015-07-06,3679422.0
2015-07-07,3571690.0
2015-07-08,3024694.0
2015-07-09,2793342.0
2015-07-10,2822982.0
2015-07-13,2832838.0
2015-07-14,2918328.0
2015-07-15,2893226.0
2015-07-16,2794076.0
2015-07-17,2757598.0
2015-07-20,2750082.0
2015-07-21,2768784.0
2015-07-22,2768540.0
2015-07-23,2738238.0
2015-07-24,2757138.0
2015-07-27,2762296.0
2015-07-28,2696176.0
2015-07-29,2702772.0
2015-07-30,2676860.0
2015-07-31,2673768.0
2015-08-03,2685682.0
2015-08-04,2706294.0
2015-08-05,2721214.0
2015-08-06,2682298.0
2015-08-07,2539106.0
2015-08-10,2623708.0
2015-08-11,2597946.0
2015-08-12,2570356.0
2015-08-13,2572398.0
2015-08-14,2469464.0
2015-08-17,2458422.0
2015-08-18,2462004.0
2015-08-19,2383048.0
2015-08-20,2430770.0
2015-08-21,2357552.0
2015-08-24,2385786.0
2015-08-25,2300400.0
2015-08-26,2220482.0
2015-08-27,2204304.0
2015-08-28,2091094.0
2015-08-31,2043610.0
2015-09-01,2052376.0
2015-09-02,2016762.0
2015-09-07,2066892.0
2015-09-08,2061284.0
2015-09-09,2074324.0
2015-09-10,2095322.0
2015-09-11,2093788.0
2015-09-14,2237578.0
2015-09-15,2256094.0
2015-09-16,2275688.0
2015-09-17,2322354.0
2015-09-18,2338692.0
2015-09-21,2253090.0
2015-09-22,2267134.0
2015-09-23,2333318.0
2015-09-24,2329650.0
2015-09-25,2284420.0
2015-09-28,2225244.0
2015-09-29,2142066.0
2015-09-30,2018726.0
2015-10-08,2104898.0
2015-10-09,2268448.0
2015-10-12,2246624.0
2015-10-13,2314294.0
2015-10-14,2465830.0
2015-10-15,2453454.0
2015-10-16,2508460.0
2015-10-19,2540436.0
2015-10-20,2708476.0
2015-10-21,2744622.0
2015-10-22,2709114.0
2015-10-23,2859774.0
2015-10-26,2819352.0
2015-10-27,2771216.0
2015-10-28,2725048.0
2015-10-29,2714166.0
2015-10-30,2748746.0
2015-11-02,2772156.0
2015-11-03,2952398.0
2015-11-04,2956168.0
2015-11-05,3074890.0
2015-11-06,3070406.0
2015-11-09,3060982.0
2015-11-10,3107940.0
2015-11-11,2990390.0
2015-11-12,2950586.0
2015-11-13,3002084.0
2015-11-16,2998346.0
2015-11-17,2972560.0
2015-11-18,2887148.0
2015-11-19,2844618.0
2015-11-20,2915110.0
2015-11-23,2961656.0
2015-11-24,2896154.0
2015-11-25,2927082.0
2015-11-26,2759086.0
2015-11-27,2667424.0
2015-11-30,2631510.0
2015-12-01,2600804.0
2015-12-02,2609300.0
2015-12-03,2729882.0
2015-12-04,2808082.0
2015-12-07,2646042.0
2015-12-08,2553320.0
2015-12-09,2429164.0
2015-12-10,2471594.0
2015-12-11,2329020.0
2015-12-14,2319744.0
2015-12-15,2263672.0
2015-12-16,2294082.0
2015-12-17,2521838.0
2015-12-18,2383480.0
2015-12-21,2301504.0
2015-12-22,2281368.0
2015-12-23,2265732.0
2015-12-24,2250402.0
2015-12-25,2234434.0
2015-12-28,2234962.0
2015-12-29,2235276.0
2015-12-30,2358244.0
2015-12-31,2175096.0
2016-01-04,2235352.0
2016-01-05,2209188.0
2016-01-06,2248032.0
2016-01-07,2209240.0
2016-01-08,2333880.0
2016-01-11,2283560.0
2016-01-12,2283898.0
2016-01-13,2366058.0
2016-01-14,2410784.0
2016-01-15,2417172.0
2016-01-18,2536810.0
2016-01-19,2536314.0
2016-01-20,2603114.0
2016-01-21,2639956.0
2016-01-22,2624150.0
2016-01-25,2602036.0
2016-01-26,2621982.0
2016-01-27,2665724.0
2016-01-28,2656580.0
2016-01-29,2677118.0
2016-02-01,2636236.0
2016-02-02,2665074.0
2016-02-03,2591428.0
2016-02-04,2580258.0
2016-02-05,2535544.0
2016-02-15,2636370.0
2016-02-16,2834924.0
2016-02-17,2978718.0
2016-02-18,3075908.0
2016-02-19,3061898.0
2016-02-22,3083838.0
2016-02-23,3091704.0
2016-02-24,3050344.0
2016-02-25,3083254.0
2016-02-26,3078080.0
2016-02-29,3113764.0
2016-03-01,3157130.0
2016-03-02,3250582.0
2016-03-03,3221172.0
2016-03-04,3327652.0
2016-03-07,3328998.0
2016-03-08,3355740.0
2016-03-09,3322408.0
2016-03-10,3374538.0
2016-03-11,3382320.0
2016-03-14,3303954.0
2016-03-15,3248556.0
2016-03-16,3292406.0
2016-03-17,3245840.0
2016-03-18,3206664.0
2016-03-21,3225378.0
2016-03-22,3135898.0
2016-03-23,3076336.0
2016-03-24,2987440.0
2016-03-25,3094924.0
2016-03-28,3130852.0
2016-03-29,3182244.0
2016-03-30,3148316.0
2016-03-31,3122606.0
2016-04-01,3195012.0
2016-04-05,3288624.0
2016-04-06,3322072.0
2016-04-07,3344916.0
2016-04-08,3415196.0
2016-04-11,3333710.0
2016-04-12,3417160.0
2016-04-13,3487298.0
2016-04-14,3470906.0
2016-04-15,3737438.0
2016-04-18,3802050.0
2016-04-19,3809550.0
2016-04-20,3377728.0
2016-04-21,3186514.0
2016-04-22,2726292.0
2016-04-25,2689556.0
2016-04-26,2669902.0
2016-04-27,2669772.0
2016-04-28,2633112.0
2016-04-29,2702632.0
2016-05-03,2903232.0
2016-05-04,2854004.0
2016-05-05,2872938.0
2016-05-06,2689166.0
2016-05-09,2683108.0
2016-05-10,2632430.0
2016-05-11,2684474.0
2016-05-12,2899660.0
2016-05-13,2861608.0
2016-05-16,2933558.0
2016-05-17,2897364.0
2016-05-18,3013112.0
2016-05-19,3056856.0
2016-05-20,3086200.0
2016-05-23,3205216.0
2016-05-24,3516028.0
2016-05-25,3624740.0
2016-05-26,3541314.0
2016-05-27,3648188.0
2016-05-30,3817330.0
2016-05-31,3834538.0
2016-06-01,3880004.0
2016-06-02,3922220.0
2016-06-03,4004762.0
2016-06-06,4022524.0
2016-06-07,4105704.0
2016-06-08,3962484.0
2016-06-13,3921180.0
2016-06-14,3665938.0
2016-06-15,3786050.0
2016-06-16,3817998.0
2016-06-17,3770652.0
2016-06-20,3879654.0
2016-06-21,3868620.0
2016-06-22,3760766.0
2016-06-23,3636514.0
2016-06-24,3470862.0
2016-06-27,3617552.0
2016-06-28,3595698.0
2016-06-29,3637986.0
2016-06-30,3609488.0
2016-07-01,3694160.0
2016-07-04,3620526.0
2016-07-05,3511746.0
2016-07-06,3338160.0
2016-07-07,3284038.0
2016-07-08,2799076.0
2016-07-11,2954262.0
2016-07-12,2852442.0
2016-07-13,2919788.0
2016-07-14,3041862.0
2016-07-15,2945404.0
2016-07-18,2887438.0
2016-07-19,2911968.0
2016-07-20,2892166.0
2016-07-21,2805784.0
2016-07-22,2882904.0
2016-07-25,2923330.0
2016-07-26,2883734.0
2016-07-27,2814270.0
2016-07-28,2822112.0
2016-07-29,2814102.0
2016-08-01,2798342.0
2016-08-02,2768452.0
2016-08-03,2745144.0
2016-08-04,2771986.0
2016-08-05,2775432.0
2016-08-08,2713970.0
2016-08-09,2711024.0
2016-08-10,2751734.0
2016-08-11,2698702.0
2016-08-12,2733018.0
2016-08-15,2790406.0
2016-08-16,2805922.0
2016-08-17,2784432.0
2016-08-18,2732548.0
2016-08-19,2686950.0
2016-08-22,2657022.0
2016-08-23,2660122.0
2016-08-24,2659298.0
2016-08-25,2651110.0
2016-08-26,2655116.0
2016-08-29,2630840.0
2016-08-30,2630906.0
2016-08-31,2658350.0
2016-09-01,2663746.0
2016-09-02,2623358.0
2016-09-05,2692622.0
2016-09-06,2667722.0
2016-09-07,2694748.0
2016-09-08,2676146.0
2016-09-09,2651220.0
2016-09-12,2583572.0
2016-09-13,2492954.0
2016-09-14,2396834.0
2016-09-19,2451396.0
2016-09-20,2492176.0
2016-09-21,2559528.0
2016-09-22,2582858.0
2016-09-23,2634976.0
2016-09-26,2655114.0
2016-09-27,2660194.0
2016-09-28,2570160.0
2016-09-29,2268708.0
2016-09-30,2196330.0
2016-10-10,2191172.0
2016-10-11,2319476.0
2016-10-12,2431278.0
2016-10-13,2441298.0
2016-10-14,2339374.0
2016-10-17,2488648.0
2016-10-18,2530610.0
2016-10-19,2582700.0
2016-10-20,2671290.0
2016-10-21,2681566.0
2016-10-24,2692676.0
2016-10-25,2641698.0
2016-10-26,2780148.0
2016-10-27,2907330.0
2016-10-28,2950858.0
2016-10-31,2863576.0
2016-11-01,2902554.0
2016-11-02,2831932.0
2016-11-03,2818844.0
2016-11-04,2794444.0
2016-11-07,2708970.0
2016-11-08,2680662.0
2016-11-09,2668620.0
2016-11-10,3043734.0
2016-11-11,3360842.0
2016-11-14,2932298.0
2016-11-15,2922708.0
2016-11-16,2966856.0
2016-11-17,3030446.0
2016-11-18,2997220.0
2016-11-21,3032226.0
2016-11-22,3089478.0
2016-11-23,3245062.0
2016-11-24,3141600.0
2016-11-25,3190230.0
2016-11-28,3690112.0
2016-11-29,3788010.0
2016-11-30,3622042.0
2016-12-01,3679764.0
2016-12-02,3650658.0
2016-12-05,3684234.0
2016-12-06,3658276.0
2016-12-07,3658496.0
2016-12-08,3604150.0
2016-12-09,3462588.0
2016-12-12,3306078.0
2016-12-13,3294550.0
2016-12-14,3193738.0
2016-12-15,3159084.0
2016-12-16,3098060.0
2016-12-19,3078584.0
2016-12-20,2972242.0
2016-12-21,2990212.0
2016-12-22,2954352.0
2016-12-23,2932110.0
2016-12-26,2903004.0
2016-12-27,2816800.0
2016-12-28,2816704.0
2016-12-29,2793406.0
2016-12-30,2798066.0
2017-01-03,2853006.0
2017-01-04,2784498.0
2017-01-05,2810580.0
2017-01-06,2820790.0
2017-01-09,2881800.0
2017-01-10,2901818.0
2017-01-11,2947022.0
2017-01-12,2985430.0
2017-01-13,2988896.0
2017-01-16,2922338.0
2017-01-17,2878784.0
2017-01-18,2934476.0
2017-01-19,2913686.0
2017-01-20,2797032.0
2017-01-23,2755416.0
2017-01-24,2747598.0
2017-01-25,2668546.0
2017-01-26,2612758.0
2017-02-03,2662764.0
2017-02-06,2991602.0
2017-02-07,3100684.0
2017-02-08,3299848.0
2017-02-09,3282238.0
2017-02-10,3340644.0
2017-02-13,3385034.0
2017-02-14,3350426.0
2017-02-15,3344060.0
2017-02-16,3293684.0
2017-02-17,3185736.0
2017-02-20,3206118.0
2017-02-21,3242990.0
2017-02-22,3231426.0
2017-02-23,3167580.0
2017-02-24,3123126.0
2017-02-27,3168146.0
2017-02-28,3178296.0
2017-03-01,3170444.0
2017-03-02,3208894.0
2017-03-03,3237714.0
2017-03-06,3370520.0
2017-03-07,3343792.0
2017-03-08,3249686.0
2017-03-09,3246996.0
2017-03-10,3191856.0
2017-03-13,3125626.0
2017-03-14,3180146.0
2017-03-15,3111222.0
2017-03-16,3196900.0
2017-03-17,3241360.0
2017-03-20,3329910.0
2017-03-21,3406076.0
2017-03-22,3489816.0
2017-03-23,3534162.0
2017-03-24,3517366.0
2017-03-27,3418448.0
2017-03-28,3433416.0
2017-03-29,3393492.0
2017-03-30,3379146.0
2017-03-31,3293420.0
2017-04-05,3385390.0
2017-04-06,3399728.0
2017-04-07,3268958.0
2017-04-10,3178722.0
2017-04-11,3217192.0
2017-04-12,3133954.0
2017-04-13,3086216.0
2017-04-14,2935594.0
2017-04-17,3040832.0
2017-04-18,3032716.0
2017-04-19,3065398.0
2017-04-20,3015344.0
2017-04-21,3007526.0
2017-04-24,3054562.0
2017-04-25,3027924.0
2017-04-26,2972784.0
2017-04-27,2932542.0
2017-04-28,2882136.0
2017-05-02,2908522.0
2017-05-03,2860310.0
2017-05-04,2856506.0
2017-05-05,2836430.0
2017-05-08,2755064.0
2017-05-09,2757558.0
2017-05-10,2730266.0
2017-05-11,2796532.0
2017-05-12,2911840.0
2017-05-15,2943792.0
2017-05-16,3036070.0
2017-05-17,2884950.0
2017-05-18,2957340.0
2017-05-19,3117268.0
2017-05-22,3159910.0
2017-05-23,3164318.0
2017-05-24,3256434.0
2017-05-25,3240242.0
2017-05-26,3354230.0
2017-05-31,3414790.0
2017-06-01,3388574.0
2017-06-02,3359992.0
2017-06-05,3307490.0
2017-06-06,3306592.0
2017-06-07,3311140.0
2017-06-08,3352116.0
2017-06-09,3312322.0
2017-06-12,3332994.0
2017-06-13,3328612.0
2017-06-14,3297680.0
2017-06-15,3387892.0
2017-06-16,3301260.0
2017-06-19,3262988.0
2017-06-20,3214384.0
2017-06-21,3225110.0
2017-06-22,3261122.0
2017-06-23,3269318.0
2017-06-26,3227500.0
2017-06-27,3195236.0
2017-06-28,3283926.0
2017-06-29,3216916.0
2017-06-30,3277270.0
2017-07-03,3086780.0
2017-07-04,3149072.0
2017-07-05,3128040.0
2017-07-06,3188124.0
2017-07-07,3182056.0
2017-07-10,3286720.0
2017-07-11,3017978.0
2017-07-12,2957558.0
2017-07-13,2868894.0
2017-07-14,2764756.0
2017-07-17,2771312.0
2017-07-18,2830624.0
2017-07-19,2860392.0
2017-07-20,2860992.0
2017-07-21,2882852.0
2017-07-24,2826048.0
2017-07-25,2794270.0
2017-07-26,2804258.0
2017-07-27,2726968.0
2017-07-28,2757488.0
2017-07-31,2653274.0
2017-08-01,2693148.0
2017-08-02,2658090.0
2017-08-03,2610998.0
2017-08-04,2593264.0
2017-08-07,2521230.0
2017-08-08,2381732.0
2017-08-09,2327188.0
2017-08-10,2380990.0
2017-08-11,2152386.0
2017-08-14,2122014.0
2017-08-15,2104984.0
2017-08-16,2132198.0
2017-08-17,2127752.0
2017-08-18,2140536.0
2017-08-21,2198802.0
2017-08-22,2208580.0
2017-08-23,2233254.0
2017-08-24,2357856.0
2017-08-25,2308974.0
2017-08-28,2350868.0
2017-08-29,2403092.0
2017-08-30,2500872.0
2017-08-31,2534866.0
2017-09-01,2528536.0
2017-09-04,2531178.0
2017-09-05,2511466.0
2017-09-06,2501666.0
2017-09-07,2454762.0
2017-09-08,2517204.0
2017-09-11,2458904.0
2017-09-12,2527526.0
2017-09-13,2688054.0
2017-09-14,2560894.0
2017-09-15,2565114.0
2017-09-18,2518408.0
2017-09-19,2624134.0
2017-09-20,2596976.0
2017-09-21,2648616.0
2017-09-22,2896792.0
2017-09-25,2830356.0
2017-09-26,2701194.0
2017-09-27,2681642.0
2017-09-28,2521018.0
2017-09-29,2350538.0
2017-10-09,2328530.0
2017-10-10,2359746.0
2017-10-11,2392976.0
2017-10-12,2335478.0
2017-10-13,2406150.0
2017-10-16,2362638.0
2017-10-17,2422442.0
2017-10-18,2404172.0
2017-10-19,2443168.0
2017-10-20,2442244.0
2017-10-23,2506536.0
2017-10-24,2432702.0
2017-10-25,2499102.0
2017-10-26,2455178.0
2017-10-27,2468624.0
2017-10-30,2400516.0
2017-10-31,2505678.0
2017-11-01,2528138.0
2017-11-02,2598412.0
2017-11-03,2624892.0
2017-11-06,2696646.0
2017-11-07,2669212.0
2017-11-08,2729314.0
2017-11-09,2735928.0
2017-11-10,2778290.0
2017-11-13,2730432.0
2017-11-14,2736408.0
2017-11-15,2796578.0
2017-11-16,2768422.0
2017-11-17,2834568.0
2017-11-20,2885082.0
2017-11-21,2908998.0
2017-11-22,2904400.0
2017-11-23,2850774.0
2017-11-24,2854518.0
2017-11-27,2867722.0
2017-11-28,2823624.0
2017-11-29,2751304.0
2017-11-30,2671614.0
2017-12-01,2601788.0
2017-12-04,2710230.0
2017-12-05,2624468.0
2017-12-06,2770022.0
2017-12-07,2659794.0
2017-12-08,2630232.0
2017-12-11,2526068.0
2017-12-12,2449918.0
2017-12-13,2446074.0
2017-12-14,2362704.0
2017-12-15,2359640.0
2017-12-18,2314140.0
2017-12-19,2351144.0
2017-12-20,2314284.0
2017-12-21,2303582.0
2017-12-22,2277862.0
2017-12-25,2263716.0
2017-12-26,2268770.0
2017-12-27,2239286.0
2017-12-28,2272220.0
2017-12-29,2276044.0
2018-01-02,2255342.0
2018-01-03,2317806.0
2018-01-04,2313336.0
2018-01-05,2356256.0
2018-01-08,2326444.0
2018-01-09,2355108.0
2018-01-10,2371574.0
2018-01-11,2415480.0
2018-01-12,2437998.0
2018-01-15,2433618.0
2018-01-16,2439760.0
2018-01-17,2471550.0
2018-01-18,2459430.0
2018-01-19,2490920.0
2018-01-22,2419358.0
2018-01-23,2440918.0
2018-01-24,2471434.0
2018-01-25,2470546.0
2018-01-26,2489012.0
2018-01-29,2559200.0
2018-01-30,2568154.0
2018-01-31,2541822.0
2018-02-01,2580462.0
2018-02-02,2584032.0
2018-02-05,2574022.0
2018-02-06,2646836.0
2018-02-07,2664880.0
2018-02-08,2671136.0
2018-02-09,2626092.0
2018-02-12,2698586.0
2018-02-13,2655328.0
2018-02-14,2628762.0
2018-02-22,2657428.0
2018-02-23,2800408.0
2018-02-26,2919792.0
2018-02-27,2944800.0
2018-02-28,3129136.0
2018-03-01,3357146.0
2018-03-02,3479482.0
2018-03-05,3476036.0
2018-03-06,3625352.0
2018-03-07,3854374.0
2018-03-08,3862580.0
2018-03-09,3898494.0
2018-03-12,3739650.0
2018-03-13,3724762.0
2018-03-14,3745362.0
2018-03-15,3796776.0
2018-03-16,4021196.0
2018-03-19,3909370.0
2018-03-20,3873734.0
2018-03-21,3897330.0
2018-03-22,3937804.0
2018-03-23,3872780.0
2018-03-26,3832140.0
2018-03-27,3870826.0
2018-03-28,3803400.0
2018-03-29,3796328.0
2018-03-30,4045530.0
2018-04-02,4055528.0
2018-04-03,4017504.0
2018-04-04,3962266.0
2018-04-09,4036860.0
2018-04-10,4023888.0
2018-04-11,4161476.0
2018-04-12,4181042.0
2018-04-13,4299106.0
2018-04-16,4312830.0
2018-04-17,4464770.0
2018-04-18,4415946.0
2018-04-19,4386716.0
2018-04-20,4486030.0
2018-04-23,4439042.0
2018-04-24,4448204.0
2018-04-25,4436760.0
2018-04-26,4393850.0
2018-04-27,4321998.0
2018-05-02,4208200.0
2018-05-03,4190756.0
2018-05-04,4222614.0
2018-05-07,4275232.0
2018-05-08,4326680.0
2018-05-09,4317060.0
2018-05-10,4338030.0
2018-05-11,4314386.0
2018-05-14,4333948.0
2018-05-15,4301780.0
2018-05-16,4351760.0
2018-05-17,4294552.0
2018-05-18,4318668.0
2018-05-21,4462534.0
2018-05-22,4460188.0
2018-05-23,4624830.0
2018-05-24,4644546.0
2018-05-25,4582850.0
2018-05-28,4552508.0
2018-05-29,4582350.0
2018-05-30,4589412.0
2018-05-31,4591060.0
2018-06-01,4579160.0
2018-06-04,4613136.0
2018-06-05,4549994.0
2018-06-06,4509788.0
2018-06-07,4506652.0
2018-06-08,4433962.0
2018-06-11,4360108.0
2018-06-12,4313688.0
2018-06-13,4254070.0
2018-06-14,4239504.0
2018-06-15,4234072.0
2018-06-19,4239688.0
2018-06-20,4195536.0
2018-06-21,4123924.0
2018-06-22,4037284.0
2018-06-25,4009654.0
2018-06-26,4063044.0
2018-06-27,4339518.0
2018-06-28,4247820.0
2018-06-29,4264668.0
2018-07-02,4360302.0
2018-07-03,4302938.0
2018-07-04,4248820.0
2018-07-05,4169324.0
2018-07-06,4191806.0
2018-07-09,4225314.0
2018-07-10,4267572.0
2018-07-11,4150626.0
2018-07-12,4097870.0
2018-07-13,4096428.0
2018-07-16,3953096.0
2018-07-17,3908726.0
2018-07-18,3870840.0
2018-07-19,3819040.0
2018-07-20,3891278.0
2018-07-23,3778282.0
2018-07-24,3809416.0
2018-07-25,3884220.0
2018-07-26,3867578.0
2018-07-27,3796730.0
2018-07-30,3813788.0
2018-07-31,3837778.0
2018-08-01,3679180.0
2018-08-02,3587230.0
2018-08-03,3559128.0
2018-08-06,3476462.0
2018-08-07,3494886.0
2018-08-08,3611890.0
2018-08-09,3623486.0
2018-08-10,3564648.0
2018-08-13,3341400.0
2018-08-14,3340708.0
2018-08-15,3339492.0
2018-08-16,3157222.0
2018-08-17,3081688.0
2018-08-20,2949874.0
2018-08-21,2917332.0
2018-08-22,2891908.0
2018-08-23,2987260.0
2018-08-24,2922266.0
2018-08-27,2938168.0
2018-08-28,2928980.0
2018-08-29,2999002.0
2018-08-30,3087102.0
2018-08-31,3154124.0
2018-09-03,3228034.0
2018-09-04,3229312.0
2018-09-05,3307870.0
2018-09-06,3326770.0
2018-09-07,3470464.0
2018-09-10,3654944.0
2018-09-11,3616378.0
2018-09-12,3665554.0
2018-09-13,3524802.0
2018-09-14,3453212.0
2018-09-17,3444470.0
2018-09-18,3500844.0
2018-09-19,3501616.0
2018-09-20,3582354.0
2018-09-21,3639648.0
2018-09-25,3815700.0
2018-09-26,3888170.0
2018-09-27,3898744.0
2018-09-28,3883662.0
2018-10-08,3949446.0
2018-10-09,4106166.0
2018-10-10,4147056.0
2018-10-11,4158682.0
2018-10-12,3969962.0
2018-10-15,3872038.0
2018-10-16,3745316.0
2018-10-17,3723154.0
2018-10-18,3674738.0
2018-10-19,3706738.0
2018-10-22,3522452.0
2018-10-23,3481940.0
2018-10-24,3498602.0
2018-10-25,3383394.0
2018-10-26,3361526.0
2018-10-29,3332082.0
2018-10-30,3163886.0
2018-10-31,3084024.0
2018-11-01,2955472.0
2018-11-02,2806434.0
2018-11-05,2644002.0
2018-11-06,2689838.0
2018-11-07,2703722.0
2018-11-08,2683420.0
2018-11-09,2681752.0
2018-11-12,2676908.0
2018-11-13,2614892.0
2018-11-14,2570844.0
2018-11-15,2512792.0
2018-11-16,2447726.0
2018-11-19,2426094.0
2018-11-20,2411118.0
2018-11-21,2497748.0
2018-11-22,2504782.0
2018-11-23,2517376.0
2018-11-26,2573234.0
2018-11-27,2496860.0
2018-11-28,2450284.0
2018-11-29,2414186.0
2018-11-30,2402962.0
2018-12-03,2436290.0
2018-12-04,2365954.0
2018-12-05,2239034.0
2018-12-06,2151392.0
2018-12-07,2169414.0
2018-12-10,2243518.0
2018-12-11,2179890.0
2018-12-12,2149610.0
2018-12-13,2159050.0
2018-12-14,2221698.0
2018-12-17,2169452.0
2018-12-18,2160072.0
2018-12-19,2094970.0
2018-12-20,2072280.0
2018-12-21,2082266.0
2018-12-24,2173108.0
2018-12-25,2116652.0
2018-12-26,2064166.0
2018-12-27,2074496.0
2018-12-28,2041910.0
2019-01-02,2036308.0
2019-01-03,2039806.0
2019-01-04,2033900.0
2019-01-07,1980926.0
2019-01-08,1978418.0
2019-01-09,1994790.0
2019-01-10,2009580.0
2019-01-11,2091682.0
2019-01-14,2270948.0
2019-01-15,2287492.0
2019-01-16,2550108.0
2019-01-17,2675772.0
2019-01-18,2639754.0
2019-01-21,2631912.0
2019-01-22,2623528.0
2019-01-23,2588750.0
2019-01-24,2572166.0
2019-01-25,2551154.0
2019-01-28,2547020.0
2019-01-29,2550056.0
2019-01-30,2517108.0
2019-01-31,2380866.0
2019-02-01,2337594.0
2019-02-11,2399614.0
2019-02-12,2519446.0
2019-02-13,2489564.0
2019-02-14,2490372.0
2019-02-15,2487674.0
2019-02-18,2522906.0
2019-02-19,2608418.0
2019-02-20,2838024.0
2019-02-21,2886808.0
2019-02-22,2887544.0
2019-02-25,2971116.0
2019-02-26,2995576.0
2019-02-27,3256854.0
2019-02-28,3293696.0
2019-03-01,3263048.0
2019-03-04,3428398.0
2019-03-05,3428424.0
2019-03-06,3395250.0
2019-03-07,3270402.0
2019-03-08,3233702.0
2019-03-11,3226590.0
2019-03-12,3265690.0
2019-03-13,3244602.0
2019-03-14,3126110.0
2019-03-15,3073926.0
2019-03-18,3066612.0
2019-03-19,3110536.0
2019-03-20,3165942.0
2019-03-21,3139810.0
2019-03-22,3094256.0
2019-03-25,3060026.0
2019-03-26,3024582.0
2019-03-27,3031128.0
2019-03-28,3118224.0
2019-03-29,3078140.0
2019-04-01,3060064.0
2019-04-02,2936726.0
2019-04-03,2954698.0
2019-04-04,2937010.0
2019-04-08,2908500.0
2019-04-09,2878916.0
2019-04-10,2907160.0
2019-04-11,2902430.0
2019-04-12,2939718.0
2019-04-15,2955770.0
2019-04-16,2919116.0
2019-04-17,2916186.0
2019-04-18,2965758.0
2019-04-19,2887726.0
2019-04-22,2845568.0
2019-04-23,2821490.0
2019-04-24,2766686.0
2019-04-25,2928696.0
2019-04-26,2876322.0
2019-04-29,2800378.0
2019-04-30,2633056.0
2019-05-06,2472736.0
2019-05-07,2406166.0
2019-05-08,2448278.0
2019-05-09,2534430.0
2019-05-10,2502712.0
2019-05-13,2655510.0
2019-05-14,2720932.0
2019-05-15,2768122.0
2019-05-16,2808180.0
2019-05-17,2852970.0
2019-05-20,2944332.0
2019-05-21,3029202.0
2019-05-22,3012526.0
2019-05-23,2977804.0
2019-05-24,2920498.0
2019-05-27,2985218.0
2019-05-28,2929482.0
2019-05-29,3050520.0
2019-05-30,2694198.0
2019-05-31,2776318.0
2019-06-03,2824012.0
2019-06-04,2890818.0
2019-06-05,2935024.0
2019-06-06,2745642.0
2019-06-10,2774344.0
2019-06-11,2773082.0
2019-06-12,2755202.0
2019-06-13,2797908.0
2019-06-14,2784586.0
2019-06-17,2833450.0
2019-06-18,2819188.0
2019-06-19,2775844.0
2019-06-20,2716612.0
2019-06-21,2673406.0
2019-06-24,2708750.0
2019-06-25,2675290.0
2019-06-26,2637122.0
2019-06-27,2564066.0
2019-06-28,2512776.0
2019-07-01,2611468.0
2019-07-02,2728098.0
2019-07-03,2735904.0
2019-07-04,2730516.0
2019-07-05,2723824.0
2019-07-08,2683396.0
2019-07-09,2802458.0
2019-07-10,2707174.0
2019-07-11,2625864.0
2019-07-12,2616126.0
2019-07-15,2629254.0
2019-07-16,2685030.0
2019-07-17,2727246.0
2019-07-18,2693556.0
2019-07-19,2659554.0
2019-07-22,2654544.0
2019-07-23,2633312.0
2019-07-24,2596282.0
2019-07-25,2576266.0
2019-07-26,2547568.0
2019-07-29,2566994.0
2019-07-30,2503664.0
2019-07-31,2559384.0
2019-08-01,2634730.0
2019-08-02,2584792.0
2019-08-05,2626904.0
2019-08-06,2754808.0
2019-08-07,2818260.0
2019-08-08,2834872.0
2019-08-09,2806690.0
2019-08-12,2736602.0
2019-08-13,2890438.0
2019-08-14,2777960.0
2019-08-15,2717662.0
2019-08-16,2728244.0
2019-08-19,2689572.0
2019-08-20,2720920.0
2019-08-21,2732728.0
2019-08-22,2815064.0
2019-08-23,2948734.0
2019-08-26,3167714.0
2019-08-27,3084056.0
2019-08-28,3152114.0
2019-08-29,3179148.0
2019-08-30,3136970.0
2019-09-02,3200626.0
2019-09-03,3267538.0
2019-09-04,3282742.0
2019-09-05,3273852.0
2019-09-06,3224826.0
2019-09-09,3133710.0
2019-09-10,3147336.0
2019-09-11,3128584.0
2019-09-12,2977300.0
2019-09-16,2963264.0
2019-09-17,3013566.0
2019-09-18,3030530.0
2019-09-19,3012888.0
2019-09-20,3008490.0
2019-09-23,2972186.0
2019-09-24,2952242.0
2019-09-25,2782240.0
2019-09-26,2673916.0
2019-09-27,2575598.0
2019-09-30,2503694.0
2019-10-08,2728402.0
2019-10-09,3214272.0
2019-10-10,3311058.0
2019-10-11,3689424.0
2019-10-14,3780150.0
2019-10-15,3871214.0
2019-10-16,3938146.0
2019-10-17,3991426.0
2019-10-18,4313020.0
2019-10-21,4628986.0
2019-10-22,4760660.0
2019-10-23,4803912.0
2019-10-24,4863260.0
2019-10-25,4825908.0
2019-10-28,4647834.0
2019-10-29,4620144.0
2019-10-30,4593176.0
2019-10-31,4614540.0
2019-11-01,4648582.0
2019-11-04,4747408.0
2019-11-05,4849210.0
2019-11-06,4900968.0
2019-11-07,4931576.0
2019-11-08,5062780.0
2019-11-11,5034926.0
2019-11-12,5043920.0
2019-11-13,5065398.0
2019-11-14,5069128.0
2019-11-15,5026410.0
2019-11-18,5086082.0
2019-11-19,5121086.0
2019-11-20,5194828.0
2019-11-21,5230488.0
2019-11-22,5267874.0
2019-11-25,5269266.0
2019-11-26,5267362.0
2019-11-27,5321498.0
2019-11-28,5281702.0
2019-11-29,5074500.0
2019-12-02,5259150.0
2019-12-03,5240634.0
2019-12-04,5328588.0
2019-12-05,5155592.0
2019-12-06,5214942.0
2019-12-09,5227666.0
2019-12-10,5347932.0
2019-12-11,5398808.0
2019-12-12,5480758.0
2019-12-13,5612140.0
2019-12-16,5463716.0
2019-12-17,5475810.0
2019-12-18,5434792.0
2019-12-19,5549812.0
2019-12-20,5530688.0
2019-12-23,5443940.0
2019-12-24,5441192.0
2019-12-25,5531426.0
2019-12-26,5608092.0
2019-12-27,5589092.0
2019-12-30,5717744.0
2019-12-31,5850492.0
2020-01-02,2952963.0
2020-01-03,2945306.0
2020-01-06,2984011.0
2020-01-07,2985654.0
2020-01-08,3077696.0
2020-01-09,3127088.0
2020-01-10,3106208.0
2020-01-13,3144958.0
2020-01-14,3123801.0
2020-01-15,3021702.0
2020-01-16,2989472.0
2020-01-17,2948434.0
2020-01-20,2913757.0
2020-01-21,2797971.0
2020-01-22,2670298.0
2020-01-23,2607678.0
2020-02-03,2388185.0
2020-02-04,2411282.0
2020-02-05,2451398.0
2020-02-06,2497289.0
2020-02-07,2502904.0
2020-02-10,2490274.0
2020-02-11,2497452.0
2020-02-12,2529419.0
2020-02-13,2558584.0
2020-02-14,2568669.0
2020-02-17,2585518.0
2020-02-18,2639868.0
2020-02-19,2666817.0
2020-02-20,2648327.0
2020-02-21,2658134.0
2020-02-24,2712964.0
2020-02-25,2693487.0
2020-02-26,2655076.0
2020-02-27,2642082.0
2020-02-28,2605435.0
2020-03-02,2730321.0
2020-03-03,2817005.0
2020-03-04,2812400.0
2020-03-05,2830314.0
2020-03-06,2835325.0
2020-03-09,2644602.0
2020-03-10,2599816.0
2020-03-11,2612860.0
2020-03-12,2576232.0
2020-03-13,2496830.0
2020-03-16,2500654.0
2020-03-17,2467977.0
2020-03-18,2439059.0
2020-03-19,2399666.0
2020-03-20,2339983.0
2020-03-23,2355026.0
2020-03-24,2304453.0
2020-03-25,2413872.0
2020-03-26,2422610.0
2020-03-27,2453634.0
2020-03-30,2573173.0
2020-03-31,2581031.0
2020-04-01,2483712.0
2020-04-02,2478577.0
2020-04-03,2388590.0
2020-04-07,2385863.0
2020-04-08,2437542.0
2020-04-09,2439134.0
2020-04-10,2365943.0
2020-04-13,2374983.0
2020-04-14,2334489.0
2020-04-15,2362157.0
2020-04-16,2360498.0
2020-04-17,2323391.0
2020-04-20,2252661.0
2020-04-21,2191022.0
2020-04-22,2187103.0
2020-04-23,2187298.0
2020-04-24,2189789.0
2020-04-27,2212230.0
2020-04-28,2224940.0
2020-04-29,2243049.0
2020-04-30,2194797.0
2020-05-06,2175506.0
2020-05-07,2196347.0
2020-05-08,2232077.0
2020-05-11,2252935.0
2020-05-12,2258031.0
2020-05-13,2290053.0
2020-05-14,2338124.0
2020-05-15,2314437.0
2020-05-18,2230526.0
2020-05-19,2238393.0
2020-05-20,2275998.0
2020-05-21,2274584.0
2020-05-22,2221024.0
2020-05-25,2287457.0
2020-05-26,2302137.0
2020-05-27,2358543.0
2020-05-28,2341232.0
2020-05-29,2328120.0
2020-06-01,2374667.0
2020-06-02,2441795.0
2020-06-03,2422453.0
2020-06-04,2501737.0
2020-06-05,2532650.0
2020-06-08,2526140.0
2020-06-09,2527373.0
2020-06-10,2549608.0
2020-06-11,2509606.0
2020-06-12,2433305.0
2020-06-15,2420159.0
2020-06-16,2411431.0
2020-06-17,2411116.0
2020-06-18,2397348.0
2020-06-19,2401073.0
2020-06-22,2343527.0
2020-06-23,2287848.0
2020-06-24,2243829.0
2020-06-29,2269949.0
2020-06-30,2272298.0
2020-07-01,2356570.0
2020-07-02,2368198.0
2020-07-03,2379633.0
2020-07-06,2398996.0
2020-07-07,2373654.0
2020-07-08,2350036.0
2020-07-09,2410165.0
2020-07-10,2392750.0
2020-07-13,2376905.0
2020-07-14,2388556.0
2020-07-15,2404528.0
2020-07-16,2363259.0
2020-07-17,2363742.0
2020-07-20,2414589.0
2020-07-21,2427871.0
2020-07-22,2458173.0
2020-07-23,2472465.0
2020-07-24,2507849.0
2020-07-27,2556324.0
2020-07-28,2541198.0
2020-07-29,2513510.0
2020-07-30,2510643.0
2020-07-31,2440552.0
2020-08-03,2503189.0
2020-08-04,2544289.0
2020-08-05,2570360.0
2020-08-06,2586598.0
2020-08-07,2591218.0
2020-08-10,2548845.0
2020-08-11,2536465.0
2020-08-12,2518966.0
2020-08-13,2495279.0
2020-08-14,2455728.0
2020-08-17,2427331.0
2020-08-18,2380225.0
2020-08-19,2380895.0
2020-08-20,2344463.0
2020-08-21,2291142.0
2020-08-24,2262277.0
2020-08-25,2244013.0
2020-08-26,2257294.0
2020-08-27,2244811.0
2020-08-28,2242543.0
2020-08-31,2237241.0
2020-09-01,2226489.0
2020-09-02,2259934.0
2020-09-03,2251348.0
2020-09-04,2256701.0
2020-09-07,2270829.0
2020-09-08,2319725.0
2020-09-09,2243259.0
2020-09-10,2285747.0
2020-09-11,2450723.0
2020-09-14,2499087.0
2020-09-15,2558783.0
2020-09-16,2532465.0
2020-09-17,2538941.0
2020-09-18,2605710.0
2020-09-21,2632265.0
2020-09-22,2591505.0
2020-09-23,2532423.0
2020-09-24,2505879.0
2020-09-25,2437556.0
2020-09-28,2431410.0
2020-09-29,2378674.0
2020-09-30,2314195.0
2020-10-09,2422512.0
2020-10-12,2573749.0
2020-10-13,2605625.0
2020-10-14,2619889.0
2020-10-15,2601229.0
2020-10-16,2651134.0
2020-10-19,2666745.0
2020-10-20,2753053.0
2020-10-21,2781405.0
2020-10-22,2778881.0
2020-10-23,2742558.0
2020-10-26,2689670.0
2020-10-27,2679803.0
2020-10-28,2680861.0
2020-10-29,2605572.0
2020-10-30,2613021.0
2020-11-02,2621183.0
2020-11-03,2643916.0
2020-11-04,2634746.0
2020-11-05,2710320.0
2020-11-06,2742947.0
2020-11-09,2711129.0
2020-11-10,2707112.0
2020-11-11,2723111.0
2020-11-12,2756658.0
2020-11-13,2759853.0
2020-11-16,2727314.0
2020-11-17,2721041.0
2020-11-18,2709394.0
2020-11-19,2733253.0
2020-11-20,2764838.0
2020-11-23,2825922.0
2020-11-24,2800891.0
2020-11-25,2786742.0
2020-11-26,2811802.0
2020-11-27,2789698.0
2020-11-30,2729779.0
2020-12-01,2719748.0
2020-12-02,2707996.0
2020-12-03,2672390.0
2020-12-04,2672305.0
2020-12-07,2651392.0
2020-12-08,2644190.0
2020-12-09,2606830.0
2020-12-10,2567436.0
2020-12-11,2568116.0
2020-12-14,2520750.0
2020-12-15,2440901.0
2020-12-16,2397757.0
2020-12-17,2352357.0
2020-12-18,2302187.0
2020-12-21,2290675.0
2020-12-22,2267440.0
2020-12-23,2261259.0
2020-12-24,2276523.0
2020-12-25,2268524.0
2020-12-28,2258761.0
2020-12-29,2231287.0
2020-12-30,2246785.0
2020-12-31,2304861.0
2021-01-04,2349273.0
2021-01-05,2353081.0
2021-01-06,2429906.0
2021-01-07,2444965.0
2021-01-08,2474928.0
2021-01-11,2506191.0
2021-01-12,2550700.0
2021-01-13,2574606.0
2021-01-14,2538358.0
2021-01-15,2533434.0
2021-01-18,2522795.0
2021-01-19,2509468.0
2021-01-20,2426757.0
2021-01-21,2447271.0
2021-01-22,2383502.0
2021-01-25,2341440.0
2021-01-26,2346260.0
2021-01-27,2367716.0
2021-01-28,2365913.0
2021-01-29,2346309.0
2021-02-01,2342380.0
2021-02-02,2382770.0
2021-02-03,2366923.0
2021-02-04,2384183.0
2021-02-05,2355561.0
2021-02-08,2323117.0
2021-02-09,2308144.0
2021-02-10,2277593.0
2021-02-18,2313112.0
2021-02-19,2389724.0
2021-02-22,2446231.0
2021-02-23,2481103.0
2021-02-24,2460350.0
2021-02-25,2463718.0
2021-02-26,2437896.0
2021-03-01,2423447.0
2021-03-02,2442680.0
2021-03-03,2404112.0
2021-03-04,2430199.0
2021-03-05,2408231.0
2021-03-08,2375704.0
2021-03-09,2398240.0
2021-03-10,2420170.0
2021-03-11,2410920.0
2021-03-12,2402097.0
2021-03-15,2353943.0
2021-03-16,2335446.0
2021-03-17,2286019.0
2021-03-18,2276472.0
2021-03-19,2260570.0
2021-03-22,2278703.0
2021-03-23,2285392.0
2021-03-24,2336211.0
2021-03-25,2322614.0
2021-03-26,2326444.0
2021-03-29,2329480.0
2021-03-30,2298989.0
2021-03-31,2267327.0
2021-04-01,2299125.0
2021-04-02,2327412.0
2021-04-06,2349564.0
2021-04-07,2410537.0
2021-04-08,2378379.0
2021-04-09,2395433.0
2021-04-12,2371438.0
2021-04-13,2362159.0
2021-04-14,2371318.0
2021-04-15,2356360.0
2021-04-16,2281208.0
2021-04-19,2294367.0
2021-04-20,2305789.0
2021-04-21,2302890.0
2021-04-22,2314811.0
2021-04-23,2310773.0
2021-04-26,2274658.0
2021-04-27,2285411.0
2021-04-28,2203600.0
2021-04-29,2144538.0
2021-04-30,2059686.0
2021-05-06,2126163.0
2021-05-07,2177628.0
2021-05-10,2147801.0
2021-05-11,2107598.0
2021-05-12,2086697.0
2021-05-13,2030884.0
2021-05-14,2015680.0
2021-05-17,2054341.0
2021-05-18,2059910.0
2021-05-19,2073766.0
2021-05-20,2069681.0
2021-05-21,2063571.0
2021-05-24,2050030.0
2021-05-25,2039888.0
2021-05-26,2013308.0
2021-05-27,2033730.0
2021-05-28,1981242.0
2021-05-31,1988048.0
2021-06-01,1977923.0
2021-06-02,1965533.0
2021-06-03,2016562.0
2021-06-04,2010267.0
2021-06-07,2019813.0
2021-06-08,1968540.0
2021-06-09,2016556.0
2021-06-10,2029127.0
2021-06-11,2037678.0
2021-06-15,2038498.0
2021-06-16,2024896.0
2021-06-17,2004462.0
2021-06-18,1963148.0
2021-06-21,1983125.0
2021-06-22,2007125.0
2021-06-23,2050582.0
2021-06-24,2046470.0
2021-06-25,2049110.0
2021-06-28,2022428.0
2021-06-29,1993605.0
2021-06-30,1995200.0
2021-07-01,2031082.0
2021-07-02,2130763.0
2021-07-05,2110126.0
2021-07-06,2107083.0
2021-07-07,2084434.0
2021-07-08,2117841.0
2021-07-09,2115565.0
2021-07-12,2139088.0
2021-07-13,2150870.0
2021-07-14,2152592.0
2021-07-15,2180853.0
2021-07-16,2174662.0
2021-07-19,2172847.0
2021-07-20,2159046.0
2021-07-21,2128001.0
2021-07-22,2086637.0
2021-07-23,2089919.0
2021-07-26,2067547.0
2021-07-27,2100263.0
2021-07-28,2102400.0
2021-07-29,2086178.0
2021-07-30,2087455.0
2021-08-02,2092679.0
2021-08-03,2128242.0
2021-08-04,2124936.0
2021-08-05,2139391.0
2021-08-06,2160757.0
2021-08-09,2138635.0
2021-08-10,2132960.0
2021-08-11,2146889.0
2021-08-12,2143302.0
2021-08-13,2222913.0
2021-08-16,2252867.0
2021-08-17,2249425.0
2021-08-18,2213701.0
2021-08-19,2107049.0
2021-08-20,2100066.0
2021-08-23,2161232.0
2021-08-24,2220099.0
2021-08-25,2238458.0
2021-08-26,2218793.0
2021-08-27,2213192.0
2021-08-30,2188398.0
2021-08-31,2180543.0
2021-09-01,2155579.0
2021-09-02,2109826.0
2021-09-03,2129933.0
2021-09-06,2167912.0
2021-09-07,2138645.0
2021-09-08,2154951.0
2021-09-09,2232617.0
2021-09-10,2243908.0
2021-09-13,2199383.0
2021-09-14,2234801.0
2021-09-15,2244890.0
2021-09-16,2269395.0
2021-09-17,2240484.0
2021-09-22,2225306.0
2021-09-23,2224340.0
2021-09-24,2232775.0
2021-09-27,2204485.0
2021-09-28,2148890.0
2021-09-29,2106420.0
2021-09-30,2068934.0
2021-10-08,2182963.0
2021-10-11,2299227.0
2021-10-12,2303116.0
2021-10-13,2353498.0
2021-10-14,2329119.0
2021-10-15,2366419.0
2021-10-18,2341270.0
2021-10-19,2342095.0
2021-10-20,2348938.0
2021-10-21,2363251.0
2021-10-22,2319469.0
2021-10-25,2375527.0
2021-10-26,2418952.0
2021-10-27,2441334.0
2021-10-28,2458516.0
2021-10-29,2505566.0
2021-11-01,2481889.0
2021-11-02,2465388.0
2021-11-03,2474979.0
2021-11-04,2475504.0
2021-11-05,2474949.0
2021-11-08,2430540.0
2021-11-09,2436123.0
2021-11-10,2396093.0
2021-11-11,2392421.0
2021-11-12,2337007.0
2021-11-15,2329425.0
2021-11-16,2362201.0
2021-11-17,2337680.0
2021-11-18,2343031.0
2021-11-19,2350870.0
2021-11-22,2300310.0
2021-11-23,2365496.0
2021-11-24,2362865.0
2021-11-25,2344915.0
2021-11-26,2331460.0
2021-11-29,2305906.0
2021-11-30,2298789.0
2021-12-01,2288689.0
2021-12-02,2309200.0
2021-12-03,2388542.0
2021-12-06,2366562.0
2021-12-07,2322842.0
2021-12-08,2252388.0
2021-12-09,2286030.0
2021-12-10,2329809.0
2021-12-13,2322363.0
2021-12-14,2234546.0
2021-12-15,2251444.0
2021-12-16,2245312.0
2021-12-17,2249752.0
2021-12-20,2178764.0
2021-12-21,2188254.0
2021-12-22,2191783.0
2021-12-23,2255752.0
2021-12-24,2250813.0
2021-12-27,2202964.0
2021-12-28,2227456.0
2021-12-29,2220531.0
2021-12-30,2235528.0
2021-12-31,2214455.0
2022-01-04,2226081.0
2022-01-05,2251553.0
2022-01-06,2224582.0
2022-01-07,2207966.0
2022-01-10,2184783.0
2022-01-11,2189924.0
2022-01-12,2197409.0
2022-01-13,2212991.0
2022-01-14,2246639.0
2022-01-17,2262656.0
2022-01-18,2278664.0
2022-01-19,2284330.0
2022-01-20,2242282.0
2022-01-21,2183308.0
2022-01-24,2212442.0
2022-01-25,2177196.0
2022-01-26,2161572.0
2022-01-27,2167452.0
2022-01-28,2109990.0
2022-02-07,2091032.0
2022-02-08,2218681.0
2022-02-09,2393385.0
2022-02-10,2453229.0
2022-02-11,2453588.0
2022-02-14,2463809.0
2022-02-15,2464887.0
2022-02-16,2490850.0
2022-02-17,2537603.0
2022-02-18,2529857.0
2022-02-21,2560083.0
2022-02-22,2624276.0
2022-02-23,2672550.0
2022-02-24,2661283.0
2022-02-25,2608473.0
2022-02-28,2541733.0
2022-03-01,2550170.0
2022-03-02,2541235.0
2022-03-03,2490383.0
2022-03-04,2505551.0
2022-03-07,2589111.0
2022-03-08,2622117.0
2022-03-09,2582473.0
2022-03-10,2562738.0
2022-03-11,2615386.0
2022-03-14,2673313.0
2022-03-15,2674714.0
2022-03-16,2695783.0
2022-03-17,2677677.0
2022-03-18,2806316.0
2022-03-21,2901946.0
2022-03-22,3019465.0
2022-03-23,3007895.0
2022-03-24,3019084.0
2022-03-25,2932026.0
2022-03-28,2856250.0
2022-03-29,2757027.0
2022-03-30,2658106.0
2022-03-31,2589737.0
2022-04-01,2381481.0
2022-04-06,2352468.0
2022-04-07,2318358.0
2022-04-08,2264629.0
2022-04-11,2303451.0
2022-04-12,2250565.0
2022-04-13,2256451.0
2022-04-14,2243887.0
2022-04-15,2219297.0
2022-04-18,2166700.0
2022-04-19,2180998.0
2022-04-20,2193152.0
2022-04-21,2228576.0
2022-04-22,2156131.0
2022-04-25,2050521.0
2022-04-26,2047923.0
2022-04-27,1999451.0
2022-04-28,2028452.0
2022-04-29,1982488.0
2022-05-05,2018142.0
2022-05-06,1964749.0
2022-05-09,1947299.0
2022-05-10,1947415.0
2022-05-11,1976581.0
2022-05-12,1991796.0
2022-05-13,2040860.0
2022-05-16,2075367.0
2022-05-17,2084562.0
2022-05-18,2119134.0
2022-05-19,2117788.0
2022-05-20,2190777.0
2022-05-23,2233515.0
2022-05-24,2182114.0
2022-05-25,2170256.0
2022-05-26,2184773.0
2022-05-27,2207102.0
2022-05-30,2233033.0
2022-05-31,2252578.0
2022-06-01,2204054.0
2022-06-02,2166132.0
2022-06-06,2151838.0
2022-06-07,2134401.0
2022-06-08,2184949.0
2022-06-09,2193191.0
2022-06-10,2259560.0
2022-06-13,2161667.0
2022-06-14,2138491.0
2022-06-15,2126881.0
2022-06-16,2110023.0
2022-06-17,2151660.0
2022-06-20,2152080.0
2022-06-21,2148345.0
2022-06-22,2136108.0
2022-06-23,2109968.0
2022-06-24,2095426.0
2022-06-27,2020022.0
2022-06-28,2000470.0
2022-06-29,1990748.0
2022-06-30,1962041.0
2022-07-01,1950095.0
2022-07-04,1958951.0
2022-07-05,1997703.0
2022-07-06,2068801.0
2022-07-07,2037693.0
2022-07-08,2065983.0
2022-07-11,2109343.0
2022-07-12,2104689.0
2022-07-13,2099460.0
2022-07-14,2114488.0
2022-07-15,2091690.0
2022-07-18,2104036.0
2022-07-19,2077017.0
2022-07-20,2005522.0
2022-07-21,2021436.0
2022-07-22,2021177.0
2022-07-25,1989576.0
2022-07-26,1988127.0
2022-07-27,2017616.0
2022-07-28,2039638.0
2022-07-29,2033391.0
2022-08-01,2040586.0
2022-08-02,1959572.0
2022-08-03,1947617.0
2022-08-04,1970250.0
2022-08-05,2038506.0
2022-08-08,2006076.0
2022-08-09,2012553.0
2022-08-10,2026109.0
2022-08-11,2019208.0
2022-08-12,2058850.0
2022-08-15,1975450.0
2022-08-16,1891411.0
2022-08-17,1847444.0
2022-08-18,1796708.0
2022-08-19,1801053.0
2022-08-22,1779785.0
2022-08-23,1883143.0
2022-08-24,1899364.0
2022-08-25,1852920.0
2022-08-26,1830022.0
2022-08-29,1801693.0
2022-08-30,1773676.0
2022-08-31,1783144.0
2022-09-01,1832564.0
2022-09-02,1904421.0
2022-09-05,1954911.0
2022-09-06,1935898.0
2022-09-07,2006551.0
2022-09-08,2006798.0
2022-09-09,1997443.0
2022-09-13,2079246.0
2022-09-14,2106105.0
2022-09-15,2073337.0
2022-09-16,2079070.0
2022-09-19,2086028.0
2022-09-20,2109759.0
2022-09-21,2152181.0
2022-09-22,2180817.0
2022-09-23,2173947.0
2022-09-26,2147744.0
2022-09-27,2138713.0
2022-09-28,2129536.0
2022-09-29,2188365.0
2022-09-30,2099432.0
2022-10-10,2157603.0
2022-10-11,2211873.0
2022-10-12,2276130.0
2022-10-13,2399361.0
2022-10-14,2572260.0
2022-10-17,2487118.0
2022-10-18,2428189.0
2022-10-19,2431401.0
2022-10-20,2435598.0
2022-10-21,2425402.0
2022-10-24,2471365.0
2022-10-25,2475466.0
2022-10-26,2533260.0
2022-10-27,2586073.0
2022-10-28,2557339.0
2022-10-31,2549720.0
2022-11-01,2679096.0
2022-11-02,2696034.0
2022-11-03,2661851.0
2022-11-04,2629365.0
2022-11-07,2620398.0
2022-11-08,2654364.0
2022-11-09,2662722.0
2022-11-10,2692784.0
2022-11-11,2660103.0
