trading_date,OI_total_oi
2013-11-05,336804.0
2013-11-06,342266.0
2013-11-07,340538.0
2013-11-08,314478.0
2013-11-11,305736.0
2013-11-12,332588.0
2013-11-13,334304.0
2013-11-14,366150.0
2013-11-15,388134.0
2013-11-18,358868.0
2013-11-19,359794.0
2013-11-20,364704.0
2013-11-21,366898.0
2013-11-22,340704.0
2013-11-25,336908.0
2013-11-26,330606.0
2013-11-27,321418.0
2013-11-28,324176.0
2013-11-29,323814.0
2013-12-02,310544.0
2013-12-03,306564.0
2013-12-04,314438.0
2013-12-05,311700.0
2013-12-06,306654.0
2013-12-09,307562.0
2013-12-10,310404.0
2013-12-11,320822.0
2013-12-12,324308.0
2013-12-13,316052.0
2013-12-16,325672.0
2013-12-17,319708.0
2013-12-18,306144.0
2013-12-19,303212.0
2013-12-20,300848.0
2013-12-23,303778.0
2013-12-24,304792.0
2013-12-25,323346.0
2013-12-26,324696.0
2013-12-27,317990.0
2013-12-30,316322.0
2013-12-31,323020.0
2014-01-02,332378.0
2014-01-03,323744.0
2014-01-06,312764.0
2014-01-07,316522.0
2014-01-08,314666.0
2014-01-09,314438.0
2014-01-10,319392.0
2014-01-13,315658.0
2014-01-14,315816.0
2014-01-15,312042.0
2014-01-16,320982.0
2014-01-17,320778.0
2014-01-20,340492.0
2014-01-21,354304.0
2014-01-22,354494.0
2014-01-23,359670.0
2014-01-24,359236.0
2014-01-27,351926.0
2014-01-28,352072.0
2014-01-29,344152.0
2014-01-30,331734.0
2014-02-07,294856.0
2014-02-10,305998.0
2014-02-11,319184.0
2014-02-12,324804.0
2014-02-13,333834.0
2014-02-14,338336.0
2014-02-17,340798.0
2014-02-18,345214.0
2014-02-19,328054.0
2014-02-20,322272.0
2014-02-21,318504.0
2014-02-24,312532.0
2014-02-25,305332.0
2014-02-26,303212.0
2014-02-27,302432.0
2014-02-28,292668.0
2014-03-03,295324.0
2014-03-04,292806.0
2014-03-05,300246.0
2014-03-06,295184.0
2014-03-07,288234.0
2014-03-10,275106.0
2014-03-11,269774.0
2014-03-12,264092.0
2014-03-13,273338.0
2014-03-14,267878.0
2014-03-17,284590.0
2014-03-18,331914.0
2014-03-19,366202.0
2014-03-20,375572.0
2014-03-21,363778.0
2014-03-24,364750.0
2014-03-25,350692.0
2014-03-26,348702.0
2014-03-27,349274.0
2014-03-28,347054.0
2014-03-31,342312.0
2014-04-01,335288.0
2014-04-02,323166.0
2014-04-03,318782.0
2014-04-04,319554.0
2014-04-08,323776.0
2014-04-09,317872.0
2014-04-10,318992.0
2014-04-11,312956.0
2014-04-14,306996.0
2014-04-15,302684.0
2014-04-16,304760.0
2014-04-17,302752.0
2014-04-18,298698.0
2014-04-21,294034.0
2014-04-22,291734.0
2014-04-23,285250.0
2014-04-24,283496.0
2014-04-25,283652.0
2014-04-28,277102.0
2014-04-29,313698.0
2014-04-30,327384.0
2014-05-05,315656.0
2014-05-06,308856.0
2014-05-07,309652.0
2014-05-08,313280.0
2014-05-09,308982.0
2014-05-12,300590.0
2014-05-13,273936.0
2014-05-14,269710.0
2014-05-15,273114.0
2014-05-16,265940.0
2014-05-19,273756.0
2014-05-20,273652.0
2014-05-21,277368.0
2014-05-22,274814.0
2014-05-23,282438.0
2014-05-26,283894.0
2014-05-27,274724.0
2014-05-28,282346.0
2014-05-29,277796.0
2014-05-30,277538.0
2014-06-03,275428.0
2014-06-04,286368.0
2014-06-05,294896.0
2014-06-06,306018.0
2014-06-09,305476.0
2014-06-10,292572.0
2014-06-11,289706.0
2014-06-12,282008.0
2014-06-13,297930.0
2014-06-16,308192.0
2014-06-17,322014.0
2014-06-18,318742.0
2014-06-19,308550.0
2014-06-20,307394.0
2014-06-23,299212.0
2014-06-24,301488.0
2014-06-25,307034.0
2014-06-26,310056.0
2014-06-27,306262.0
2014-06-30,305706.0
2014-07-01,305526.0
2014-07-02,306362.0
2014-07-03,302772.0
2014-07-04,300692.0
2014-07-07,294072.0
2014-07-08,289742.0
2014-07-09,293010.0
2014-07-10,314762.0
2014-07-11,321052.0
2014-07-14,312362.0
2014-07-15,298234.0
2014-07-16,295968.0
2014-07-17,292534.0
2014-07-18,284586.0
2014-07-21,303724.0
2014-07-22,315472.0
2014-07-23,305598.0
2014-07-24,315318.0
2014-07-25,306804.0
2014-07-28,311344.0
2014-07-29,315046.0
2014-07-30,313568.0
2014-07-31,310212.0
2014-08-01,302940.0
2014-08-04,295528.0
2014-08-05,301214.0
2014-08-06,304560.0
2014-08-07,301972.0
2014-08-08,303100.0
2014-08-11,296750.0
2014-08-12,287692.0
2014-08-13,291852.0
2014-08-14,296556.0
2014-08-15,291930.0
2014-08-18,297728.0
2014-08-19,295906.0
2014-08-20,297926.0
2014-08-21,300476.0
2014-08-22,302374.0
2014-08-25,301118.0
2014-08-26,301120.0
2014-08-27,305178.0
2014-08-28,301008.0
2014-08-29,294982.0
2014-09-01,289772.0
2014-09-02,289656.0
2014-09-03,285790.0
2014-09-04,282910.0
2014-09-05,281218.0
2014-09-09,281452.0
2014-09-10,286190.0
2014-09-11,284868.0
2014-09-12,282560.0
2014-09-15,283962.0
2014-09-16,277788.0
2014-09-17,273158.0
2014-09-18,266622.0
2014-09-19,253300.0
2014-09-22,241802.0
2014-09-23,243822.0
2014-09-24,248856.0
2014-09-25,243834.0
2014-09-26,243594.0
2014-09-29,223204.0
2014-09-30,217504.0
2014-10-08,226666.0
2014-10-09,236744.0
2014-10-10,231808.0
2014-10-13,232960.0
2014-10-14,235858.0
2014-10-15,234220.0
2014-10-16,224906.0
2014-10-17,217278.0
2014-10-20,229012.0
2014-10-21,226940.0
2014-10-22,214100.0
2014-10-23,215002.0
2014-10-24,214568.0
2014-10-27,217758.0
2014-10-28,214020.0
2014-10-29,210796.0
2014-10-30,193556.0
2014-10-31,192950.0
2014-11-03,193400.0
2014-11-04,192926.0
2014-11-05,180896.0
2014-11-06,177626.0
2014-11-07,179120.0
2014-11-10,182616.0
2014-11-11,184868.0
2014-11-12,191082.0
2014-11-13,195940.0
2014-11-14,206008.0
2014-11-17,208954.0
2014-11-18,197166.0
2014-11-19,208494.0
2014-11-20,205026.0
2014-11-21,200320.0
2014-11-24,198470.0
2014-11-25,202804.0
2014-11-26,203806.0
2014-11-27,197538.0
2014-11-28,187672.0
2014-12-01,175320.0
2014-12-02,163686.0
2014-12-03,177248.0
2014-12-04,177266.0
2014-12-05,187894.0
2014-12-08,192772.0
2014-12-09,188470.0
2014-12-10,186850.0
2014-12-11,188674.0
2014-12-12,184026.0
2014-12-15,174014.0
2014-12-16,171678.0
2014-12-17,168904.0
2014-12-18,166420.0
2014-12-19,169948.0
2014-12-22,166472.0
2014-12-23,161178.0
2014-12-24,160718.0
2014-12-25,160382.0
2014-12-26,157108.0
2014-12-29,158202.0
2014-12-30,157330.0
2014-12-31,155672.0
2015-01-05,155572.0
2015-01-06,159530.0
2015-01-07,157234.0
2015-01-08,175624.0
2015-01-09,178088.0
2015-01-12,177840.0
2015-01-13,180468.0
2015-01-14,180492.0
2015-01-15,195186.0
2015-01-16,197970.0
2015-01-19,192728.0
2015-01-20,198964.0
2015-01-21,195708.0
2015-01-22,193790.0
2015-01-23,189636.0
2015-01-26,186476.0
2015-01-27,189958.0
2015-01-28,183670.0
2015-01-29,178288.0
2015-01-30,197482.0
2015-02-02,192742.0
2015-02-03,201782.0
2015-02-04,190236.0
2015-02-05,184530.0
2015-02-06,186100.0
2015-02-09,185318.0
2015-02-10,182452.0
2015-02-11,177940.0
2015-02-12,171712.0
2015-02-13,165804.0
2015-02-16,162838.0
2015-02-17,162120.0
2015-02-25,160328.0
2015-02-26,164040.0
2015-02-27,151242.0
2015-03-02,150320.0
2015-03-03,155508.0
2015-03-04,160544.0
2015-03-05,150096.0
2015-03-06,146200.0
2015-03-09,148896.0
2015-03-10,147768.0
2015-03-11,153686.0
2015-03-12,156712.0
2015-03-13,154236.0
2015-03-16,156018.0
2015-03-17,155960.0
2015-03-18,153534.0
2015-03-19,155528.0
2015-03-20,155066.0
2015-03-23,154194.0
2015-03-24,152788.0
2015-03-25,151776.0
2015-03-26,150482.0
2015-03-27,152556.0
2015-03-30,154176.0
2015-03-31,153978.0
2015-04-01,151300.0
2015-04-02,150536.0
2015-04-03,151028.0
2015-04-07,150990.0
2015-04-08,155002.0
2015-04-09,157940.0
2015-04-10,155974.0
2015-04-13,156236.0
2015-04-14,151620.0
2015-04-15,155102.0
2015-04-16,155304.0
2015-04-17,155740.0
2015-04-20,145692.0
2015-04-21,150224.0
2015-04-22,152510.0
2015-04-23,157822.0
2015-04-24,158112.0
2015-04-27,158116.0
2015-04-28,166374.0
2015-04-29,167784.0
2015-04-30,166446.0
2015-05-04,174222.0
2015-05-05,175522.0
2015-05-06,168552.0
2015-05-07,168786.0
2015-05-08,169650.0
2015-05-11,172276.0
2015-05-12,173820.0
2015-05-13,175460.0
2015-05-14,172984.0
2015-05-15,174250.0
2015-05-18,175024.0
2015-05-19,171834.0
2015-05-20,164548.0
2015-05-21,164982.0
2015-05-22,164988.0
2015-05-25,164278.0
2015-05-26,170654.0
2015-05-27,172530.0
2015-05-28,172006.0
2015-05-29,168530.0
2015-06-01,167260.0
2015-06-02,167140.0
2015-06-03,170852.0
2015-06-04,172268.0
2015-06-05,177364.0
2015-06-08,182772.0
2015-06-09,199804.0
2015-06-10,209858.0
2015-06-11,213670.0
2015-06-12,206124.0
2015-06-15,207998.0
2015-06-16,203108.0
2015-06-17,202352.0
2015-06-18,201952.0
2015-06-19,200112.0
2015-06-23,199248.0
2015-06-24,202856.0
2015-06-25,208614.0
2015-06-26,202168.0
2015-06-29,203690.0
2015-06-30,221832.0
2015-07-01,213674.0
2015-07-02,216370.0
2015-07-03,215836.0
2015-07-06,214898.0
2015-07-07,213706.0
2015-07-08,195280.0
2015-07-09,192302.0
2015-07-10,191936.0
2015-07-13,194240.0
2015-07-14,190398.0
2015-07-15,192092.0
2015-07-16,195052.0
2015-07-17,198674.0
2015-07-20,198474.0
2015-07-21,201412.0
2015-07-22,203786.0
2015-07-23,207212.0
2015-07-24,209158.0
2015-07-27,209072.0
2015-07-28,214440.0
2015-07-29,215176.0
2015-07-30,214714.0
2015-07-31,215072.0
2015-08-03,220262.0
2015-08-04,217726.0
2015-08-05,213406.0
2015-08-06,215532.0
2015-08-07,214108.0
2015-08-10,210742.0
2015-08-11,204016.0
2015-08-12,201636.0
2015-08-13,195248.0
2015-08-14,195116.0
2015-08-17,194970.0
2015-08-18,195342.0
2015-08-19,188528.0
2015-08-20,191254.0
2015-08-21,196322.0
2015-08-24,199264.0
2015-08-25,199786.0
2015-08-26,199338.0
2015-08-27,208384.0
2015-08-28,215030.0
2015-08-31,214126.0
2015-09-01,210502.0
2015-09-02,212738.0
2015-09-07,206564.0
2015-09-08,208830.0
2015-09-09,219568.0
2015-09-10,225066.0
2015-09-11,228262.0
2015-09-14,227772.0
2015-09-15,232776.0
2015-09-16,225642.0
2015-09-17,227236.0
2015-09-18,226382.0
2015-09-21,225228.0
2015-09-22,228458.0
2015-09-23,220228.0
2015-09-24,220138.0
2015-09-25,211836.0
2015-09-28,205068.0
2015-09-29,191734.0
2015-09-30,189916.0
2015-10-08,192952.0
2015-10-09,204592.0
2015-10-12,208938.0
2015-10-13,216094.0
2015-10-14,218026.0
2015-10-15,220720.0
2015-10-16,220478.0
2015-10-19,222836.0
2015-10-20,222448.0
2015-10-21,218676.0
2015-10-22,221758.0
2015-10-23,214908.0
2015-10-26,209546.0
2015-10-27,216574.0
2015-10-28,214614.0
2015-10-29,212110.0
2015-10-30,210422.0
2015-11-02,215214.0
2015-11-03,208500.0
2015-11-04,219052.0
2015-11-05,212540.0
2015-11-06,210040.0
2015-11-09,213596.0
2015-11-10,214750.0
2015-11-11,211682.0
2015-11-12,199754.0
2015-11-13,194606.0
2015-11-16,204110.0
2015-11-17,214248.0
2015-11-18,209690.0
2015-11-19,202740.0
2015-11-20,199798.0
2015-11-23,201664.0
2015-11-24,207544.0
2015-11-25,208170.0
2015-11-26,211994.0
2015-11-27,218098.0
2015-11-30,210428.0
2015-12-01,218504.0
2015-12-02,220926.0
2015-12-03,222904.0
2015-12-04,224496.0
2015-12-07,225968.0
2015-12-08,220566.0
2015-12-09,245406.0
2015-12-10,250270.0
2015-12-11,250658.0
2015-12-14,242610.0
2015-12-15,245440.0
2015-12-16,232068.0
2015-12-17,225382.0
2015-12-18,220806.0
2015-12-21,235416.0
2015-12-22,252862.0
2015-12-23,249746.0
2015-12-24,250334.0
2015-12-25,252892.0
2015-12-28,246020.0
2015-12-29,242584.0
2015-12-30,248226.0
2015-12-31,245096.0
2016-01-04,234054.0
2016-01-05,235822.0
2016-01-06,230112.0
2016-01-07,232092.0
2016-01-08,233390.0
2016-01-11,235288.0
2016-01-12,230764.0
2016-01-13,233560.0
2016-01-14,237564.0
2016-01-15,235022.0
2016-01-18,234742.0
2016-01-19,246312.0
2016-01-20,249508.0
2016-01-21,229656.0
2016-01-22,231688.0
2016-01-25,235496.0
2016-01-26,236924.0
2016-01-27,242736.0
2016-01-28,244846.0
2016-01-29,232056.0
2016-02-01,223562.0
2016-02-02,223560.0
2016-02-03,224258.0
2016-02-04,215452.0
2016-02-05,210436.0
2016-02-15,209226.0
2016-02-16,230854.0
2016-02-17,231010.0
2016-02-18,234872.0
2016-02-19,259208.0
2016-02-22,265150.0
2016-02-23,265258.0
2016-02-24,265830.0
2016-02-25,263028.0
2016-02-26,269000.0
2016-02-29,265714.0
2016-03-01,272126.0
2016-03-02,282292.0
2016-03-03,268922.0
2016-03-04,265088.0
2016-03-07,262178.0
2016-03-08,261354.0
2016-03-09,250374.0
2016-03-10,253290.0
2016-03-11,259330.0
2016-03-14,249196.0
2016-03-15,243932.0
2016-03-16,246044.0
2016-03-17,257650.0
2016-03-18,263778.0
2016-03-21,268488.0
2016-03-22,272950.0
2016-03-23,274488.0
2016-03-24,266084.0
2016-03-25,267706.0
2016-03-28,271104.0
2016-03-29,270342.0
2016-03-30,277330.0
2016-03-31,275876.0
2016-04-01,292406.0
2016-04-05,301546.0
2016-04-06,297246.0
2016-04-07,309452.0
2016-04-08,308842.0
2016-04-11,338050.0
2016-04-12,353964.0
2016-04-13,362270.0
2016-04-14,361906.0
2016-04-15,369614.0
2016-04-18,387676.0
2016-04-19,373506.0
2016-04-20,377744.0
2016-04-21,398618.0
2016-04-22,384144.0
2016-04-25,406074.0
2016-04-26,407168.0
2016-04-27,413600.0
2016-04-28,404134.0
2016-04-29,398778.0
2016-05-03,401704.0
2016-05-04,419790.0
2016-05-05,409800.0
2016-05-06,405762.0
2016-05-09,411710.0
2016-05-10,391644.0
2016-05-11,405108.0
2016-05-12,413288.0
2016-05-13,399734.0
2016-05-16,370406.0
2016-05-17,369570.0
2016-05-18,377736.0
2016-05-19,372638.0
2016-05-20,376340.0
2016-05-23,345786.0
2016-05-24,343302.0
2016-05-25,344988.0
2016-05-26,350976.0
2016-05-27,349228.0
2016-05-30,316910.0
2016-05-31,294804.0
2016-06-01,304036.0
2016-06-02,296004.0
2016-06-03,296214.0
2016-06-06,300434.0
2016-06-07,311442.0
2016-06-08,301604.0
2016-06-13,302730.0
2016-06-14,295266.0
2016-06-15,294992.0
2016-06-16,296862.0
2016-06-17,290292.0
2016-06-20,284404.0
2016-06-21,291850.0
2016-06-22,298980.0
2016-06-23,300996.0
2016-06-24,294316.0
2016-06-27,292548.0
2016-06-28,290630.0
2016-06-29,296314.0
2016-06-30,319836.0
2016-07-01,326872.0
2016-07-04,378778.0
2016-07-05,407084.0
2016-07-06,372330.0
2016-07-07,357638.0
2016-07-08,361920.0
2016-07-11,359270.0
2016-07-12,355128.0
2016-07-13,374706.0
2016-07-14,381422.0
2016-07-15,383718.0
2016-07-18,395232.0
2016-07-19,401998.0
2016-07-20,404072.0
2016-07-21,410106.0
2016-07-22,396388.0
2016-07-25,377860.0
2016-07-26,364034.0
2016-07-27,354402.0
2016-07-28,342902.0
2016-07-29,329934.0
2016-08-01,325724.0
2016-08-02,318474.0
2016-08-03,316686.0
2016-08-04,310500.0
2016-08-05,316534.0
2016-08-08,311100.0
2016-08-09,310980.0
2016-08-10,313742.0
2016-08-11,310282.0
2016-08-12,315332.0
2016-08-15,307288.0
2016-08-16,306306.0
2016-08-17,307574.0
2016-08-18,309612.0
2016-08-19,311932.0
2016-08-22,310378.0
2016-08-23,312516.0
2016-08-24,311356.0
2016-08-25,293206.0
2016-08-26,286918.0
2016-08-29,284850.0
2016-08-30,284062.0
2016-08-31,274770.0
2016-09-01,269810.0
2016-09-02,269430.0
2016-09-05,274070.0
2016-09-06,278082.0
2016-09-07,273364.0
2016-09-08,276276.0
2016-09-09,275996.0
2016-09-12,279846.0
2016-09-13,283088.0
2016-09-14,260794.0
2016-09-19,263566.0
2016-09-20,251580.0
2016-09-21,252404.0
2016-09-22,259658.0
2016-09-23,264600.0
2016-09-26,266088.0
2016-09-27,260470.0
2016-09-28,245898.0
2016-09-29,241466.0
2016-09-30,234830.0
2016-10-10,251442.0
2016-10-11,272468.0
2016-10-12,294914.0
2016-10-13,304668.0
2016-10-14,308150.0
2016-10-17,328064.0
2016-10-18,362002.0
2016-10-19,407970.0
2016-10-20,441612.0
2016-10-21,464788.0
2016-10-24,490834.0
2016-10-25,491050.0
2016-10-26,484036.0
2016-10-27,488844.0
2016-10-28,486814.0
2016-10-31,490994.0
2016-11-01,490884.0
2016-11-02,476248.0
2016-11-03,479988.0
2016-11-04,467268.0
2016-11-07,470664.0
2016-11-08,485102.0
2016-11-09,488400.0
2016-11-10,486262.0
2016-11-11,477570.0
2016-11-14,435202.0
2016-11-15,428862.0
2016-11-16,438038.0
2016-11-17,438018.0
2016-11-18,430740.0
2016-11-21,432478.0
2016-11-22,434282.0
2016-11-23,443562.0
2016-11-24,430798.0
2016-11-25,489310.0
2016-11-28,504410.0
2016-11-29,488668.0
2016-11-30,546678.0
2016-12-01,538148.0
2016-12-02,512200.0
2016-12-05,513870.0
2016-12-06,513930.0
2016-12-07,502320.0
2016-12-08,479254.0
2016-12-09,440766.0
2016-12-12,437920.0
2016-12-13,432384.0
2016-12-14,432104.0
2016-12-15,420716.0
2016-12-16,404390.0
2016-12-19,407186.0
2016-12-20,375842.0
2016-12-21,371292.0
2016-12-22,359452.0
2016-12-23,330512.0
2016-12-26,313048.0
2016-12-27,308616.0
2016-12-28,313402.0
2016-12-29,313728.0
2016-12-30,310286.0
2017-01-03,318618.0
2017-01-04,326120.0
2017-01-05,325062.0
2017-01-06,342336.0
2017-01-09,344042.0
2017-01-10,343510.0
2017-01-11,348386.0
2017-01-12,349228.0
2017-01-13,350126.0
2017-01-16,337496.0
2017-01-17,334142.0
2017-01-18,337846.0
2017-01-19,339878.0
2017-01-20,340386.0
2017-01-23,336990.0
2017-01-24,338548.0
2017-01-25,350284.0
2017-01-26,350554.0
2017-02-03,355494.0
2017-02-06,351044.0
2017-02-07,360062.0
2017-02-08,366314.0
2017-02-09,365402.0
2017-02-10,378076.0
2017-02-13,383880.0
2017-02-14,395416.0
2017-02-15,405466.0
2017-02-16,416862.0
2017-02-17,424496.0
2017-02-20,421698.0
2017-02-21,425964.0
2017-02-22,426366.0
2017-02-23,430214.0
2017-02-24,431264.0
2017-02-27,428862.0
2017-02-28,433712.0
2017-03-01,423450.0
2017-03-02,428950.0
2017-03-03,427972.0
2017-03-06,436230.0
2017-03-07,449214.0
2017-03-08,454534.0
2017-03-09,468712.0
2017-03-10,476048.0
2017-03-13,438394.0
2017-03-14,442832.0
2017-03-15,448742.0
2017-03-16,469932.0
2017-03-17,466704.0
2017-03-20,462572.0
2017-03-21,462880.0
2017-03-22,460176.0
2017-03-23,491382.0
2017-03-24,492274.0
2017-03-27,487642.0
2017-03-28,475180.0
2017-03-29,476342.0
2017-03-30,478868.0
2017-03-31,478946.0
2017-04-05,472296.0
2017-04-06,483002.0
2017-04-07,467880.0
2017-04-10,466126.0
2017-04-11,461550.0
2017-04-12,475836.0
2017-04-13,470566.0
2017-04-14,459438.0
2017-04-17,441098.0
2017-04-18,442052.0
2017-04-19,451596.0
2017-04-20,453610.0
2017-04-21,457678.0
2017-04-24,461478.0
2017-04-25,473000.0
2017-04-26,478774.0
2017-04-27,469286.0
2017-04-28,462230.0
2017-05-02,469182.0
2017-05-03,459852.0
2017-05-04,467182.0
2017-05-05,462464.0
2017-05-08,467666.0
2017-05-09,469300.0
2017-05-10,472446.0
2017-05-11,452274.0
2017-05-12,452488.0
2017-05-15,448604.0
2017-05-16,430482.0
2017-05-17,423242.0
2017-05-18,432516.0
2017-05-19,424528.0
2017-05-22,418274.0
2017-05-23,422048.0
2017-05-24,435644.0
2017-05-25,440042.0
2017-05-26,438128.0
2017-05-31,442768.0
2017-06-01,445394.0
2017-06-02,443000.0
2017-06-05,446772.0
2017-06-06,430918.0
2017-06-07,420866.0
2017-06-08,427984.0
2017-06-09,420204.0
2017-06-12,410474.0
2017-06-13,409210.0
2017-06-14,403694.0
2017-06-15,397346.0
2017-06-16,391952.0
2017-06-19,393508.0
2017-06-20,388846.0
2017-06-21,384912.0
2017-06-22,395994.0
2017-06-23,400622.0
2017-06-26,405586.0
2017-06-27,413400.0
2017-06-28,418976.0
2017-06-29,427256.0
2017-06-30,420112.0
2017-07-03,412786.0
2017-07-04,408682.0
2017-07-05,404486.0
2017-07-06,391024.0
2017-07-07,397028.0
2017-07-10,388928.0
2017-07-11,388290.0
2017-07-12,390408.0
2017-07-13,398184.0
2017-07-14,405134.0
2017-07-17,404458.0
2017-07-18,403030.0
2017-07-19,400624.0
2017-07-20,408800.0
2017-07-21,415776.0
2017-07-24,411252.0
2017-07-25,412970.0
2017-07-26,406504.0
2017-07-27,411810.0
2017-07-28,412048.0
2017-07-31,403632.0
2017-08-01,405650.0
2017-08-02,407450.0
2017-08-03,409242.0
2017-08-04,405872.0
2017-08-07,407356.0
2017-08-08,422794.0
2017-08-09,428852.0
2017-08-10,452752.0
2017-08-11,500580.0
2017-08-14,498666.0
2017-08-15,494608.0
2017-08-16,458078.0
2017-08-17,459258.0
2017-08-18,463096.0
2017-08-21,462860.0
2017-08-22,481020.0
2017-08-23,485144.0
2017-08-24,490194.0
2017-08-25,494988.0
2017-08-28,496226.0
2017-08-29,491418.0
2017-08-30,503418.0
2017-08-31,502760.0
2017-09-01,516812.0
2017-09-04,522094.0
2017-09-05,526184.0
2017-09-06,523878.0
2017-09-07,515208.0
2017-09-08,506464.0
2017-09-11,492376.0
2017-09-12,488534.0
2017-09-13,489000.0
2017-09-14,490806.0
2017-09-15,462830.0
2017-09-18,457756.0
2017-09-19,459656.0
2017-09-20,458586.0
2017-09-21,460246.0
2017-09-22,449138.0
2017-09-25,446908.0
2017-09-26,444174.0
2017-09-27,439010.0
2017-09-28,434956.0
2017-09-29,426746.0
2017-10-09,426662.0
2017-10-10,434880.0
2017-10-11,440928.0
2017-10-12,445100.0
2017-10-13,452198.0
2017-10-16,458378.0
2017-10-17,457064.0
2017-10-18,460608.0
2017-10-19,471482.0
2017-10-20,473996.0
2017-10-23,468894.0
2017-10-24,480866.0
2017-10-25,476470.0
2017-10-26,490892.0
2017-10-27,498444.0
2017-10-30,504732.0
2017-10-31,493194.0
2017-11-01,499674.0
2017-11-02,502384.0
2017-11-03,496654.0
2017-11-06,491042.0
2017-11-07,500966.0
2017-11-08,494570.0
2017-11-09,492004.0
2017-11-10,475730.0
2017-11-13,476344.0
2017-11-14,467792.0
2017-11-15,448684.0
2017-11-16,449038.0
2017-11-17,446922.0
2017-11-20,447866.0
2017-11-21,445342.0
2017-11-22,446146.0
2017-11-23,439792.0
2017-11-24,438932.0
2017-11-27,436216.0
2017-11-28,425010.0
2017-11-29,417498.0
2017-11-30,411506.0
2017-12-01,418340.0
2017-12-04,419616.0
2017-12-05,423038.0
2017-12-06,412990.0
2017-12-07,415680.0
2017-12-08,403978.0
2017-12-11,395724.0
2017-12-12,389660.0
2017-12-13,389932.0
2017-12-14,390812.0
2017-12-15,392296.0
2017-12-18,385140.0
2017-12-19,385054.0
2017-12-20,381812.0
2017-12-21,385500.0
2017-12-22,375116.0
2017-12-25,364478.0
2017-12-26,359442.0
2017-12-27,355910.0
2017-12-28,357564.0
2017-12-29,352096.0
2018-01-02,344250.0
2018-01-03,349952.0
2018-01-04,348242.0
2018-01-05,356080.0
2018-01-08,362068.0
2018-01-09,363374.0
2018-01-10,364910.0
2018-01-11,372630.0
2018-01-12,378038.0
2018-01-15,391006.0
2018-01-16,388790.0
2018-01-17,387650.0
2018-01-18,399296.0
2018-01-19,413438.0
2018-01-22,419846.0
2018-01-23,425410.0
2018-01-24,425882.0
2018-01-25,430438.0
2018-01-26,434208.0
2018-01-29,438044.0
2018-01-30,443964.0
2018-01-31,436834.0
2018-02-01,436816.0
2018-02-02,444622.0
2018-02-05,448834.0
2018-02-06,446658.0
2018-02-07,455854.0
2018-02-08,453762.0
2018-02-09,458016.0
2018-02-12,457850.0
2018-02-13,450476.0
2018-02-14,445114.0
2018-02-22,441202.0
2018-02-23,438130.0
2018-02-26,434086.0
2018-02-27,433164.0
2018-02-28,439512.0
2018-03-01,442880.0
2018-03-02,433868.0
2018-03-05,445956.0
2018-03-06,450332.0
2018-03-07,455968.0
2018-03-08,455368.0
2018-03-09,449898.0
2018-03-12,455376.0
2018-03-13,474382.0
2018-03-14,480756.0
2018-03-15,481494.0
2018-03-16,484130.0
2018-03-19,503430.0
2018-03-20,505516.0
2018-03-21,500522.0
2018-03-22,501964.0
2018-03-23,488030.0
2018-03-26,472004.0
2018-03-27,479532.0
2018-03-28,479044.0
2018-03-29,481640.0
2018-03-30,474140.0
2018-04-02,465152.0
2018-04-03,456866.0
2018-04-04,445584.0
2018-04-09,440128.0
2018-04-10,434262.0
2018-04-11,423540.0
2018-04-12,421940.0
2018-04-13,420458.0
2018-04-16,415620.0
2018-04-17,414804.0
2018-04-18,412964.0
2018-04-19,414314.0
2018-04-20,412894.0
2018-04-23,419162.0
2018-04-24,423024.0
2018-04-25,423186.0
2018-04-26,419428.0
2018-04-27,408640.0
2018-05-02,412076.0
2018-05-03,419292.0
2018-05-04,428224.0
2018-05-07,438738.0
2018-05-08,443280.0
2018-05-09,483490.0
2018-05-10,490582.0
2018-05-11,489866.0
2018-05-14,487842.0
2018-05-15,485344.0
2018-05-16,455164.0
2018-05-17,449450.0
2018-05-18,476520.0
2018-05-21,539454.0
2018-05-22,578906.0
2018-05-23,588710.0
2018-05-24,628992.0
2018-05-25,632918.0
2018-05-28,632862.0
2018-05-29,682424.0
2018-05-30,755974.0
2018-05-31,821860.0
2018-06-01,833670.0
2018-06-04,823846.0
2018-06-05,738242.0
2018-06-06,736782.0
2018-06-07,740360.0
2018-06-08,710244.0
2018-06-11,690770.0
2018-06-12,688596.0
2018-06-13,672294.0
2018-06-14,668984.0
2018-06-15,672608.0
2018-06-19,608116.0
2018-06-20,599382.0
2018-06-21,600992.0
2018-06-22,587704.0
2018-06-25,583332.0
2018-06-26,573016.0
2018-06-27,553072.0
2018-06-28,557124.0
2018-06-29,562532.0
2018-07-02,556984.0
2018-07-03,559812.0
2018-07-04,558732.0
2018-07-05,557814.0
2018-07-06,559134.0
2018-07-09,562678.0
2018-07-10,567588.0
2018-07-11,571290.0
2018-07-12,575216.0
2018-07-13,576790.0
2018-07-16,577896.0
2018-07-17,573870.0
2018-07-18,574004.0
2018-07-19,568546.0
2018-07-20,567490.0
2018-07-23,556956.0
2018-07-24,560208.0
2018-07-25,558158.0
2018-07-26,567796.0
2018-07-27,569254.0
2018-07-30,579196.0
2018-07-31,586004.0
2018-08-01,571726.0
2018-08-02,569270.0
2018-08-03,570122.0
2018-08-06,572898.0
2018-08-07,588794.0
2018-08-08,591198.0
2018-08-09,596574.0
2018-08-10,595798.0
2018-08-13,567936.0
2018-08-14,566054.0
2018-08-15,583044.0
2018-08-16,561816.0
2018-08-17,587596.0
2018-08-20,597132.0
2018-08-21,583124.0
2018-08-22,583252.0
2018-08-23,572516.0
2018-08-24,570636.0
2018-08-27,566584.0
2018-08-28,566144.0
2018-08-29,555192.0
2018-08-30,547374.0
2018-08-31,540510.0
2018-09-03,547482.0
2018-09-04,552454.0
2018-09-05,558986.0
2018-09-06,566230.0
2018-09-07,568804.0
2018-09-10,578198.0
2018-09-11,573322.0
2018-09-12,577532.0
2018-09-13,573946.0
2018-09-14,574774.0
2018-09-17,536992.0
2018-09-18,538608.0
2018-09-19,544120.0
2018-09-20,538734.0
2018-09-21,548934.0
2018-09-25,546440.0
2018-09-26,533038.0
2018-09-27,534346.0
2018-09-28,523872.0
2018-10-08,524186.0
2018-10-09,544558.0
2018-10-10,552648.0
2018-10-11,549438.0
2018-10-12,536950.0
2018-10-15,543546.0
2018-10-16,551354.0
2018-10-17,553264.0
2018-10-18,535352.0
2018-10-19,524090.0
2018-10-22,516514.0
2018-10-23,524042.0
2018-10-24,511292.0
2018-10-25,508330.0
2018-10-26,512122.0
2018-10-29,508912.0
2018-10-30,512886.0
2018-10-31,513428.0
2018-11-01,511606.0
2018-11-02,484664.0
2018-11-05,476676.0
2018-11-06,474166.0
2018-11-07,470240.0
2018-11-08,470940.0
2018-11-09,466130.0
2018-11-12,455666.0
2018-11-13,449444.0
2018-11-14,446168.0
2018-11-15,442594.0
2018-11-16,445388.0
2018-11-19,443864.0
2018-11-20,446162.0
2018-11-21,439636.0
2018-11-22,444882.0
2018-11-23,446970.0
2018-11-26,445584.0
2018-11-27,435340.0
2018-11-28,430964.0
2018-11-29,426120.0
2018-11-30,421966.0
2018-12-03,420954.0
2018-12-04,414224.0
2018-12-05,420710.0
2018-12-06,436492.0
2018-12-07,431248.0
2018-12-10,441010.0
2018-12-11,432996.0
2018-12-12,440064.0
2018-12-13,438124.0
2018-12-14,424192.0
2018-12-17,415908.0
2018-12-18,420966.0
2018-12-19,417712.0
2018-12-20,392648.0
2018-12-21,391730.0
2018-12-24,383458.0
2018-12-25,369680.0
2018-12-26,368562.0
2018-12-27,378524.0
2018-12-28,372544.0
2019-01-02,382740.0
2019-01-03,383396.0
2019-01-04,382438.0
2019-01-07,390844.0
2019-01-08,403462.0
2019-01-09,410372.0
2019-01-10,421018.0
2019-01-11,426730.0
2019-01-14,437290.0
2019-01-15,439440.0
2019-01-16,402386.0
2019-01-17,403538.0
2019-01-18,401014.0
2019-01-21,405194.0
2019-01-22,411034.0
2019-01-23,422060.0
2019-01-24,410798.0
2019-01-25,398796.0
2019-01-28,403148.0
2019-01-29,396010.0
2019-01-30,392422.0
2019-01-31,376248.0
2019-02-01,356942.0
2019-02-11,351674.0
2019-02-12,366164.0
2019-02-13,370398.0
2019-02-14,370510.0
2019-02-15,361522.0
2019-02-18,363572.0
2019-02-19,388880.0
2019-02-20,390136.0
2019-02-21,384816.0
2019-02-22,385140.0
2019-02-25,384788.0
2019-02-26,383948.0
2019-02-27,393622.0
2019-02-28,402238.0
2019-03-01,436420.0
2019-03-04,455272.0
2019-03-05,468672.0
2019-03-06,525308.0
2019-03-07,522910.0
2019-03-08,550612.0
2019-03-11,568266.0
2019-03-12,525496.0
2019-03-13,511200.0
2019-03-14,482060.0
2019-03-15,480552.0
2019-03-18,481936.0
2019-03-19,488522.0
2019-03-20,467538.0
2019-03-21,467468.0
2019-03-22,488366.0
2019-03-25,471030.0
2019-03-26,481084.0
2019-03-27,514872.0
2019-03-28,486954.0
2019-03-29,478218.0
2019-04-01,459430.0
2019-04-02,447024.0
2019-04-03,455370.0
2019-04-04,455788.0
2019-04-08,455652.0
2019-04-09,455298.0
2019-04-10,468168.0
2019-04-11,458630.0
2019-04-12,449840.0
2019-04-15,430156.0
2019-04-16,399862.0
2019-04-17,404154.0
2019-04-18,408140.0
2019-04-19,399542.0
2019-04-22,384602.0
2019-04-23,393808.0
2019-04-24,388724.0
2019-04-25,384578.0
2019-04-26,382054.0
2019-04-29,372766.0
2019-04-30,351142.0
2019-05-06,344776.0
2019-05-07,355398.0
2019-05-08,363118.0
2019-05-09,368106.0
2019-05-10,356944.0
2019-05-13,358074.0
2019-05-14,365790.0
2019-05-15,368414.0
2019-05-16,378204.0
2019-05-17,382668.0
2019-05-20,357682.0
2019-05-21,368136.0
2019-05-22,361606.0
2019-05-23,376574.0
2019-05-24,375756.0
2019-05-27,369784.0
2019-05-28,368428.0
2019-05-29,382160.0
2019-05-30,361870.0
2019-05-31,351432.0
2019-06-03,347654.0
2019-06-04,340644.0
2019-06-05,333350.0
2019-06-06,338716.0
2019-06-10,338828.0
2019-06-11,341068.0
2019-06-12,346284.0
2019-06-13,363052.0
2019-06-14,362644.0
2019-06-17,361244.0
2019-06-18,367596.0
2019-06-19,379680.0
2019-06-20,388872.0
2019-06-21,385012.0
2019-06-24,374516.0
2019-06-25,367740.0
2019-06-26,371764.0
2019-06-27,368842.0
2019-06-28,366240.0
2019-07-01,361682.0
2019-07-02,349304.0
2019-07-03,346028.0
2019-07-04,328478.0
2019-07-05,318990.0
2019-07-08,316982.0
2019-07-09,312388.0
2019-07-10,316472.0
2019-07-11,324290.0
2019-07-12,324772.0
2019-07-15,335630.0
2019-07-16,336194.0
2019-07-17,345018.0
2019-07-18,361634.0
2019-07-19,351454.0
2019-07-22,348992.0
2019-07-23,346848.0
2019-07-24,344190.0
2019-07-25,347878.0
2019-07-26,342402.0
2019-07-29,345802.0
2019-07-30,344136.0
2019-07-31,347300.0
2019-08-01,340560.0
2019-08-02,337020.0
2019-08-05,337844.0
2019-08-06,352574.0
2019-08-07,353422.0
2019-08-08,364796.0
2019-08-09,384330.0
2019-08-12,384336.0
2019-08-13,397966.0
2019-08-14,380624.0
2019-08-15,386870.0
2019-08-16,385096.0
2019-08-19,395432.0
2019-08-20,401914.0
2019-08-21,400648.0
2019-08-22,424686.0
2019-08-23,422614.0
2019-08-26,431594.0
2019-08-27,417662.0
2019-08-28,417432.0
2019-08-29,414654.0
2019-08-30,412236.0
2019-09-02,421702.0
2019-09-03,422460.0
2019-09-04,427080.0
2019-09-05,428852.0
2019-09-06,399198.0
2019-09-09,393516.0
2019-09-10,390528.0
2019-09-11,390014.0
2019-09-12,373786.0
2019-09-16,374080.0
2019-09-17,356970.0
2019-09-18,355422.0
2019-09-19,358532.0
2019-09-20,360122.0
2019-09-23,352840.0
2019-09-24,347398.0
2019-09-25,343344.0
2019-09-26,336942.0
2019-09-27,324794.0
2019-09-30,307614.0
2019-10-08,307482.0
2019-10-09,289970.0
2019-10-10,294418.0
2019-10-11,294178.0
2019-10-14,297418.0
2019-10-15,290718.0
2019-10-16,288704.0
2019-10-17,288806.0
2019-10-18,293932.0
2019-10-21,286908.0
2019-10-22,289896.0
2019-10-23,286116.0
2019-10-24,286158.0
2019-10-25,297950.0
2019-10-28,298258.0
2019-10-29,289736.0
2019-10-30,302496.0
2019-10-31,302728.0
2019-11-01,309636.0
2019-11-04,306242.0
2019-11-05,317154.0
2019-11-06,329146.0
2019-11-07,322646.0
2019-11-08,319810.0
2019-11-11,324416.0
2019-11-12,331348.0
2019-11-13,327474.0
2019-11-14,322942.0
2019-11-15,321690.0
2019-11-18,323506.0
2019-11-19,308166.0
2019-11-20,314066.0
2019-11-21,309902.0
2019-11-22,299388.0
2019-11-25,298590.0
2019-11-26,299136.0
2019-11-27,293430.0
2019-11-28,293970.0
2019-11-29,311852.0
2019-12-02,292362.0
2019-12-03,291640.0
2019-12-04,291322.0
2019-12-05,288036.0
2019-12-06,288594.0
2019-12-09,281042.0
2019-12-10,280474.0
2019-12-11,271184.0
2019-12-12,262004.0
2019-12-13,261560.0
2019-12-16,261318.0
2019-12-17,254296.0
2019-12-18,264556.0
2019-12-19,296580.0
2019-12-20,283784.0
2019-12-23,262020.0
2019-12-24,259388.0
2019-12-25,252696.0
2019-12-26,280706.0
2019-12-27,278740.0
2019-12-30,267494.0
2019-12-31,258112.0
2020-01-02,129257.0
2020-01-03,131717.0
2020-01-06,130487.0
2020-01-07,130732.0
2020-01-08,129628.0
2020-01-09,131085.0
2020-01-10,125923.0
2020-01-13,129648.0
2020-01-14,125529.0
2020-01-15,125791.0
2020-01-16,125223.0
2020-01-17,126490.0
2020-01-20,125307.0
2020-01-21,115875.0
2020-01-22,108861.0
2020-01-23,102488.0
2020-02-03,102076.0
2020-02-04,102886.0
2020-02-05,108222.0
2020-02-06,132013.0
2020-02-07,153332.0
2020-02-10,151916.0
2020-02-11,157858.0
2020-02-12,148808.0
2020-02-13,150765.0
2020-02-14,148631.0
2020-02-17,159444.0
2020-02-18,162534.0
2020-02-19,159127.0
2020-02-20,146373.0
2020-02-21,148477.0
2020-02-24,146287.0
2020-02-25,148026.0
2020-02-26,148284.0
2020-02-27,149784.0
2020-02-28,143082.0
2020-03-02,140674.0
2020-03-03,145595.0
2020-03-04,147828.0
2020-03-05,143874.0
2020-03-06,141574.0
2020-03-09,142868.0
2020-03-10,133206.0
2020-03-11,135688.0
2020-03-12,136033.0
2020-03-13,138482.0
2020-03-16,136594.0
2020-03-17,136400.0
2020-03-18,131713.0
2020-03-19,128626.0
2020-03-20,126741.0
2020-03-23,127212.0
2020-03-24,126130.0
2020-03-25,129676.0
2020-03-26,136014.0
2020-03-27,131299.0
2020-03-30,132589.0
2020-03-31,132572.0
2020-04-01,152736.0
2020-04-02,146853.0
2020-04-03,145177.0
2020-04-07,144184.0
2020-04-08,145909.0
2020-04-09,145776.0
2020-04-10,141184.0
2020-04-13,140556.0
2020-04-14,141022.0
2020-04-15,142208.0
2020-04-16,142163.0
2020-04-17,138367.0
2020-04-20,139261.0
2020-04-21,142297.0
2020-04-22,138267.0
2020-04-23,138727.0
2020-04-24,137518.0
2020-04-27,135918.0
2020-04-28,129626.0
2020-04-29,129458.0
2020-04-30,126936.0
2020-05-06,129554.0
2020-05-07,135822.0
2020-05-08,136735.0
2020-05-11,138883.0
2020-05-12,143115.0
2020-05-13,146964.0
2020-05-14,145405.0
2020-05-15,146325.0
2020-05-18,148147.0
2020-05-19,149265.0
2020-05-20,148774.0
2020-05-21,152652.0
2020-05-22,152650.0
2020-05-25,150050.0
2020-05-26,145266.0
2020-05-27,148290.0
2020-05-28,148737.0
2020-05-29,139422.0
2020-06-01,147139.0
2020-06-02,159455.0
2020-06-03,163205.0
2020-06-04,172144.0
2020-06-05,171867.0
2020-06-08,174816.0
2020-06-09,182005.0
2020-06-10,185081.0
2020-06-11,192584.0
2020-06-12,191669.0
2020-06-15,208427.0
2020-06-16,208326.0
2020-06-17,214193.0
2020-06-18,223884.0
2020-06-19,228546.0
2020-06-22,224264.0
2020-06-23,224188.0
2020-06-24,228763.0
2020-06-29,223824.0
2020-06-30,220274.0
2020-07-01,220681.0
2020-07-02,220881.0
2020-07-03,221844.0
2020-07-06,226826.0
2020-07-07,229409.0
2020-07-08,236405.0
2020-07-09,240081.0
2020-07-10,239662.0
2020-07-13,241682.0
2020-07-14,254693.0
2020-07-15,254992.0
2020-07-16,264145.0
2020-07-17,275272.0
2020-07-20,292306.0
2020-07-21,279873.0
2020-07-22,265395.0
2020-07-23,254356.0
2020-07-24,239609.0
2020-07-27,235769.0
2020-07-28,226322.0
2020-07-29,234035.0
2020-07-30,239804.0
2020-07-31,244103.0
2020-08-03,254069.0
2020-08-04,259421.0
2020-08-05,255228.0
2020-08-06,266338.0
2020-08-07,236884.0
2020-08-10,231529.0
2020-08-11,226545.0
2020-08-12,225200.0
2020-08-13,226903.0
2020-08-14,222936.0
2020-08-17,226181.0
2020-08-18,227363.0
2020-08-19,224975.0
2020-08-20,213567.0
2020-08-21,220477.0
2020-08-24,223813.0
2020-08-25,235995.0
2020-08-26,237792.0
2020-08-27,230900.0
2020-08-28,220602.0
2020-08-31,214510.0
2020-09-01,219689.0
2020-09-02,217695.0
2020-09-03,217928.0
2020-09-04,217478.0
2020-09-07,216074.0
2020-09-08,218401.0
2020-09-09,215212.0
2020-09-10,218005.0
2020-09-11,224301.0
2020-09-14,231768.0
2020-09-15,226639.0
2020-09-16,226170.0
2020-09-17,242786.0
2020-09-18,245417.0
2020-09-21,267693.0
2020-09-22,264755.0
2020-09-23,234804.0
2020-09-24,214853.0
2020-09-25,217695.0
2020-09-28,212756.0
2020-09-29,198798.0
2020-09-30,179888.0
2020-10-09,180863.0
2020-10-12,194190.0
2020-10-13,199124.0
2020-10-14,201808.0
2020-10-15,200977.0
2020-10-16,202298.0
2020-10-19,203842.0
2020-10-20,200744.0
2020-10-21,197293.0
2020-10-22,206547.0
2020-10-23,206628.0
2020-10-26,216803.0
2020-10-27,224595.0
2020-10-28,228179.0
2020-10-29,275272.0
2020-10-30,264085.0
2020-11-02,274111.0
2020-11-03,278111.0
2020-11-04,297059.0
2020-11-05,260694.0
2020-11-06,261716.0
2020-11-09,250892.0
2020-11-10,246718.0
2020-11-11,248698.0
2020-11-12,263510.0
2020-11-13,261396.0
2020-11-16,246979.0
2020-11-17,251999.0
2020-11-18,257879.0
2020-11-19,252248.0
2020-11-20,236958.0
2020-11-23,225612.0
2020-11-24,216822.0
2020-11-25,224600.0
2020-11-26,220782.0
2020-11-27,217032.0
2020-11-30,208216.0
2020-12-01,204857.0
2020-12-02,201078.0
2020-12-03,203193.0
2020-12-04,196527.0
2020-12-07,192667.0
2020-12-08,191408.0
2020-12-09,180324.0
2020-12-10,191411.0
2020-12-11,176338.0
2020-12-14,172470.0
2020-12-15,171801.0
2020-12-16,169871.0
2020-12-17,174773.0
2020-12-18,186212.0
2020-12-21,174490.0
2020-12-22,168114.0
2020-12-23,167403.0
2020-12-24,176925.0
2020-12-25,183307.0
2020-12-28,177080.0
2020-12-29,167462.0
2020-12-30,165955.0
2020-12-31,161387.0
2021-01-04,174630.0
2021-01-05,177985.0
2021-01-06,180508.0
2021-01-07,177618.0
2021-01-08,181331.0
2021-01-11,174300.0
2021-01-12,173962.0
2021-01-13,172001.0
2021-01-14,171387.0
2021-01-15,171907.0
2021-01-18,174162.0
2021-01-19,174824.0
2021-01-20,173357.0
2021-01-21,174343.0
2021-01-22,184099.0
2021-01-25,187299.0
2021-01-26,184207.0
2021-01-27,189614.0
2021-01-28,190565.0
2021-01-29,184895.0
2021-02-01,193487.0
2021-02-02,197206.0
2021-02-03,198582.0
2021-02-04,196779.0
2021-02-05,183154.0
2021-02-08,180921.0
2021-02-09,170153.0
2021-02-10,162925.0
2021-02-18,168499.0
2021-02-19,181628.0
2021-02-22,186987.0
2021-02-23,185249.0
2021-02-24,198089.0
2021-02-25,194707.0
2021-02-26,187176.0
2021-03-01,197571.0
2021-03-02,191939.0
2021-03-03,192528.0
2021-03-04,197014.0
2021-03-05,202267.0
2021-03-08,232162.0
2021-03-09,230622.0
2021-03-10,224343.0
2021-03-11,215434.0
2021-03-12,218617.0
2021-03-15,221103.0
2021-03-16,219646.0
2021-03-17,223484.0
2021-03-18,227010.0
2021-03-19,220545.0
2021-03-22,219450.0
2021-03-23,217377.0
2021-03-24,223526.0
2021-03-25,221182.0
2021-03-26,224344.0
2021-03-29,220790.0
2021-03-30,218935.0
2021-03-31,223466.0
2021-04-01,211059.0
2021-04-02,209572.0
2021-04-06,211639.0
2021-04-07,214563.0
2021-04-08,217146.0
2021-04-09,222411.0
2021-04-12,217980.0
2021-04-13,222450.0
2021-04-14,224100.0
2021-04-15,215930.0
2021-04-16,223597.0
2021-04-19,216440.0
2021-04-20,212514.0
2021-04-21,230430.0
2021-04-22,239323.0
2021-04-23,239012.0
2021-04-26,225769.0
2021-04-27,208204.0
2021-04-28,204720.0
2021-04-29,197150.0
2021-04-30,179863.0
2021-05-06,186783.0
2021-05-07,194282.0
2021-05-10,194560.0
2021-05-11,194414.0
2021-05-12,198455.0
2021-05-13,194460.0
2021-05-14,199036.0
2021-05-17,207180.0
2021-05-18,204798.0
2021-05-19,205641.0
2021-05-20,206076.0
2021-05-21,204710.0
2021-05-24,204456.0
2021-05-25,200807.0
2021-05-26,196547.0
2021-05-27,200647.0
2021-05-28,189783.0
2021-05-31,183122.0
2021-06-01,183140.0
2021-06-02,190852.0
2021-06-03,198306.0
2021-06-04,198292.0
2021-06-07,208246.0
2021-06-08,207588.0
2021-06-09,207021.0
2021-06-10,207044.0
2021-06-11,208403.0
2021-06-15,199296.0
2021-06-16,205554.0
2021-06-17,200448.0
2021-06-18,206546.0
2021-06-21,202493.0
2021-06-22,201247.0
2021-06-23,199274.0
2021-06-24,198138.0
2021-06-25,202260.0
2021-06-28,203821.0
2021-06-29,206491.0
2021-06-30,205604.0
2021-07-01,207956.0
2021-07-02,208637.0
2021-07-05,213031.0
2021-07-06,218509.0
2021-07-07,214325.0
2021-07-08,210515.0
2021-07-09,214084.0
2021-07-12,210858.0
2021-07-13,226657.0
2021-07-14,235408.0
2021-07-15,241957.0
2021-07-16,240407.0
2021-07-19,247500.0
2021-07-20,242720.0
2021-07-21,245226.0
2021-07-22,252066.0
2021-07-23,249675.0
2021-07-26,249818.0
2021-07-27,244839.0
2021-07-28,245944.0
2021-07-29,244355.0
2021-07-30,247062.0
2021-08-02,249879.0
2021-08-03,242162.0
2021-08-04,235883.0
2021-08-05,233800.0
2021-08-06,232411.0
2021-08-09,240419.0
2021-08-10,234235.0
2021-08-11,231906.0
2021-08-12,245091.0
2021-08-13,248836.0
2021-08-16,244830.0
2021-08-17,244222.0
2021-08-18,250920.0
2021-08-19,249413.0
2021-08-20,248712.0
2021-08-23,251582.0
2021-08-24,252199.0
2021-08-25,266631.0
2021-08-26,268986.0
2021-08-27,255056.0
2021-08-30,254486.0
2021-08-31,256463.0
2021-09-01,252618.0
2021-09-02,262687.0
2021-09-03,284467.0
2021-09-06,277092.0
2021-09-07,272658.0
2021-09-08,270883.0
2021-09-09,260147.0
2021-09-10,257958.0
2021-09-13,254481.0
2021-09-14,251688.0
2021-09-15,266679.0
2021-09-16,263914.0
2021-09-17,241892.0
2021-09-22,243562.0
2021-09-23,273010.0
2021-09-24,284108.0
2021-09-27,273072.0
2021-09-28,266069.0
2021-09-29,253912.0
2021-09-30,260708.0
2021-10-08,265998.0
2021-10-11,270212.0
2021-10-12,269281.0
2021-10-13,266956.0
2021-10-14,261924.0
2021-10-15,262048.0
2021-10-18,254923.0
2021-10-19,263596.0
2021-10-20,255797.0
2021-10-21,252932.0
2021-10-22,249382.0
2021-10-25,255189.0
2021-10-26,267010.0
2021-10-27,277748.0
2021-10-28,269890.0
2021-10-29,292168.0
2021-11-01,275820.0
2021-11-02,282133.0
2021-11-03,286646.0
2021-11-04,275528.0
2021-11-05,273021.0
2021-11-08,292455.0
2021-11-09,279082.0
2021-11-10,276943.0
2021-11-11,282217.0
2021-11-12,279141.0
2021-11-15,286331.0
2021-11-16,289535.0
2021-11-17,301528.0
2021-11-18,306324.0
2021-11-19,304794.0
2021-11-22,290388.0
2021-11-23,282608.0
2021-11-24,287428.0
2021-11-25,287740.0
2021-11-26,292417.0
2021-11-29,290596.0
2021-11-30,274533.0
2021-12-01,284171.0
2021-12-02,276607.0
2021-12-03,298282.0
2021-12-06,301237.0
2021-12-07,310510.0
2021-12-08,302376.0
2021-12-09,290378.0
2021-12-10,280859.0
2021-12-13,282015.0
2021-12-14,277967.0
2021-12-15,279650.0
2021-12-16,279040.0
2021-12-17,289378.0
2021-12-20,269630.0
2021-12-21,268878.0
2021-12-22,266830.0
2021-12-23,266803.0
2021-12-24,265972.0
2021-12-27,264129.0
2021-12-28,265400.0
2021-12-29,265352.0
2021-12-30,264289.0
2021-12-31,258119.0
2022-01-04,256791.0
2022-01-05,261275.0
2022-01-06,264144.0
2022-01-07,252699.0
2022-01-10,252264.0
2022-01-11,251775.0
2022-01-12,251753.0
2022-01-13,254108.0
2022-01-14,261626.0
2022-01-17,262403.0
2022-01-18,252740.0
2022-01-19,248914.0
2022-01-20,258038.0
2022-01-21,268043.0
2022-01-24,262027.0
2022-01-25,252763.0
2022-01-26,241138.0
2022-01-27,230309.0
2022-01-28,221012.0
2022-02-07,224891.0
2022-02-08,222773.0
2022-02-09,224561.0
2022-02-10,222032.0
2022-02-11,218048.0
2022-02-14,218517.0
2022-02-15,219646.0
2022-02-16,217097.0
2022-02-17,221506.0
2022-02-18,219092.0
2022-02-21,216558.0
2022-02-22,213947.0
2022-02-23,219287.0
2022-02-24,231384.0
2022-02-25,223540.0
2022-02-28,212911.0
2022-03-01,225292.0
2022-03-02,220804.0
2022-03-03,221990.0
2022-03-04,244707.0
2022-03-07,233791.0
2022-03-08,238632.0
2022-03-09,237055.0
2022-03-10,234601.0
2022-03-11,231450.0
2022-03-14,235257.0
2022-03-15,229306.0
2022-03-16,224892.0
2022-03-17,232283.0
2022-03-18,231709.0
2022-03-21,234035.0
2022-03-22,229787.0
2022-03-23,231701.0
2022-03-24,236890.0
2022-03-25,235467.0
2022-03-28,233127.0
2022-03-29,229863.0
2022-03-30,229717.0
2022-03-31,229799.0
2022-04-01,230333.0
2022-04-06,243321.0
2022-04-07,243219.0
2022-04-08,243288.0
2022-04-11,241957.0
2022-04-12,250804.0
2022-04-13,256376.0
2022-04-14,262352.0
2022-04-15,275983.0
2022-04-18,274523.0
2022-04-19,272214.0
2022-04-20,273042.0
2022-04-21,279634.0
2022-04-22,275503.0
2022-04-25,269418.0
2022-04-26,271098.0
2022-04-27,266312.0
2022-04-28,258677.0
2022-04-29,254166.0
2022-05-05,246276.0
2022-05-06,247548.0
2022-05-09,247981.0
2022-05-10,246926.0
2022-05-11,245780.0
2022-05-12,244139.0
2022-05-13,252258.0
2022-05-16,251258.0
2022-05-17,251078.0
2022-05-18,251557.0
2022-05-19,248842.0
2022-05-20,249482.0
2022-05-23,246431.0
2022-05-24,247342.0
2022-05-25,250963.0
2022-05-26,252052.0
2022-05-27,259891.0
2022-05-30,266433.0
2022-05-31,262367.0
2022-06-01,259953.0
2022-06-02,263248.0
2022-06-06,257995.0
2022-06-07,262165.0
2022-06-08,272136.0
2022-06-09,266768.0
2022-06-10,284478.0
2022-06-13,278673.0
2022-06-14,276233.0
2022-06-15,264232.0
2022-06-16,255880.0
2022-06-17,246122.0
2022-06-20,252712.0
2022-06-21,249380.0
2022-06-22,244072.0
2022-06-23,241719.0
2022-06-24,240876.0
2022-06-27,237911.0
2022-06-28,231959.0
2022-06-29,227191.0
2022-06-30,226681.0
2022-07-01,232138.0
2022-07-04,233197.0
2022-07-05,242201.0
2022-07-06,243321.0
2022-07-07,263442.0
2022-07-08,259218.0
2022-07-11,265877.0
2022-07-12,270859.0
2022-07-13,270311.0
2022-07-14,291591.0
2022-07-15,289674.0
2022-07-18,286729.0
2022-07-19,278799.0
2022-07-20,272445.0
2022-07-21,269330.0
2022-07-22,284062.0
2022-07-25,291503.0
2022-07-26,289146.0
2022-07-27,289199.0
2022-07-28,289777.0
2022-07-29,276685.0
2022-08-01,279969.0
2022-08-02,289110.0
2022-08-03,288819.0
2022-08-04,297532.0
2022-08-05,291814.0
2022-08-08,294491.0
2022-08-09,294287.0
2022-08-10,289335.0
2022-08-11,290369.0
2022-08-12,298554.0
2022-08-15,286060.0
2022-08-16,277772.0
2022-08-17,275380.0
2022-08-18,273479.0
2022-08-19,268925.0
2022-08-22,272206.0
2022-08-23,271389.0
2022-08-24,277646.0
2022-08-25,279657.0
2022-08-26,282341.0
2022-08-29,283852.0
2022-08-30,286297.0
2022-08-31,283635.0
2022-09-01,293841.0
2022-09-02,291858.0
2022-09-05,288724.0
2022-09-06,286614.0
2022-09-07,289400.0
2022-09-08,288148.0
2022-09-09,286490.0
2022-09-13,273562.0
2022-09-14,269562.0
2022-09-15,279273.0
2022-09-16,279473.0
2022-09-19,278053.0
2022-09-20,286426.0
2022-09-21,282214.0
2022-09-22,286362.0
2022-09-23,289014.0
2022-09-26,288192.0
2022-09-27,282985.0
2022-09-28,290936.0
2022-09-29,282273.0
2022-09-30,271708.0
2022-10-10,273935.0
2022-10-11,278974.0
2022-10-12,290680.0
2022-10-13,304470.0
2022-10-14,320079.0
2022-10-17,319603.0
2022-10-18,322594.0
2022-10-19,324551.0
2022-10-20,328253.0
2022-10-21,321173.0
2022-10-24,321797.0
2022-10-25,313264.0
2022-10-26,312167.0
2022-10-27,311265.0
2022-10-28,298619.0
2022-10-31,299084.0
2022-11-01,298897.0
2022-11-02,304032.0
2022-11-03,309428.0
2022-11-04,339370.0
2022-11-07,340394.0
2022-11-08,348133.0
2022-11-09,358675.0
2022-11-10,391768.0
2022-11-11,404877.0
