trading_date,RS_total_oi
2013-11-05,30.0
2013-11-06,30.0
2013-11-07,20.0
2013-11-08,20.0
2013-11-11,20.0
2013-11-12,20.0
2013-11-13,28.0
2013-11-14,28.0
2013-11-15,26.0
2013-11-18,26.0
2013-11-19,24.0
2013-11-20,24.0
2013-11-21,20.0
2013-11-22,20.0
2013-11-25,20.0
2013-11-26,18.0
2013-11-27,18.0
2013-11-28,26.0
2013-11-29,26.0
2013-12-02,26.0
2013-12-03,26.0
2013-12-04,26.0
2013-12-05,26.0
2013-12-06,26.0
2013-12-09,26.0
2013-12-10,26.0
2013-12-11,26.0
2013-12-12,26.0
2013-12-13,26.0
2013-12-16,26.0
2013-12-17,28.0
2013-12-18,40.0
2013-12-19,44.0
2013-12-20,32.0
2013-12-23,32.0
2013-12-24,30.0
2013-12-25,38.0
2013-12-26,40.0
2013-12-27,40.0
2013-12-30,44.0
2013-12-31,32.0
2014-01-02,32.0
2014-01-03,34.0
2014-01-06,60.0
2014-01-07,42.0
2014-01-08,30.0
2014-01-09,28.0
2014-01-10,78.0
2014-01-13,82.0
2014-01-14,110.0
2014-01-15,104.0
2014-01-16,98.0
2014-01-17,98.0
2014-01-20,94.0
2014-01-21,96.0
2014-01-22,152.0
2014-01-23,152.0
2014-01-24,214.0
2014-01-27,208.0
2014-01-28,204.0
2014-01-29,202.0
2014-01-30,200.0
2014-02-07,200.0
2014-02-10,200.0
2014-02-11,204.0
2014-02-12,202.0
2014-02-13,200.0
2014-02-14,202.0
2014-02-17,204.0
2014-02-18,168.0
2014-02-19,168.0
2014-02-20,164.0
2014-02-21,170.0
2014-02-24,152.0
2014-02-25,160.0
2014-02-26,160.0
2014-02-27,162.0
2014-02-28,156.0
2014-03-03,154.0
2014-03-04,170.0
2014-03-05,206.0
2014-03-06,242.0
2014-03-07,334.0
2014-03-10,322.0
2014-03-11,332.0
2014-03-12,342.0
2014-03-13,340.0
2014-03-14,326.0
2014-03-17,324.0
2014-03-18,322.0
2014-03-19,316.0
2014-03-20,292.0
2014-03-21,294.0
2014-03-24,290.0
2014-03-25,300.0
2014-03-26,298.0
2014-03-27,296.0
2014-03-28,294.0
2014-03-31,320.0
2014-04-01,372.0
2014-04-02,352.0
2014-04-03,324.0
2014-04-04,326.0
2014-04-08,324.0
2014-04-09,314.0
2014-04-10,322.0
2014-04-11,324.0
2014-04-14,320.0
2014-04-15,352.0
2014-04-16,362.0
2014-04-17,368.0
2014-04-18,376.0
2014-04-21,546.0
2014-04-22,608.0
2014-04-23,668.0
2014-04-24,852.0
2014-04-25,976.0
2014-04-28,1052.0
2014-04-29,1408.0
2014-04-30,1842.0
2014-05-05,1940.0
2014-05-06,2134.0
2014-05-07,2186.0
2014-05-08,2056.0
2014-05-09,2038.0
2014-05-12,2026.0
2014-05-13,2068.0
2014-05-14,2094.0
2014-05-15,2476.0
2014-05-16,2496.0
2014-05-19,2510.0
2014-05-20,2500.0
2014-05-21,2512.0
2014-05-22,2454.0
2014-05-23,2286.0
2014-05-26,2274.0
2014-05-27,2160.0
2014-05-28,2140.0
2014-05-29,2142.0
2014-05-30,2100.0
2014-06-03,2042.0
2014-06-04,2024.0
2014-06-05,2002.0
2014-06-06,2058.0
2014-06-09,2028.0
2014-06-10,1906.0
2014-06-11,1666.0
2014-06-12,1670.0
2014-06-13,1662.0
2014-06-16,1664.0
2014-06-17,1658.0
2014-06-18,1660.0
2014-06-19,1660.0
2014-06-20,1654.0
2014-06-23,1698.0
2014-06-24,1724.0
2014-06-25,1704.0
2014-06-26,1710.0
2014-06-27,1720.0
2014-06-30,1712.0
2014-07-01,1700.0
2014-07-02,1716.0
2014-07-03,1716.0
2014-07-04,1710.0
2014-07-07,1706.0
2014-07-08,1698.0
2014-07-09,1698.0
2014-07-10,1694.0
2014-07-11,1692.0
2014-07-14,1694.0
2014-07-15,1692.0
2014-07-16,1692.0
2014-07-17,1694.0
2014-07-18,1694.0
2014-07-21,1692.0
2014-07-22,1692.0
2014-07-23,1690.0
2014-07-24,1686.0
2014-07-25,1710.0
2014-07-28,1704.0
2014-07-29,1704.0
2014-07-30,1682.0
2014-07-31,1690.0
2014-08-01,1720.0
2014-08-04,1722.0
2014-08-05,1748.0
2014-08-06,1746.0
2014-08-07,1744.0
2014-08-08,1734.0
2014-08-11,1730.0
2014-08-12,1754.0
2014-08-13,1790.0
2014-08-14,2220.0
2014-08-15,2196.0
2014-08-18,2082.0
2014-08-19,1866.0
2014-08-20,1786.0
2014-08-21,1806.0
2014-08-22,1888.0
2014-08-25,1906.0
2014-08-26,1852.0
2014-08-27,1902.0
2014-08-28,1900.0
2014-08-29,298.0
2014-09-01,346.0
2014-09-02,360.0
2014-09-03,364.0
2014-09-04,362.0
2014-09-05,382.0
2014-09-09,642.0
2014-09-10,642.0
2014-09-11,640.0
2014-09-12,644.0
2014-09-15,534.0
2014-09-16,528.0
2014-09-17,526.0
2014-09-18,498.0
2014-09-19,486.0
2014-09-22,516.0
2014-09-23,504.0
2014-09-24,488.0
2014-09-25,484.0
2014-09-26,486.0
2014-09-29,480.0
2014-09-30,480.0
2014-10-08,480.0
2014-10-09,436.0
2014-10-10,432.0
2014-10-13,426.0
2014-10-14,442.0
2014-10-15,432.0
2014-10-16,378.0
2014-10-17,378.0
2014-10-20,380.0
2014-10-21,380.0
2014-10-22,382.0
2014-10-23,380.0
2014-10-24,370.0
2014-10-27,370.0
2014-10-28,370.0
2014-10-29,368.0
2014-10-30,372.0
2014-10-31,372.0
2014-11-03,372.0
2014-11-04,372.0
2014-11-05,346.0
2014-11-06,336.0
2014-11-07,334.0
2014-11-10,334.0
2014-11-11,334.0
2014-11-12,96.0
2014-11-13,96.0
2014-11-14,92.0
2014-11-17,92.0
2014-11-18,92.0
2014-11-19,90.0
2014-11-20,94.0
2014-11-21,92.0
2014-11-24,92.0
2014-11-25,92.0
2014-11-26,92.0
2014-11-27,92.0
2014-11-28,88.0
2014-12-01,64.0
2014-12-02,64.0
2014-12-03,62.0
2014-12-04,72.0
2014-12-05,80.0
2014-12-08,78.0
2014-12-09,76.0
2014-12-10,76.0
2014-12-11,76.0
2014-12-12,76.0
2014-12-15,76.0
2014-12-16,76.0
2014-12-17,76.0
2014-12-18,76.0
2014-12-19,76.0
2014-12-22,76.0
2014-12-23,74.0
2014-12-24,76.0
2014-12-25,78.0
2014-12-26,80.0
2014-12-29,80.0
2014-12-30,74.0
2014-12-31,78.0
2015-01-05,76.0
2015-01-06,76.0
2015-01-07,76.0
2015-01-08,76.0
2015-01-09,72.0
2015-01-12,70.0
2015-01-13,54.0
2015-01-14,54.0
2015-01-15,70.0
2015-01-16,70.0
2015-01-19,72.0
2015-01-20,72.0
2015-01-21,74.0
2015-01-22,74.0
2015-01-23,74.0
2015-01-26,74.0
2015-01-27,72.0
2015-01-28,72.0
2015-01-29,74.0
2015-01-30,74.0
2015-02-02,74.0
2015-02-03,74.0
2015-02-04,74.0
2015-02-05,74.0
2015-02-06,74.0
2015-02-09,76.0
2015-02-10,72.0
2015-02-11,74.0
2015-02-12,82.0
2015-02-13,78.0
2015-02-16,78.0
2015-02-17,74.0
2015-02-25,74.0
2015-02-26,72.0
2015-02-27,70.0
2015-03-02,70.0
2015-03-03,70.0
2015-03-04,70.0
2015-03-05,72.0
2015-03-06,70.0
2015-03-09,70.0
2015-03-10,70.0
2015-03-11,70.0
2015-03-12,70.0
2015-03-13,62.0
2015-03-16,62.0
2015-03-17,60.0
2015-03-18,60.0
2015-03-19,60.0
2015-03-20,60.0
2015-03-23,60.0
2015-03-24,74.0
2015-03-25,68.0
2015-03-26,68.0
2015-03-27,62.0
2015-03-30,64.0
2015-03-31,70.0
2015-04-01,66.0
2015-04-02,66.0
2015-04-03,66.0
2015-04-07,66.0
2015-04-08,56.0
2015-04-09,58.0
2015-04-10,58.0
2015-04-13,56.0
2015-04-14,56.0
2015-04-15,56.0
2015-04-16,54.0
2015-04-17,54.0
2015-04-20,54.0
2015-04-21,54.0
2015-04-22,54.0
2015-04-23,56.0
2015-04-24,56.0
2015-04-27,56.0
2015-04-28,56.0
2015-04-29,56.0
2015-04-30,56.0
2015-05-04,56.0
2015-05-05,68.0
2015-05-06,62.0
2015-05-07,60.0
2015-05-08,60.0
2015-05-11,60.0
2015-05-12,60.0
2015-05-13,56.0
2015-05-14,58.0
2015-05-15,64.0
2015-05-18,104.0
2015-05-19,80.0
2015-05-20,82.0
2015-05-21,86.0
2015-05-22,92.0
2015-05-25,76.0
2015-05-26,74.0
2015-05-27,84.0
2015-05-28,80.0
2015-05-29,78.0
2015-06-01,90.0
2015-06-02,92.0
2015-06-03,96.0
2015-06-04,94.0
2015-06-05,98.0
2015-06-08,226.0
2015-06-09,270.0
2015-06-10,440.0
2015-06-11,568.0
2015-06-12,1140.0
2015-06-15,1530.0
2015-06-16,2096.0
2015-06-17,2278.0
2015-06-18,2694.0
2015-06-19,3202.0
2015-06-23,3462.0
2015-06-24,3580.0
2015-06-25,3974.0
2015-06-26,4194.0
2015-06-29,4318.0
2015-06-30,3768.0
2015-07-01,3756.0
2015-07-02,3832.0
2015-07-03,3652.0
2015-07-06,3776.0
2015-07-07,3778.0
2015-07-08,3070.0
2015-07-09,2826.0
2015-07-10,3392.0
2015-07-13,3096.0
2015-07-14,3994.0
2015-07-15,4058.0
2015-07-16,3974.0
2015-07-17,3956.0
2015-07-20,3966.0
2015-07-21,4004.0
2015-07-22,4114.0
2015-07-23,4126.0
2015-07-24,4206.0
2015-07-27,4454.0
2015-07-28,4512.0
2015-07-29,4524.0
2015-07-30,4554.0
2015-07-31,4536.0
2015-08-03,4570.0
2015-08-04,4858.0
2015-08-05,4978.0
2015-08-06,5426.0
2015-08-07,5432.0
2015-08-10,5498.0
2015-08-11,5524.0
2015-08-12,5390.0
2015-08-13,3312.0
2015-08-14,3296.0
2015-08-17,3264.0
2015-08-18,3188.0
2015-08-19,3228.0
2015-08-20,3100.0
2015-08-21,2272.0
2015-08-24,2198.0
2015-08-25,1898.0
2015-08-26,1812.0
2015-08-27,1782.0
2015-08-28,1722.0
2015-08-31,1570.0
2015-09-01,1258.0
2015-09-02,1258.0
2015-09-07,1258.0
2015-09-08,1258.0
2015-09-09,1256.0
2015-09-10,1254.0
2015-09-11,1254.0
2015-09-14,1254.0
2015-09-15,1246.0
2015-09-16,442.0
2015-09-17,458.0
2015-09-18,456.0
2015-09-21,456.0
2015-09-22,458.0
2015-09-23,458.0
2015-09-24,458.0
2015-09-25,446.0
2015-09-28,446.0
2015-09-29,448.0
2015-09-30,450.0
2015-10-08,456.0
2015-10-09,448.0
2015-10-12,448.0
2015-10-13,446.0
2015-10-14,446.0
2015-10-15,446.0
2015-10-16,446.0
2015-10-19,446.0
2015-10-20,448.0
2015-10-21,448.0
2015-10-22,448.0
2015-10-23,448.0
2015-10-26,450.0
2015-10-27,446.0
2015-10-28,446.0
2015-10-29,444.0
2015-10-30,446.0
2015-11-02,456.0
2015-11-03,462.0
2015-11-04,462.0
2015-11-05,456.0
2015-11-06,452.0
2015-11-09,452.0
2015-11-10,446.0
2015-11-11,446.0
2015-11-12,444.0
2015-11-13,446.0
2015-11-16,446.0
2015-11-17,446.0
2015-11-18,450.0
2015-11-19,452.0
2015-11-20,444.0
2015-11-23,448.0
2015-11-24,446.0
2015-11-25,446.0
2015-11-26,442.0
2015-11-27,520.0
2015-11-30,520.0
2015-12-01,520.0
2015-12-02,522.0
2015-12-03,522.0
2015-12-04,522.0
2015-12-07,522.0
2015-12-08,520.0
2015-12-09,520.0
2015-12-10,520.0
2015-12-11,536.0
2015-12-14,534.0
2015-12-15,536.0
2015-12-16,566.0
2015-12-17,566.0
2015-12-18,746.0
2015-12-21,734.0
2015-12-22,734.0
2015-12-23,738.0
2015-12-24,732.0
2015-12-25,732.0
2015-12-28,730.0
2015-12-29,728.0
2015-12-30,728.0
2015-12-31,728.0
2016-01-04,770.0
2016-01-05,704.0
2016-01-06,702.0
2016-01-07,698.0
2016-01-08,722.0
2016-01-11,720.0
2016-01-12,720.0
2016-01-13,730.0
2016-01-14,702.0
2016-01-15,714.0
2016-01-18,710.0
2016-01-19,706.0
2016-01-20,706.0
2016-01-21,706.0
2016-01-22,710.0
2016-01-25,708.0
2016-01-26,710.0
2016-01-27,708.0
2016-01-28,758.0
2016-01-29,758.0
2016-02-01,754.0
2016-02-02,754.0
2016-02-03,754.0
2016-02-04,754.0
2016-02-05,756.0
2016-02-15,756.0
2016-02-16,756.0
2016-02-17,758.0
2016-02-18,756.0
2016-02-19,756.0
2016-02-22,756.0
2016-02-23,756.0
2016-02-24,752.0
2016-02-25,750.0
2016-02-26,750.0
2016-02-29,750.0
2016-03-01,748.0
2016-03-02,748.0
2016-03-03,746.0
2016-03-04,748.0
2016-03-07,748.0
2016-03-08,776.0
2016-03-09,772.0
2016-03-10,772.0
2016-03-11,776.0
2016-03-14,798.0
2016-03-15,768.0
2016-03-16,754.0
2016-03-17,754.0
2016-03-18,724.0
2016-03-21,690.0
2016-03-22,686.0
2016-03-23,682.0
2016-03-24,678.0
2016-03-25,766.0
2016-03-28,766.0
2016-03-29,752.0
2016-03-30,750.0
2016-03-31,748.0
2016-04-01,724.0
2016-04-05,726.0
2016-04-06,722.0
2016-04-07,722.0
2016-04-08,722.0
2016-04-11,726.0
2016-04-12,730.0
2016-04-13,702.0
2016-04-14,696.0
2016-04-15,698.0
2016-04-18,694.0
2016-04-19,696.0
2016-04-20,700.0
2016-04-21,2104.0
2016-04-22,2114.0
2016-04-25,1990.0
2016-04-26,1922.0
2016-04-27,1734.0
2016-04-28,1594.0
2016-04-29,1372.0
2016-05-03,1382.0
2016-05-04,1384.0
2016-05-05,1410.0
2016-05-06,1406.0
2016-05-09,1418.0
2016-05-10,1396.0
2016-05-11,1446.0
2016-05-12,1454.0
2016-05-13,1446.0
2016-05-16,1454.0
2016-05-17,1458.0
2016-05-18,1448.0
2016-05-19,1450.0
2016-05-20,1444.0
2016-05-23,1430.0
2016-05-24,1454.0
2016-05-25,1398.0
2016-05-26,1554.0
2016-05-27,1472.0
2016-05-30,1228.0
2016-05-31,1156.0
2016-06-01,1232.0
2016-06-02,1264.0
2016-06-03,1372.0
2016-06-06,1334.0
2016-06-07,1338.0
2016-06-08,1306.0
2016-06-13,1350.0
2016-06-14,1152.0
2016-06-15,1144.0
2016-06-16,1146.0
2016-06-17,1124.0
2016-06-20,1142.0
2016-06-21,1118.0
2016-06-22,1094.0
2016-06-23,1092.0
2016-06-24,1090.0
2016-06-27,1086.0
2016-06-28,1084.0
2016-06-29,1090.0
2016-06-30,1094.0
2016-07-01,1106.0
2016-07-04,1168.0
2016-07-05,1158.0
2016-07-06,898.0
2016-07-07,878.0
2016-07-08,812.0
2016-07-11,812.0
2016-07-12,810.0
2016-07-13,982.0
2016-07-14,332.0
2016-07-15,338.0
2016-07-18,356.0
2016-07-19,344.0
2016-07-20,344.0
2016-07-21,334.0
2016-07-22,282.0
2016-07-25,266.0
2016-07-26,90.0
2016-07-27,78.0
2016-07-28,76.0
2016-07-29,66.0
2016-08-01,66.0
2016-08-02,48.0
2016-08-03,48.0
2016-08-04,46.0
2016-08-05,46.0
2016-08-08,46.0
2016-08-09,42.0
2016-08-10,42.0
2016-08-11,40.0
2016-08-12,36.0
2016-08-15,36.0
2016-08-16,36.0
2016-08-17,24.0
2016-08-18,20.0
2016-08-19,8.0
2016-08-22,6.0
2016-08-23,2.0
2016-08-24,2.0
2016-08-25,2.0
2016-08-26,2.0
2016-08-29,0.0
2016-11-15,8.0
2016-11-16,112.0
2016-11-17,240.0
2016-11-18,376.0
2016-11-21,304.0
2016-11-22,258.0
2016-11-23,236.0
2016-11-24,216.0
2016-11-25,204.0
2016-11-28,214.0
2016-11-29,230.0
2016-11-30,188.0
2016-12-01,164.0
2016-12-02,164.0
2016-12-05,162.0
2016-12-06,164.0
2016-12-07,136.0
2016-12-08,136.0
2016-12-09,132.0
2016-12-12,146.0
2016-12-13,136.0
2016-12-14,168.0
2016-12-15,176.0
2016-12-16,176.0
2016-12-19,176.0
2016-12-20,176.0
2016-12-21,176.0
2016-12-22,176.0
2016-12-23,174.0
2016-12-26,176.0
2016-12-27,182.0
2016-12-28,180.0
2016-12-29,180.0
2016-12-30,178.0
2017-01-03,190.0
2017-01-04,180.0
2017-01-05,180.0
2017-01-06,198.0
2017-01-09,194.0
2017-01-10,194.0
2017-01-11,198.0
2017-01-12,196.0
2017-01-13,200.0
2017-01-16,186.0
2017-01-17,182.0
2017-01-18,184.0
2017-01-19,186.0
2017-01-20,186.0
2017-01-23,186.0
2017-01-24,172.0
2017-01-25,170.0
2017-01-26,162.0
2017-02-03,162.0
2017-02-06,166.0
2017-02-07,160.0
2017-02-08,166.0
2017-02-09,164.0
2017-02-10,164.0
2017-02-13,162.0
2017-02-14,152.0
2017-02-15,150.0
2017-02-16,148.0
2017-02-17,146.0
2017-02-20,146.0
2017-02-21,148.0
2017-02-22,148.0
2017-02-23,146.0
2017-02-24,148.0
2017-02-27,138.0
2017-02-28,138.0
2017-03-01,130.0
2017-03-02,144.0
2017-03-03,134.0
2017-03-06,118.0
2017-03-07,64.0
2017-03-08,64.0
2017-03-09,108.0
2017-03-10,94.0
2017-03-13,68.0
2017-03-14,66.0
2017-03-15,64.0
2017-03-16,64.0
2017-03-17,64.0
2017-03-20,64.0
2017-03-21,64.0
2017-03-22,64.0
2017-03-23,64.0
2017-03-24,76.0
2017-03-27,80.0
2017-03-28,80.0
2017-03-29,80.0
2017-03-30,80.0
2017-03-31,86.0
2017-04-05,86.0
2017-04-06,86.0
2017-04-07,80.0
2017-04-10,76.0
2017-04-11,72.0
2017-04-12,70.0
2017-04-13,68.0
2017-04-14,58.0
2017-04-17,50.0
2017-04-18,50.0
2017-04-19,48.0
2017-04-20,48.0
2017-04-21,54.0
2017-04-24,56.0
2017-04-25,60.0
2017-04-26,62.0
2017-04-27,64.0
2017-04-28,60.0
2017-05-02,60.0
2017-05-03,62.0
2017-05-04,54.0
2017-05-05,56.0
2017-05-08,60.0
2017-05-09,60.0
2017-05-10,52.0
2017-05-11,48.0
2017-05-12,42.0
2017-05-15,34.0
2017-05-16,34.0
2017-05-17,34.0
2017-05-18,34.0
2017-05-19,32.0
2017-05-22,30.0
2017-05-23,30.0
2017-05-24,30.0
2017-05-25,34.0
2017-05-26,44.0
2017-05-31,44.0
2017-06-01,48.0
2017-06-02,56.0
2017-06-05,60.0
2017-06-06,62.0
2017-06-07,90.0
2017-06-08,84.0
2017-06-09,82.0
2017-06-12,80.0
2017-06-13,78.0
2017-06-14,50.0
2017-06-15,56.0
2017-06-16,64.0
2017-06-19,62.0
2017-06-20,62.0
2017-06-21,50.0
2017-06-22,50.0
2017-06-23,50.0
2017-06-26,54.0
2017-06-27,56.0
2017-06-28,58.0
2017-06-29,56.0
2017-06-30,4.0
2017-07-03,8.0
2017-07-04,12.0
2017-07-05,12.0
2017-07-06,10.0
2017-07-07,18.0
2017-07-10,16.0
2017-07-11,26.0
2017-07-12,26.0
2017-07-13,26.0
2017-07-14,20.0
2017-07-17,8.0
2017-07-18,4.0
2017-07-19,4.0
2017-07-20,8.0
2017-07-21,12.0
2017-07-24,10.0
2017-07-25,14.0
2017-07-26,14.0
2017-07-27,16.0
2017-07-28,12.0
2017-07-31,12.0
2017-08-01,16.0
2017-08-02,12.0
2017-08-03,16.0
2017-08-04,10.0
2017-08-07,10.0
2017-08-08,10.0
2017-08-09,10.0
2017-08-10,10.0
2017-08-11,12.0
2017-08-14,10.0
2017-08-15,10.0
2017-08-16,10.0
2017-08-17,8.0
2017-08-18,8.0
2017-08-21,4.0
2017-08-22,4.0
2017-08-23,4.0
2017-08-24,4.0
2017-08-25,4.0
2017-08-28,4.0
2017-08-29,4.0
2017-08-30,4.0
2017-08-31,2.0
2017-09-01,0.0
2017-09-22,2.0
2017-09-25,0.0
2017-09-29,8.0
2017-10-09,2.0
2017-10-10,2.0
2017-10-11,2.0
2017-10-12,2.0
2017-10-13,2.0
2017-10-16,2.0
2017-10-17,2.0
2017-10-18,6.0
2017-10-19,2.0
2017-10-20,2.0
2017-10-23,2.0
2017-10-24,2.0
2017-10-25,2.0
2017-10-26,2.0
2017-10-27,2.0
2017-10-30,2.0
2017-10-31,2.0
2017-11-01,2.0
2017-11-02,2.0
2017-11-03,2.0
2017-11-06,2.0
2017-11-07,2.0
2017-11-08,2.0
2017-11-09,2.0
2017-11-10,2.0
2017-11-13,2.0
2017-11-14,2.0
2017-11-15,2.0
2017-11-16,2.0
2017-11-17,2.0
2017-11-20,6.0
2017-11-21,2.0
2017-11-22,2.0
2017-11-23,2.0
2017-11-24,2.0
2017-11-27,2.0
2017-11-28,2.0
2017-11-29,2.0
2017-11-30,2.0
2017-12-01,2.0
2017-12-04,2.0
2017-12-05,2.0
2017-12-06,2.0
2017-12-07,0.0
2017-12-18,2.0
2017-12-19,2.0
2017-12-20,2.0
2017-12-21,2.0
2017-12-22,2.0
2017-12-25,2.0
2017-12-26,2.0
2017-12-27,2.0
2017-12-28,2.0
2017-12-29,2.0
2018-01-02,2.0
2018-01-03,2.0
2018-01-04,2.0
2018-01-05,2.0
2018-01-08,2.0
2018-01-09,2.0
2018-01-10,2.0
2018-01-11,2.0
2018-01-12,2.0
2018-01-15,2.0
2018-01-16,2.0
2018-01-17,2.0
2018-01-18,2.0
2018-01-19,2.0
2018-01-22,2.0
2018-01-23,2.0
2018-01-24,2.0
2018-01-25,2.0
2018-01-26,2.0
2018-01-29,22.0
2018-01-30,24.0
2018-01-31,24.0
2018-02-01,24.0
2018-02-02,24.0
2018-02-05,12.0
2018-02-06,12.0
2018-02-07,12.0
2018-02-08,12.0
2018-02-09,12.0
2018-02-12,14.0
2018-02-13,14.0
2018-02-14,14.0
2018-02-22,14.0
2018-02-23,14.0
2018-02-26,14.0
2018-02-27,14.0
2018-02-28,14.0
2018-03-01,14.0
2018-03-02,10.0
2018-03-05,10.0
2018-03-06,10.0
2018-03-07,10.0
2018-03-08,10.0
2018-03-09,6.0
2018-03-12,6.0
2018-03-13,6.0
2018-03-14,12.0
2018-03-15,12.0
2018-03-16,12.0
2018-03-19,12.0
2018-03-20,12.0
2018-03-21,10.0
2018-03-22,18.0
2018-03-23,18.0
2018-03-26,18.0
2018-03-27,18.0
2018-03-28,18.0
2018-03-29,14.0
2018-03-30,10.0
2018-04-02,2.0
2018-04-03,2.0
2018-04-04,4.0
2018-04-09,16.0
2018-04-10,22.0
2018-04-11,14.0
2018-04-12,12.0
2018-04-13,10.0
2018-04-16,12.0
2018-04-17,14.0
2018-04-18,10.0
2018-04-19,10.0
2018-04-20,12.0
2018-04-23,14.0
2018-04-24,14.0
2018-04-25,14.0
2018-04-26,12.0
2018-04-27,12.0
2018-05-02,14.0
2018-05-03,14.0
2018-05-04,14.0
2018-05-07,14.0
2018-05-08,14.0
2018-05-09,14.0
2018-05-10,14.0
2018-05-11,12.0
2018-05-14,12.0
2018-05-15,12.0
2018-05-16,10.0
2018-05-17,8.0
2018-05-18,8.0
2018-05-21,8.0
2018-05-22,8.0
2018-05-23,8.0
2018-05-24,8.0
2018-05-25,8.0
2018-05-28,8.0
2018-05-29,8.0
2018-05-30,8.0
2018-05-31,10.0
2018-06-01,10.0
2018-06-04,10.0
2018-06-05,10.0
2018-06-06,8.0
2018-06-07,8.0
2018-06-08,20.0
2018-06-11,10.0
2018-06-12,10.0
2018-06-13,20.0
2018-06-14,14.0
2018-06-15,16.0
2018-06-19,12.0
2018-06-20,8.0
2018-06-21,96.0
2018-06-22,68.0
2018-06-25,44.0
2018-06-26,36.0
2018-06-27,48.0
2018-06-28,40.0
2018-06-29,22.0
2018-07-02,22.0
2018-07-03,20.0
2018-07-04,16.0
2018-07-05,18.0
2018-07-06,24.0
2018-07-09,20.0
2018-07-10,16.0
2018-07-11,16.0
2018-07-12,16.0
2018-07-13,12.0
2018-07-16,12.0
2018-07-17,14.0
2018-07-18,14.0
2018-07-19,14.0
2018-07-20,14.0
2018-07-23,14.0
2018-07-24,12.0
2018-07-25,12.0
2018-07-26,12.0
2018-07-27,12.0
2018-07-30,12.0
2018-07-31,10.0
2018-08-01,10.0
2018-08-02,10.0
2018-08-03,12.0
2018-08-06,12.0
2018-08-07,12.0
2018-08-08,12.0
2018-08-09,12.0
2018-08-10,12.0
2018-08-13,12.0
2018-08-14,12.0
2018-08-15,12.0
2018-08-16,12.0
2018-08-17,10.0
2018-08-20,6.0
2018-08-21,6.0
2018-08-22,6.0
2018-08-23,4.0
2018-08-24,8.0
2018-08-27,6.0
2018-08-28,4.0
2018-08-29,12.0
2018-08-30,28.0
2018-08-31,20.0
2018-09-03,18.0
2018-09-04,20.0
2018-09-05,20.0
2018-09-06,20.0
2018-09-07,20.0
2018-09-10,12.0
2018-09-11,12.0
2018-09-12,12.0
2018-09-13,22.0
2018-09-14,22.0
2018-09-17,24.0
2018-09-18,26.0
2018-09-19,26.0
2018-09-20,26.0
2018-09-21,24.0
2018-09-25,24.0
2018-09-26,24.0
2018-09-27,24.0
2018-09-28,22.0
2018-10-08,26.0
2018-10-09,30.0
2018-10-10,30.0
2018-10-11,30.0
2018-10-12,30.0
2018-10-15,30.0
2018-10-16,30.0
2018-10-17,30.0
2018-10-18,30.0
2018-10-19,30.0
2018-10-22,30.0
2018-10-23,30.0
2018-10-24,30.0
2018-10-25,30.0
2018-10-26,30.0
2018-10-29,30.0
2018-10-30,30.0
2018-10-31,30.0
2018-11-01,30.0
2018-11-02,30.0
2018-11-05,30.0
2018-11-06,30.0
2018-11-07,30.0
2018-11-08,30.0
2018-11-09,30.0
2018-11-12,30.0
2018-11-13,32.0
2018-11-14,32.0
2018-11-15,32.0
2018-11-16,32.0
2018-11-19,32.0
2018-11-20,32.0
2018-11-21,32.0
2018-11-22,32.0
2018-11-23,32.0
2018-11-26,24.0
2018-11-27,24.0
2018-11-28,24.0
2018-11-29,24.0
2018-11-30,16.0
2018-12-03,16.0
2018-12-04,14.0
2018-12-05,14.0
2018-12-06,14.0
2018-12-07,14.0
2018-12-10,14.0
2018-12-11,14.0
2018-12-12,14.0
2018-12-13,14.0
2018-12-14,16.0
2018-12-17,14.0
2018-12-18,14.0
2018-12-19,14.0
2018-12-20,14.0
2018-12-21,14.0
2018-12-24,14.0
2018-12-25,22.0
2018-12-26,18.0
2018-12-27,14.0
2018-12-28,14.0
2019-01-02,14.0
2019-01-03,14.0
2019-01-04,14.0
2019-01-07,18.0
2019-01-08,18.0
2019-01-09,18.0
2019-01-10,18.0
2019-01-11,18.0
2019-01-14,18.0
2019-01-15,18.0
2019-01-16,18.0
2019-01-17,18.0
2019-01-18,18.0
2019-01-21,20.0
2019-01-22,20.0
2019-01-23,20.0
2019-01-24,16.0
2019-01-25,16.0
2019-01-28,14.0
2019-01-29,18.0
2019-01-30,16.0
2019-01-31,14.0
2019-02-01,10.0
2019-02-11,10.0
2019-02-12,10.0
2019-02-13,10.0
2019-02-14,10.0
2019-02-15,10.0
2019-02-18,10.0
2019-02-19,10.0
2019-02-20,38.0
2019-02-21,38.0
2019-02-22,36.0
2019-02-25,36.0
2019-02-26,36.0
2019-02-27,36.0
2019-02-28,36.0
2019-03-01,32.0
2019-03-04,32.0
2019-03-05,146.0
2019-03-06,156.0
2019-03-07,156.0
2019-03-08,244.0
2019-03-11,248.0
2019-03-12,344.0
2019-03-13,350.0
2019-03-14,346.0
2019-03-15,304.0
2019-03-18,320.0
2019-03-19,314.0
2019-03-20,314.0
2019-03-21,312.0
2019-03-22,310.0
2019-03-25,320.0
2019-03-26,322.0
2019-03-27,502.0
2019-03-28,1232.0
2019-03-29,1550.0
2019-04-01,1540.0
2019-04-02,1578.0
2019-04-03,1628.0
2019-04-04,1602.0
2019-04-08,1612.0
2019-04-09,1596.0
2019-04-10,2078.0
2019-04-11,2704.0
2019-04-12,2666.0
2019-04-15,2658.0
2019-04-16,2696.0
2019-04-17,2754.0
2019-04-18,2740.0
2019-04-19,2708.0
2019-04-22,2664.0
2019-04-23,2602.0
2019-04-24,2554.0
2019-04-25,2522.0
2019-04-26,2492.0
2019-04-29,2484.0
2019-04-30,2472.0
2019-05-06,2430.0
2019-05-07,2446.0
2019-05-08,2424.0
2019-05-09,2440.0
2019-05-10,2448.0
2019-05-13,2420.0
2019-05-14,2374.0
2019-05-15,2378.0
2019-05-16,2382.0
2019-05-17,2356.0
2019-05-20,2360.0
2019-05-21,2366.0
2019-05-22,2326.0
2019-05-23,2320.0
2019-05-24,2318.0
2019-05-27,2288.0
2019-05-28,2308.0
2019-05-29,2510.0
2019-05-30,2558.0
2019-05-31,2726.0
2019-06-03,2734.0
2019-06-04,2740.0
2019-06-05,2806.0
2019-06-06,2878.0
2019-06-10,2982.0
2019-06-11,2978.0
2019-06-12,3046.0
2019-06-13,3054.0
2019-06-14,3044.0
2019-06-17,3052.0
2019-06-18,3056.0
2019-06-19,3054.0
2019-06-20,3028.0
2019-06-21,3024.0
2019-06-24,2962.0
2019-06-25,2954.0
2019-06-26,2948.0
2019-06-27,2940.0
2019-06-28,2946.0
2019-07-01,2938.0
2019-07-02,2988.0
2019-07-03,2940.0
2019-07-04,2968.0
2019-07-05,2964.0
2019-07-08,2844.0
2019-07-09,2798.0
2019-07-10,2810.0
2019-07-11,2774.0
2019-07-12,2774.0
2019-07-15,2722.0
2019-07-16,2636.0
2019-07-17,2594.0
2019-07-18,2580.0
2019-07-19,2570.0
2019-07-22,2570.0
2019-07-23,2560.0
2019-07-24,2334.0
2019-07-25,2328.0
2019-07-26,2320.0
2019-07-29,2314.0
2019-07-30,2322.0
2019-07-31,2324.0
2019-08-01,2320.0
2019-08-02,2264.0
2019-08-05,2260.0
2019-08-06,2258.0
2019-08-07,2242.0
2019-08-08,2232.0
2019-08-09,2260.0
2019-08-12,2270.0
2019-08-13,2262.0
2019-08-14,2266.0
2019-08-15,2272.0
2019-08-16,2268.0
2019-08-19,2294.0
2019-08-20,2292.0
2019-08-21,2294.0
2019-08-22,2288.0
2019-08-23,2292.0
2019-08-26,2300.0
2019-08-27,2304.0
2019-08-28,2306.0
2019-08-29,2344.0
2019-08-30,1174.0
2019-09-02,1180.0
2019-09-03,1180.0
2019-09-04,1204.0
2019-09-05,1214.0
2019-09-06,1222.0
2019-09-09,1236.0
2019-09-10,1248.0
2019-09-11,1248.0
2019-09-12,1292.0
2019-09-16,1314.0
2019-09-17,468.0
2019-09-18,1484.0
2019-09-19,2900.0
2019-09-20,2960.0
2019-09-23,2764.0
2019-09-24,2646.0
2019-09-25,2660.0
2019-09-26,2524.0
2019-09-27,2352.0
2019-09-30,2350.0
2019-10-08,2356.0
2019-10-09,2326.0
2019-10-10,2400.0
2019-10-11,2292.0
2019-10-14,2266.0
2019-10-15,2248.0
2019-10-16,2336.0
2019-10-17,2334.0
2019-10-18,2304.0
2019-10-21,2258.0
2019-10-22,1954.0
2019-10-23,2044.0
2019-10-24,2108.0
2019-10-25,1934.0
2019-10-28,2120.0
2019-10-29,1944.0
2019-10-30,1578.0
2019-10-31,1034.0
2019-11-01,1030.0
2019-11-04,1070.0
2019-11-05,1070.0
2019-11-06,1044.0
2019-11-07,810.0
2019-11-08,392.0
2019-11-11,392.0
2019-11-12,390.0
2019-11-13,390.0
2019-11-14,390.0
2019-11-15,28.0
2019-11-18,24.0
2019-11-19,24.0
2019-11-20,24.0
2019-11-21,24.0
2019-11-22,26.0
2019-11-25,26.0
2019-11-26,30.0
2019-11-27,24.0
2019-11-28,24.0
2019-11-29,24.0
2019-12-02,26.0
2019-12-03,26.0
2019-12-04,26.0
2019-12-05,26.0
2019-12-06,26.0
2019-12-09,26.0
2019-12-10,26.0
2019-12-11,26.0
2019-12-12,26.0
2019-12-13,26.0
2019-12-16,26.0
2019-12-17,26.0
2019-12-18,26.0
2019-12-19,26.0
2019-12-20,26.0
2019-12-23,30.0
2019-12-24,26.0
2019-12-25,24.0
2019-12-26,24.0
2019-12-27,24.0
2019-12-30,26.0
2019-12-31,26.0
2020-01-02,12.0
2020-01-03,11.0
2020-01-06,11.0
2020-01-07,11.0
2020-01-08,10.0
2020-01-09,10.0
2020-01-10,10.0
2020-01-13,10.0
2020-01-14,10.0
2020-01-15,10.0
2020-01-16,17.0
2020-01-17,14.0
2020-01-20,14.0
2020-01-21,12.0
2020-01-22,11.0
2020-01-23,10.0
2020-02-03,15.0
2020-02-04,12.0
2020-02-05,11.0
2020-02-06,11.0
2020-02-07,10.0
2020-02-10,11.0
2020-02-11,11.0
2020-02-12,10.0
2020-02-13,10.0
2020-02-14,9.0
2020-02-17,9.0
2020-02-18,8.0
2020-02-19,8.0
2020-02-20,8.0
2020-02-21,12.0
2020-02-24,10.0
2020-02-25,10.0
2020-02-26,12.0
2020-02-27,12.0
2020-02-28,12.0
2020-03-02,12.0
2020-03-03,14.0
2020-03-04,13.0
2020-03-05,16.0
2020-03-06,20.0
2020-03-09,38.0
2020-03-10,37.0
2020-03-11,29.0
2020-03-12,21.0
2020-03-13,19.0
2020-03-16,20.0
2020-03-17,19.0
2020-03-18,19.0
2020-03-19,16.0
2020-03-20,12.0
2020-03-23,14.0
2020-03-24,13.0
2020-03-25,13.0
2020-03-26,13.0
2020-03-27,12.0
2020-03-30,13.0
2020-03-31,9.0
2020-04-01,7.0
2020-04-02,7.0
2020-04-03,7.0
2020-04-07,7.0
2020-04-08,6.0
2020-04-09,6.0
2020-04-10,6.0
2020-04-13,5.0
2020-04-14,6.0
2020-04-15,9.0
2020-04-16,7.0
2020-04-17,7.0
2020-04-20,8.0
2020-04-21,10.0
2020-04-22,10.0
2020-04-23,10.0
2020-04-24,10.0
2020-04-27,8.0
2020-04-28,8.0
2020-04-29,8.0
2020-04-30,8.0
2020-05-06,8.0
2020-05-07,8.0
2020-05-08,8.0
2020-05-11,8.0
2020-05-12,7.0
2020-05-13,7.0
2020-05-14,7.0
2020-05-15,8.0
2020-05-18,7.0
2020-05-19,7.0
2020-05-20,8.0
2020-05-21,8.0
2020-05-22,10.0
2020-05-25,8.0
2020-05-26,8.0
2020-05-27,6.0
2020-05-28,14.0
2020-05-29,9.0
2020-06-01,8.0
2020-06-02,9.0
2020-06-03,7.0
2020-06-04,7.0
2020-06-05,6.0
2020-06-08,6.0
2020-06-09,4.0
2020-06-10,4.0
2020-06-11,4.0
2020-06-12,8.0
2020-06-15,8.0
2020-06-16,4.0
2020-06-17,7.0
2020-06-18,5.0
2020-06-19,7.0
2020-06-22,8.0
2020-06-23,8.0
2020-06-24,9.0
2020-06-29,17.0
2020-06-30,8.0
2020-07-01,14.0
2020-07-02,11.0
2020-07-03,10.0
2020-07-06,10.0
2020-07-07,10.0
2020-07-08,10.0
2020-07-09,10.0
2020-07-10,10.0
2020-07-13,10.0
2020-07-14,8.0
2020-07-15,25.0
2020-07-16,13.0
2020-07-17,11.0
2020-07-20,9.0
2020-07-21,13.0
2020-07-22,7.0
2020-07-23,11.0
2020-07-24,10.0
2020-07-27,10.0
2020-07-28,9.0
2020-07-29,9.0
2020-07-30,9.0
2020-07-31,8.0
2020-08-03,4.0
2020-08-04,4.0
2020-08-05,3.0
2020-08-06,8.0
2020-08-07,13.0
2020-08-10,4.0
2020-08-11,6.0
2020-08-12,9.0
2020-08-13,8.0
2020-08-14,8.0
2020-08-17,11.0
2020-08-18,29.0
2020-08-19,33.0
2020-08-20,24.0
2020-08-21,23.0
2020-08-24,11.0
2020-08-25,5.0
2020-08-26,4.0
2020-08-27,4.0
2020-08-28,2.0
2020-08-31,1.0
2020-09-01,1.0
2020-09-02,1.0
2020-09-03,1.0
2020-09-04,3.0
2020-09-07,1.0
2020-09-08,5.0
2020-09-09,6.0
2020-09-10,5.0
2020-09-11,5.0
2020-09-14,5.0
2020-09-15,5.0
2020-09-16,5.0
2020-09-17,5.0
2020-09-18,5.0
2020-09-21,5.0
2020-09-22,5.0
2020-09-23,10.0
2020-09-24,10.0
2020-09-25,10.0
2020-09-28,6.0
2020-09-29,2.0
2020-09-30,2.0
2020-10-09,2.0
2020-10-12,3.0
2020-10-13,3.0
2020-10-14,3.0
2020-10-15,3.0
2020-10-16,2.0
2020-10-19,2.0
2020-10-20,2.0
2020-10-21,2.0
2020-10-22,2.0
2020-10-23,2.0
2020-10-26,3.0
2020-10-27,2.0
2020-10-28,3.0
2020-10-29,3.0
2020-10-30,0.0
2020-11-19,1.0
2020-11-20,4.0
2020-11-23,1.0
2020-11-24,1.0
2020-11-25,1.0
2020-11-26,1.0
2020-11-27,1.0
2020-11-30,0.0
2020-12-21,0.0
2020-12-22,3.0
2020-12-23,0.0
2021-01-04,2.0
2021-01-05,2.0
2021-01-06,8.0
2021-01-07,30.0
2021-01-08,55.0
2021-01-11,66.0
2021-01-12,74.0
2021-01-13,57.0
2021-01-14,29.0
2021-01-15,19.0
2021-01-18,20.0
2021-01-19,22.0
2021-01-20,22.0
2021-01-21,21.0
2021-01-22,19.0
2021-01-25,15.0
2021-01-26,18.0
2021-01-27,20.0
2021-01-28,19.0
2021-01-29,18.0
2021-02-01,18.0
2021-02-02,16.0
2021-02-03,18.0
2021-02-04,18.0
2021-02-05,23.0
2021-02-08,22.0
2021-02-09,23.0
2021-02-10,23.0
2021-02-18,23.0
2021-02-19,23.0
2021-02-22,25.0
2021-02-23,35.0
2021-02-24,44.0
2021-02-25,41.0
2021-02-26,52.0
2021-03-01,49.0
2021-03-02,50.0
2021-03-03,66.0
2021-03-04,64.0
2021-03-05,66.0
2021-03-08,55.0
2021-03-09,57.0
2021-03-10,57.0
2021-03-11,75.0
2021-03-12,87.0
2021-03-15,82.0
2021-03-16,82.0
2021-03-17,81.0
2021-03-18,83.0
2021-03-19,80.0
2021-03-22,73.0
2021-03-23,75.0
2021-03-24,75.0
2021-03-25,73.0
2021-03-26,45.0
2021-03-29,44.0
2021-03-30,43.0
2021-03-31,38.0
2021-04-01,43.0
2021-04-02,44.0
2021-04-06,48.0
2021-04-07,47.0
2021-04-08,48.0
2021-04-09,40.0
2021-04-12,40.0
2021-04-13,41.0
2021-04-14,45.0
2021-04-15,40.0
2021-04-16,36.0
2021-04-19,38.0
2021-04-20,37.0
2021-04-21,31.0
2021-04-22,30.0
2021-04-23,29.0
2021-04-26,29.0
2021-04-27,26.0
2021-04-28,27.0
2021-04-29,26.0
2021-04-30,22.0
2021-05-06,24.0
2021-05-07,26.0
2021-05-10,28.0
2021-05-11,27.0
2021-05-12,27.0
2021-05-13,26.0
2021-05-14,20.0
2021-05-17,20.0
2021-05-18,16.0
2021-05-19,12.0
2021-05-20,24.0
2021-05-21,19.0
2021-05-24,25.0
2021-05-25,33.0
2021-05-26,26.0
2021-05-27,25.0
2021-05-28,22.0
2021-05-31,23.0
2021-06-01,28.0
2021-06-02,23.0
2021-06-03,13.0
2021-06-04,8.0
2021-06-07,8.0
2021-06-08,5.0
2021-06-09,7.0
2021-06-10,7.0
2021-06-11,7.0
2021-06-15,8.0
2021-06-16,8.0
2021-06-17,8.0
2021-06-18,7.0
2021-06-21,8.0
2021-06-22,8.0
2021-06-23,4.0
2021-06-24,4.0
2021-06-25,4.0
2021-06-28,4.0
2021-06-29,6.0
2021-06-30,1.0
2021-07-01,6.0
2021-07-02,5.0
2021-07-05,3.0
2021-07-06,11.0
2021-07-07,5.0
2021-07-08,7.0
2021-07-09,6.0
2021-07-12,6.0
2021-07-13,20.0
2021-07-14,9.0
2021-07-15,16.0
2021-07-16,16.0
2021-07-19,16.0
2021-07-20,19.0
2021-07-21,14.0
2021-07-22,9.0
2021-07-23,18.0
2021-07-26,13.0
2021-07-27,21.0
2021-07-28,21.0
2021-07-29,13.0
2021-07-30,14.0
2021-08-02,14.0
2021-08-03,13.0
2021-08-04,16.0
2021-08-05,123.0
2021-08-06,152.0
2021-08-09,158.0
2021-08-10,121.0
2021-08-11,83.0
2021-08-12,61.0
2021-08-13,58.0
2021-08-16,20.0
2021-08-17,19.0
2021-08-18,20.0
2021-08-19,26.0
2021-08-20,27.0
2021-08-23,31.0
2021-08-24,35.0
2021-08-25,22.0
2021-08-26,13.0
2021-08-27,11.0
2021-08-30,8.0
2021-08-31,7.0
2021-09-01,7.0
2021-09-02,7.0
2021-09-03,7.0
2021-09-06,10.0
2021-09-07,9.0
2021-09-08,4.0
2021-09-09,5.0
2021-09-10,5.0
2021-09-13,6.0
2021-09-14,5.0
2021-09-15,5.0
2021-09-16,5.0
2021-09-17,5.0
2021-09-22,3.0
2021-09-23,4.0
2021-09-24,9.0
2021-09-27,8.0
2021-09-28,9.0
2021-09-29,9.0
2021-09-30,6.0
2021-10-08,6.0
2021-10-11,11.0
2021-10-12,20.0
2021-10-13,15.0
2021-10-14,14.0
2021-10-15,14.0
2021-10-18,13.0
2021-10-19,14.0
2021-10-20,12.0
2021-10-21,11.0
2021-10-22,11.0
2021-10-25,13.0
2021-10-26,11.0
2021-10-27,15.0
2021-10-28,15.0
2021-10-29,10.0
2021-11-01,10.0
2021-11-02,8.0
2021-11-03,11.0
2021-11-04,10.0
2021-11-05,8.0
2021-11-08,10.0
2021-11-09,11.0
2021-11-10,11.0
2021-11-11,11.0
2021-11-12,14.0
2021-11-15,11.0
2021-11-16,10.0
2021-11-17,10.0
2021-11-18,10.0
2021-11-19,10.0
2021-11-22,12.0
2021-11-23,12.0
2021-11-24,12.0
2021-11-25,18.0
2021-11-26,17.0
2021-11-29,16.0
2021-11-30,16.0
2021-12-01,17.0
2021-12-02,17.0
2021-12-03,15.0
2021-12-06,12.0
2021-12-07,13.0
2021-12-08,14.0
2021-12-09,14.0
2021-12-10,16.0
2021-12-13,39.0
2021-12-14,51.0
2021-12-15,45.0
2021-12-16,35.0
2021-12-17,21.0
2021-12-20,22.0
2021-12-21,15.0
2021-12-22,14.0
2021-12-23,13.0
2021-12-24,13.0
2021-12-27,13.0
2021-12-28,13.0
2021-12-29,13.0
2021-12-30,12.0
2021-12-31,12.0
2022-01-04,12.0
2022-01-05,11.0
2022-01-06,11.0
2022-01-07,10.0
2022-01-10,10.0
2022-01-11,10.0
2022-01-12,10.0
2022-01-13,9.0
2022-01-14,11.0
2022-01-17,11.0
2022-01-18,11.0
2022-01-19,11.0
2022-01-20,9.0
2022-01-21,9.0
2022-01-24,9.0
2022-01-25,9.0
2022-01-26,9.0
2022-01-27,9.0
2022-01-28,10.0
2022-02-07,10.0
2022-02-08,10.0
2022-02-09,12.0
2022-02-10,11.0
2022-02-11,12.0
2022-02-14,11.0
2022-02-15,10.0
2022-02-16,10.0
2022-02-17,10.0
2022-02-18,11.0
2022-02-21,11.0
2022-02-22,11.0
2022-02-23,10.0
2022-02-24,10.0
2022-02-25,19.0
2022-02-28,13.0
2022-03-01,13.0
2022-03-02,13.0
2022-03-03,12.0
2022-03-04,12.0
2022-03-07,13.0
2022-03-08,15.0
2022-03-09,14.0
2022-03-10,18.0
2022-03-11,24.0
2022-03-14,26.0
2022-03-15,30.0
2022-03-16,24.0
2022-03-17,24.0
2022-03-18,24.0
2022-03-21,29.0
2022-03-22,25.0
2022-03-23,25.0
2022-03-24,27.0
2022-03-25,28.0
2022-03-28,27.0
2022-03-29,22.0
2022-03-30,19.0
2022-03-31,24.0
2022-04-01,20.0
2022-04-06,23.0
2022-04-07,17.0
2022-04-08,17.0
2022-04-11,19.0
2022-04-12,19.0
2022-04-13,19.0
2022-04-14,20.0
2022-04-15,20.0
2022-04-18,18.0
2022-04-19,18.0
2022-04-20,19.0
2022-04-21,17.0
2022-04-22,16.0
2022-04-25,21.0
2022-04-26,24.0
2022-04-27,31.0
2022-04-28,64.0
2022-04-29,57.0
2022-05-05,39.0
2022-05-06,29.0
2022-05-09,31.0
2022-05-10,29.0
2022-05-11,30.0
2022-05-12,30.0
2022-05-13,30.0
2022-05-16,37.0
2022-05-17,36.0
2022-05-18,37.0
2022-05-19,47.0
2022-05-20,46.0
2022-05-23,43.0
2022-05-24,45.0
2022-05-25,37.0
2022-05-26,37.0
2022-05-27,64.0
2022-05-30,62.0
2022-05-31,65.0
2022-06-01,66.0
2022-06-02,66.0
2022-06-06,72.0
2022-06-07,72.0
2022-06-08,68.0
2022-06-09,52.0
2022-06-10,83.0
2022-06-13,116.0
2022-06-14,117.0
2022-06-15,106.0
2022-06-16,121.0
2022-06-17,137.0
2022-06-20,141.0
2022-06-21,146.0
2022-06-22,147.0
2022-06-23,177.0
2022-06-24,190.0
2022-06-27,155.0
2022-06-28,139.0
2022-06-29,143.0
2022-06-30,157.0
2022-07-01,172.0
2022-07-04,135.0
2022-07-05,133.0
2022-07-06,143.0
2022-07-07,147.0
2022-07-08,145.0
2022-07-11,143.0
2022-07-12,142.0
2022-07-13,144.0
2022-07-14,145.0
2022-07-15,143.0
2022-07-18,154.0
2022-07-19,152.0
2022-07-20,152.0
2022-07-21,144.0
2022-07-22,140.0
2022-07-25,139.0
2022-07-26,130.0
2022-07-27,130.0
2022-07-28,129.0
2022-07-29,146.0
2022-08-01,139.0
2022-08-02,136.0
2022-08-03,129.0
2022-08-04,120.0
2022-08-05,119.0
2022-08-08,118.0
2022-08-09,118.0
2022-08-10,116.0
2022-08-11,106.0
2022-08-12,101.0
2022-08-15,87.0
2022-08-16,82.0
2022-08-17,53.0
2022-08-18,53.0
2022-08-19,53.0
2022-08-22,48.0
2022-08-23,48.0
2022-08-24,35.0
2022-08-25,34.0
2022-08-26,23.0
2022-08-29,16.0
2022-08-30,14.0
2022-08-31,3.0
2022-09-01,3.0
2022-09-02,3.0
2022-09-05,2.0
2022-09-06,2.0
2022-09-07,2.0
2022-09-08,2.0
2022-09-09,5.0
2022-09-13,7.0
2022-09-14,6.0
2022-09-15,5.0
2022-09-16,5.0
2022-09-19,5.0
2022-09-20,6.0
2022-09-21,7.0
2022-09-22,7.0
2022-09-23,10.0
2022-09-26,6.0
2022-09-27,12.0
2022-09-28,19.0
2022-09-29,22.0
2022-09-30,30.0
2022-10-10,30.0
2022-10-11,29.0
2022-10-12,19.0
2022-10-13,18.0
2022-10-14,23.0
2022-10-17,20.0
2022-10-18,26.0
2022-10-19,23.0
2022-10-20,24.0
2022-10-21,20.0
2022-10-24,19.0
2022-10-25,16.0
2022-10-26,16.0
2022-10-27,12.0
2022-10-28,11.0
2022-10-31,5.0
2022-11-01,5.0
2022-11-02,4.0
2022-11-03,3.0
2022-11-04,6.0
2022-11-07,6.0
2022-11-08,6.0
2022-11-09,5.0
2022-11-10,5.0
2022-11-11,5.0
