trading_date,SF_total_oi
2014-08-08,31272.0
2014-08-11,34066.0
2014-08-12,47330.0
2014-08-13,47400.0
2014-08-14,36004.0
2014-08-15,34098.0
2014-08-18,34318.0
2014-08-19,32920.0
2014-08-20,34130.0
2014-08-21,33624.0
2014-08-22,34100.0
2014-08-25,30192.0
2014-08-26,25024.0
2014-08-27,22134.0
2014-08-28,20998.0
2014-08-29,20344.0
2014-09-01,21796.0
2014-09-02,25286.0
2014-09-03,25174.0
2014-09-04,24934.0
2014-09-05,25368.0
2014-09-09,33182.0
2014-09-10,27886.0
2014-09-11,27634.0
2014-09-12,26184.0
2014-09-15,24670.0
2014-09-16,23086.0
2014-09-17,23068.0
2014-09-18,22556.0
2014-09-19,22146.0
2014-09-22,22620.0
2014-09-23,22696.0
2014-09-24,21352.0
2014-09-25,24120.0
2014-09-26,23416.0
2014-09-29,22258.0
2014-09-30,19122.0
2014-10-08,19266.0
2014-10-09,18912.0
2014-10-10,18230.0
2014-10-13,16480.0
2014-10-14,16066.0
2014-10-15,16100.0
2014-10-16,15106.0
2014-10-17,14488.0
2014-10-20,14272.0
2014-10-21,13868.0
2014-10-22,14134.0
2014-10-23,13682.0
2014-10-24,13038.0
2014-10-27,12902.0
2014-10-28,12712.0
2014-10-29,12478.0
2014-10-30,12088.0
2014-10-31,11622.0
2014-11-03,12408.0
2014-11-04,9668.0
2014-11-05,8552.0
2014-11-06,8226.0
2014-11-07,7638.0
2014-11-10,7390.0
2014-11-11,6988.0
2014-11-12,6900.0
2014-11-13,6658.0
2014-11-14,6566.0
2014-11-17,6346.0
2014-11-18,6316.0
2014-11-19,5758.0
2014-11-20,4306.0
2014-11-21,3324.0
2014-11-24,3320.0
2014-11-25,3270.0
2014-11-26,3196.0
2014-11-27,1974.0
2014-11-28,1450.0
2014-12-01,1340.0
2014-12-02,1144.0
2014-12-03,994.0
2014-12-04,802.0
2014-12-05,762.0
2014-12-08,728.0
2014-12-09,676.0
2014-12-10,584.0
2014-12-11,446.0
2014-12-12,406.0
2014-12-15,370.0
2014-12-16,374.0
2014-12-17,362.0
2014-12-18,342.0
2014-12-19,284.0
2014-12-22,240.0
2014-12-23,208.0
2014-12-24,202.0
2014-12-25,202.0
2014-12-26,200.0
2014-12-29,170.0
2014-12-30,132.0
2014-12-31,134.0
2015-01-05,146.0
2015-01-06,150.0
2015-01-07,144.0
2015-01-08,142.0
2015-01-09,142.0
2015-01-12,168.0
2015-01-13,168.0
2015-01-14,164.0
2015-01-15,166.0
2015-01-16,138.0
2015-01-19,172.0
2015-01-20,162.0
2015-01-21,158.0
2015-01-22,148.0
2015-01-23,150.0
2015-01-26,150.0
2015-01-27,154.0
2015-01-28,246.0
2015-01-29,272.0
2015-01-30,264.0
2015-02-02,268.0
2015-02-03,284.0
2015-02-04,266.0
2015-02-05,258.0
2015-02-06,256.0
2015-02-09,254.0
2015-02-10,190.0
2015-02-11,186.0
2015-02-12,184.0
2015-02-13,182.0
2015-02-16,172.0
2015-02-17,160.0
2015-02-25,162.0
2015-02-26,142.0
2015-02-27,148.0
2015-03-02,126.0
2015-03-03,122.0
2015-03-04,132.0
2015-03-05,130.0
2015-03-06,134.0
2015-03-09,120.0
2015-03-10,122.0
2015-03-11,128.0
2015-03-12,128.0
2015-03-13,126.0
2015-03-16,122.0
2015-03-17,122.0
2015-03-18,120.0
2015-03-19,120.0
2015-03-20,118.0
2015-03-23,116.0
2015-03-24,116.0
2015-03-25,116.0
2015-03-26,116.0
2015-03-27,118.0
2015-03-30,118.0
2015-03-31,118.0
2015-04-01,118.0
2015-04-02,116.0
2015-04-03,116.0
2015-04-07,116.0
2015-04-08,116.0
2015-04-09,116.0
2015-04-10,82.0
2015-04-13,96.0
2015-04-14,94.0
2015-04-15,88.0
2015-04-16,84.0
2015-04-17,84.0
2015-04-20,68.0
2015-04-21,60.0
2015-04-22,46.0
2015-04-23,42.0
2015-04-24,42.0
2015-04-27,26.0
2015-04-28,28.0
2015-04-29,20.0
2015-04-30,6.0
2015-05-04,4.0
2015-05-05,10.0
2015-05-06,6.0
2015-05-07,6.0
2015-05-08,6.0
2015-05-11,16.0
2015-05-12,16.0
2015-05-13,14.0
2015-05-14,6.0
2015-05-15,6.0
2015-05-18,6.0
2015-05-19,30.0
2015-05-20,32.0
2015-05-21,30.0
2015-05-22,28.0
2015-05-25,28.0
2015-05-26,30.0
2015-05-27,30.0
2015-05-28,30.0
2015-05-29,24.0
2015-06-01,26.0
2015-06-02,26.0
2015-06-03,24.0
2015-06-04,24.0
2015-06-05,24.0
2015-06-08,24.0
2015-06-09,24.0
2015-06-10,24.0
2015-06-11,24.0
2015-06-12,24.0
2015-06-15,20.0
2015-06-16,8.0
2015-06-17,8.0
2015-06-18,8.0
2015-06-19,8.0
2015-06-23,8.0
2015-06-24,8.0
2015-06-25,8.0
2015-06-26,8.0
2015-06-29,8.0
2015-06-30,2.0
2015-07-01,2.0
2015-07-02,2.0
2015-07-03,2.0
2015-07-06,2.0
2015-07-07,4.0
2015-07-08,38.0
2015-07-09,36.0
2015-07-10,36.0
2015-07-13,32.0
2015-07-14,28.0
2015-07-15,28.0
2015-07-16,38.0
2015-07-17,32.0
2015-07-20,34.0
2015-07-21,42.0
2015-07-22,28.0
2015-07-23,30.0
2015-07-24,32.0
2015-07-27,32.0
2015-07-28,32.0
2015-07-29,30.0
2015-07-30,26.0
2015-07-31,26.0
2015-08-03,28.0
2015-08-04,26.0
2015-08-05,26.0
2015-08-06,26.0
2015-08-07,18.0
2015-08-10,18.0
2015-08-11,18.0
2015-08-12,18.0
2015-08-13,18.0
2015-08-14,20.0
2015-08-17,36.0
2015-08-18,38.0
2015-08-19,34.0
2015-08-20,34.0
2015-08-21,32.0
2015-08-24,32.0
2015-08-25,32.0
2015-08-26,32.0
2015-08-27,32.0
2015-08-28,34.0
2015-08-31,36.0
2015-09-01,34.0
2015-09-02,36.0
2015-09-07,40.0
2015-09-08,40.0
2015-09-09,40.0
2015-09-10,40.0
2015-09-11,40.0
2015-09-14,40.0
2015-09-15,36.0
2015-09-16,46.0
2015-09-17,42.0
2015-09-18,46.0
2015-09-21,52.0
2015-09-22,48.0
2015-09-23,48.0
2015-09-24,48.0
2015-09-25,50.0
2015-09-28,50.0
2015-09-29,48.0
2015-09-30,42.0
2015-10-08,38.0
2015-10-09,38.0
2015-10-12,38.0
2015-10-13,40.0
2015-10-14,44.0
2015-10-15,40.0
2015-10-16,54.0
2015-10-19,50.0
2015-10-20,42.0
2015-10-21,44.0
2015-10-22,46.0
2015-10-23,58.0
2015-10-26,78.0
2015-10-27,98.0
2015-10-28,164.0
2015-10-29,546.0
2015-10-30,998.0
2015-11-02,1254.0
2015-11-03,1532.0
2015-11-04,1464.0
2015-11-05,1176.0
2015-11-06,828.0
2015-11-09,838.0
2015-11-10,650.0
2015-11-11,1120.0
2015-11-12,1938.0
2015-11-13,1306.0
2015-11-16,1080.0
2015-11-17,1044.0
2015-11-18,1054.0
2015-11-19,1114.0
2015-11-20,1192.0
2015-11-23,1384.0
2015-11-24,1016.0
2015-11-25,912.0
2015-11-26,926.0
2015-11-27,996.0
2015-11-30,1018.0
2015-12-01,1028.0
2015-12-02,1326.0
2015-12-03,1618.0
2015-12-04,1644.0
2015-12-07,1184.0
2015-12-08,916.0
2015-12-09,724.0
2015-12-10,662.0
2015-12-11,570.0
2015-12-14,474.0
2015-12-15,442.0
2015-12-16,384.0
2015-12-17,360.0
2015-12-18,276.0
2015-12-21,230.0
2015-12-22,246.0
2015-12-23,192.0
2015-12-24,172.0
2015-12-25,164.0
2015-12-28,164.0
2015-12-29,158.0
2015-12-30,136.0
2015-12-31,108.0
2016-01-04,114.0
2016-01-05,154.0
2016-01-06,180.0
2016-01-07,198.0
2016-01-08,254.0
2016-01-11,486.0
2016-01-12,512.0
2016-01-13,472.0
2016-01-14,668.0
2016-01-15,754.0
2016-01-18,804.0
2016-01-19,748.0
2016-01-20,744.0
2016-01-21,704.0
2016-01-22,660.0
2016-01-25,694.0
2016-01-26,590.0
2016-01-27,534.0
2016-01-28,562.0
2016-01-29,560.0
2016-02-01,518.0
2016-02-02,504.0
2016-02-03,464.0
2016-02-04,330.0
2016-02-05,244.0
2016-02-15,236.0
2016-02-16,264.0
2016-02-17,228.0
2016-02-18,236.0
2016-02-19,236.0
2016-02-22,220.0
2016-02-23,204.0
2016-02-24,248.0
2016-02-25,230.0
2016-02-26,202.0
2016-02-29,228.0
2016-03-01,352.0
2016-03-02,904.0
2016-03-03,1050.0
2016-03-04,758.0
2016-03-07,742.0
2016-03-08,790.0
2016-03-09,502.0
2016-03-10,522.0
2016-03-11,516.0
2016-03-14,572.0
2016-03-15,518.0
2016-03-16,532.0
2016-03-17,526.0
2016-03-18,544.0
2016-03-21,644.0
2016-03-22,542.0
2016-03-23,520.0
2016-03-24,444.0
2016-03-25,460.0
2016-03-28,544.0
2016-03-29,588.0
2016-03-30,652.0
2016-03-31,642.0
2016-04-01,614.0
2016-04-05,590.0
2016-04-06,558.0
2016-04-07,582.0
2016-04-08,546.0
2016-04-11,592.0
2016-04-12,518.0
2016-04-13,864.0
2016-04-14,1152.0
2016-04-15,1024.0
2016-04-18,1028.0
2016-04-19,848.0
2016-04-20,770.0
2016-04-21,734.0
2016-04-22,650.0
2016-04-25,584.0
2016-04-26,508.0
2016-04-27,440.0
2016-04-28,446.0
2016-04-29,398.0
2016-05-03,436.0
2016-05-04,434.0
2016-05-05,402.0
2016-05-06,404.0
2016-05-09,482.0
2016-05-10,488.0
2016-05-11,570.0
2016-05-12,642.0
2016-05-13,590.0
2016-05-16,400.0
2016-05-17,408.0
2016-05-18,390.0
2016-05-19,386.0
2016-05-20,780.0
2016-05-23,714.0
2016-05-24,752.0
2016-05-25,868.0
2016-05-26,858.0
2016-05-27,824.0
2016-05-30,818.0
2016-05-31,844.0
2016-06-01,852.0
2016-06-02,814.0
2016-06-03,700.0
2016-06-06,644.0
2016-06-07,674.0
2016-06-08,684.0
2016-06-13,674.0
2016-06-14,738.0
2016-06-15,746.0
2016-06-16,742.0
2016-06-17,746.0
2016-06-20,736.0
2016-06-21,736.0
2016-06-22,732.0
2016-06-23,742.0
2016-06-24,866.0
2016-06-27,774.0
2016-06-28,642.0
2016-06-29,630.0
2016-06-30,610.0
2016-07-01,548.0
2016-07-04,646.0
2016-07-05,578.0
2016-07-06,616.0
2016-07-07,582.0
2016-07-08,8532.0
2016-07-11,8470.0
2016-07-12,8400.0
2016-07-13,8302.0
2016-07-14,8334.0
2016-07-15,8298.0
2016-07-18,8278.0
2016-07-19,8304.0
2016-07-20,8522.0
2016-07-21,9080.0
2016-07-22,9392.0
2016-07-25,9968.0
2016-07-26,11306.0
2016-07-27,11714.0
2016-07-28,12422.0
2016-07-29,14758.0
2016-08-01,14626.0
2016-08-02,15160.0
2016-08-03,15412.0
2016-08-04,15450.0
2016-08-05,14062.0
2016-08-08,13978.0
2016-08-09,13138.0
2016-08-10,12908.0
2016-08-11,12292.0
2016-08-12,12004.0
2016-08-15,11848.0
2016-08-16,11702.0
2016-08-17,11676.0
2016-08-18,11440.0
2016-08-19,10912.0
2016-08-22,10390.0
2016-08-23,10414.0
2016-08-24,10324.0
2016-08-25,10464.0
2016-08-26,10496.0
2016-08-29,10742.0
2016-08-30,10704.0
2016-08-31,10574.0
2016-09-01,10588.0
2016-09-02,10578.0
2016-09-05,10632.0
2016-09-06,10790.0
2016-09-07,10774.0
2016-09-08,11738.0
2016-09-09,11304.0
2016-09-12,11098.0
2016-09-13,11004.0
2016-09-14,10376.0
2016-09-19,10590.0
2016-09-20,11602.0
2016-09-21,11562.0
2016-09-22,11474.0
2016-09-23,11506.0
2016-09-26,11126.0
2016-09-27,7016.0
2016-09-28,3442.0
2016-09-29,3570.0
2016-09-30,2580.0
2016-10-10,2134.0
2016-10-11,3036.0
2016-10-12,7036.0
2016-10-13,7458.0
2016-10-14,8204.0
2016-10-17,7830.0
2016-10-18,9532.0
2016-10-19,10950.0
2016-10-20,14988.0
2016-10-21,14426.0
2016-10-24,17818.0
2016-10-25,25382.0
2016-10-26,24080.0
2016-10-27,25468.0
2016-10-28,27552.0
2016-10-31,31770.0
2016-11-01,33430.0
2016-11-02,34468.0
2016-11-03,39974.0
2016-11-04,36950.0
2016-11-07,37412.0
2016-11-08,34000.0
2016-11-09,33980.0
2016-11-10,34108.0
2016-11-11,34728.0
2016-11-14,29228.0
2016-11-15,28850.0
2016-11-16,27458.0
2016-11-17,27148.0
2016-11-18,26656.0
2016-11-21,24700.0
2016-11-22,22906.0
2016-11-23,22934.0
2016-11-24,22916.0
2016-11-25,17504.0
2016-11-28,19330.0
2016-11-29,18466.0
2016-11-30,18296.0
2016-12-01,17678.0
2016-12-02,16830.0
2016-12-05,16578.0
2016-12-06,15620.0
2016-12-07,15214.0
2016-12-08,14554.0
2016-12-09,14326.0
2016-12-12,13830.0
2016-12-13,13582.0
2016-12-14,13402.0
2016-12-15,12526.0
2016-12-16,12252.0
2016-12-19,11312.0
2016-12-20,10440.0
2016-12-21,9692.0
2016-12-22,9078.0
2016-12-23,8834.0
2016-12-26,7602.0
2016-12-27,6950.0
2016-12-28,5452.0
2016-12-29,3170.0
2016-12-30,2700.0
2017-01-03,2726.0
2017-01-04,2662.0
2017-01-05,2716.0
2017-01-06,2926.0
2017-01-09,3960.0
2017-01-10,3504.0
2017-01-11,3276.0
2017-01-12,3926.0
2017-01-13,3846.0
2017-01-16,3782.0
2017-01-17,3682.0
2017-01-18,4242.0
2017-01-19,4174.0
2017-01-20,3908.0
2017-01-23,3906.0
2017-01-24,3728.0
2017-01-25,3554.0
2017-01-26,3406.0
2017-02-03,3826.0
2017-02-06,4386.0
2017-02-07,4058.0
2017-02-08,4222.0
2017-02-09,4240.0
2017-02-10,4306.0
2017-02-13,4422.0
2017-02-14,4204.0
2017-02-15,4384.0
2017-02-16,3964.0
2017-02-17,4268.0
2017-02-20,12188.0
2017-02-21,16322.0
2017-02-22,16298.0
2017-02-23,15974.0
2017-02-24,16116.0
2017-02-27,15412.0
2017-02-28,15476.0
2017-03-01,15482.0
2017-03-02,15464.0
2017-03-03,15946.0
2017-03-06,15512.0
2017-03-07,15580.0
2017-03-08,15602.0
2017-03-09,15352.0
2017-03-10,15336.0
2017-03-13,7330.0
2017-03-14,7388.0
2017-03-15,7598.0
2017-03-16,7678.0
2017-03-17,13392.0
2017-03-20,31300.0
2017-03-21,31176.0
2017-03-22,28774.0
2017-03-23,27766.0
2017-03-24,24636.0
2017-03-27,25514.0
2017-03-28,28550.0
2017-03-29,33538.0
2017-03-30,35124.0
2017-03-31,33844.0
2017-04-05,33756.0
2017-04-06,34278.0
2017-04-07,30476.0
2017-04-10,30584.0
2017-04-11,30536.0
2017-04-12,27678.0
2017-04-13,25534.0
2017-04-14,22676.0
2017-04-17,21356.0
2017-04-18,19318.0
2017-04-19,16156.0
2017-04-20,14116.0
2017-04-21,13440.0
2017-04-24,11688.0
2017-04-25,10400.0
2017-04-26,10492.0
2017-04-27,8768.0
2017-04-28,8378.0
2017-05-02,9252.0
2017-05-03,9144.0
2017-05-04,8810.0
2017-05-05,8742.0
2017-05-08,8682.0
2017-05-09,10266.0
2017-05-10,12004.0
2017-05-11,10006.0
2017-05-12,9928.0
2017-05-15,9658.0
2017-05-16,8592.0
2017-05-17,9178.0
2017-05-18,8744.0
2017-05-19,8666.0
2017-05-22,8486.0
2017-05-23,10574.0
2017-05-24,11066.0
2017-05-25,12084.0
2017-05-26,11448.0
2017-05-31,10748.0
2017-06-01,9854.0
2017-06-02,11208.0
2017-06-05,12784.0
2017-06-06,12584.0
2017-06-07,14706.0
2017-06-08,13340.0
2017-06-09,13404.0
2017-06-12,13978.0
2017-06-13,13454.0
2017-06-14,12564.0
2017-06-15,11870.0
2017-06-16,10828.0
2017-06-19,11010.0
2017-06-20,11638.0
2017-06-21,14580.0
2017-06-22,17378.0
2017-06-23,18796.0
2017-06-26,17990.0
2017-06-27,17634.0
2017-06-28,17128.0
2017-06-29,18142.0
2017-06-30,16512.0
2017-07-03,18390.0
2017-07-04,20120.0
2017-07-05,20772.0
2017-07-06,22132.0
2017-07-07,21620.0
2017-07-10,18582.0
2017-07-11,19202.0
2017-07-12,19410.0
2017-07-13,19110.0
2017-07-14,19294.0
2017-07-17,20746.0
2017-07-18,20864.0
2017-07-19,20648.0
2017-07-20,24392.0
2017-07-21,24412.0
2017-07-24,25720.0
2017-07-25,26536.0
2017-07-26,28340.0
2017-07-27,30394.0
2017-07-28,31438.0
2017-07-31,30918.0
2017-08-01,31106.0
2017-08-02,30752.0
2017-08-03,30496.0
2017-08-04,30090.0
2017-08-07,29140.0
2017-08-08,29168.0
2017-08-09,30000.0
2017-08-10,39168.0
2017-08-11,32644.0
2017-08-14,42556.0
2017-08-15,50832.0
2017-08-16,81850.0
2017-08-17,74626.0
2017-08-18,81354.0
2017-08-21,92856.0
2017-08-22,119870.0
2017-08-23,114756.0
2017-08-24,121444.0
2017-08-25,132520.0
2017-08-28,138490.0
2017-08-29,138396.0
2017-08-30,129578.0
2017-08-31,153168.0
2017-09-01,166104.0
2017-09-04,169308.0
2017-09-05,153764.0
2017-09-06,151330.0
2017-09-07,152290.0
2017-09-08,170822.0
2017-09-11,180018.0
2017-09-12,199290.0
2017-09-13,201164.0
2017-09-14,194852.0
2017-09-15,179856.0
2017-09-18,179288.0
2017-09-19,197886.0
2017-09-20,225176.0
2017-09-21,232584.0
2017-09-22,188394.0
2017-09-25,199614.0
2017-09-26,200906.0
2017-09-27,205722.0
2017-09-28,168994.0
2017-09-29,151754.0
2017-10-09,150552.0
2017-10-10,179754.0
2017-10-11,162350.0
2017-10-12,175636.0
2017-10-13,189526.0
2017-10-16,184126.0
2017-10-17,161620.0
2017-10-18,190734.0
2017-10-19,167638.0
2017-10-20,179516.0
2017-10-23,184862.0
2017-10-24,194300.0
2017-10-25,170468.0
2017-10-26,215388.0
2017-10-27,193720.0
2017-10-30,179668.0
2017-10-31,160248.0
2017-11-01,167522.0
2017-11-02,164880.0
2017-11-03,166870.0
2017-11-06,169812.0
2017-11-07,151324.0
2017-11-08,155948.0
2017-11-09,143710.0
2017-11-10,157010.0
2017-11-13,161192.0
2017-11-14,149272.0
2017-11-15,164838.0
2017-11-16,142502.0
2017-11-17,148232.0
2017-11-20,132152.0
2017-11-21,136980.0
2017-11-22,127930.0
2017-11-23,182536.0
2017-11-24,127088.0
2017-11-27,137906.0
2017-11-28,146444.0
2017-11-29,170084.0
2017-11-30,146416.0
2017-12-01,172204.0
2017-12-04,170384.0
2017-12-05,206240.0
2017-12-06,274012.0
2017-12-07,275158.0
2017-12-08,248724.0
2017-12-11,252398.0
2017-12-12,224444.0
2017-12-13,201142.0
2017-12-14,179568.0
2017-12-15,159492.0
2017-12-18,169618.0
2017-12-19,157448.0
2017-12-20,155728.0
2017-12-21,228604.0
2017-12-22,197342.0
2017-12-25,187470.0
2017-12-26,161070.0
2017-12-27,180688.0
2017-12-28,233078.0
2017-12-29,208012.0
2018-01-02,220816.0
2018-01-03,216948.0
2018-01-04,226108.0
2018-01-05,235994.0
2018-01-08,221818.0
2018-01-09,230262.0
2018-01-10,220558.0
2018-01-11,240656.0
2018-01-12,231452.0
2018-01-15,228682.0
2018-01-16,243792.0
2018-01-17,218932.0
2018-01-18,246610.0
2018-01-19,225184.0
2018-01-22,232060.0
2018-01-23,226486.0
2018-01-24,199994.0
2018-01-25,212826.0
2018-01-26,194224.0
2018-01-29,189816.0
2018-01-30,179504.0
2018-01-31,162886.0
2018-02-01,170680.0
2018-02-02,159036.0
2018-02-05,202404.0
2018-02-06,170326.0
2018-02-07,190098.0
2018-02-08,168208.0
2018-02-09,160258.0
2018-02-12,152778.0
2018-02-13,142978.0
2018-02-14,140404.0
2018-02-22,139840.0
2018-02-23,184532.0
2018-02-26,206110.0
2018-02-27,199658.0
2018-02-28,210002.0
2018-03-01,219284.0
2018-03-02,194642.0
2018-03-05,205022.0
2018-03-06,185762.0
2018-03-07,194932.0
2018-03-08,185504.0
2018-03-09,213706.0
2018-03-12,183378.0
2018-03-13,188298.0
2018-03-14,198760.0
2018-03-15,197738.0
2018-03-16,190072.0
2018-03-19,195200.0
2018-03-20,212740.0
2018-03-21,196290.0
2018-03-22,195326.0
2018-03-23,162400.0
2018-03-26,164790.0
2018-03-27,202552.0
2018-03-28,178866.0
2018-03-29,184678.0
2018-03-30,186684.0
2018-04-02,226894.0
2018-04-03,212578.0
2018-04-04,206642.0
2018-04-09,203096.0
2018-04-10,222646.0
2018-04-11,215952.0
2018-04-12,206010.0
2018-04-13,252306.0
2018-04-16,217404.0
2018-04-17,220644.0
2018-04-18,182528.0
2018-04-19,177816.0
2018-04-20,170970.0
2018-04-23,182100.0
2018-04-24,226044.0
2018-04-25,216850.0
2018-04-26,202962.0
2018-04-27,174502.0
2018-05-02,191620.0
2018-05-03,196140.0
2018-05-04,180942.0
2018-05-07,229886.0
2018-05-08,209922.0
2018-05-09,213356.0
2018-05-10,189858.0
2018-05-11,191262.0
2018-05-14,223206.0
2018-05-15,223812.0
2018-05-16,253256.0
2018-05-17,201456.0
2018-05-18,209206.0
2018-05-21,182730.0
2018-05-22,177762.0
2018-05-23,200202.0
2018-05-24,192960.0
2018-05-25,188012.0
2018-05-28,186388.0
2018-05-29,203170.0
2018-05-30,177714.0
2018-05-31,192264.0
2018-06-01,186220.0
2018-06-04,185472.0
2018-06-05,180710.0
2018-06-06,173522.0
2018-06-07,171474.0
2018-06-08,191826.0
2018-06-11,179552.0
2018-06-12,186736.0
2018-06-13,166676.0
2018-06-14,154254.0
2018-06-15,162348.0
2018-06-19,161622.0
2018-06-20,146708.0
2018-06-21,146796.0
2018-06-22,156972.0
2018-06-25,163448.0
2018-06-26,221558.0
2018-06-27,197200.0
2018-06-28,192290.0
2018-06-29,226192.0
2018-07-02,187588.0
2018-07-03,197542.0
2018-07-04,171416.0
2018-07-05,153978.0
2018-07-06,151476.0
2018-07-09,132412.0
2018-07-10,155252.0
2018-07-11,136364.0
2018-07-12,149220.0
2018-07-13,135432.0
2018-07-16,156540.0
2018-07-17,143062.0
2018-07-18,144532.0
2018-07-19,158456.0
2018-07-20,155968.0
2018-07-23,180818.0
2018-07-24,177068.0
2018-07-25,186282.0
2018-07-26,181908.0
2018-07-27,194828.0
2018-07-30,179246.0
2018-07-31,198078.0
2018-08-01,206612.0
2018-08-02,225888.0
2018-08-03,230412.0
2018-08-06,218856.0
2018-08-07,221018.0
2018-08-08,229548.0
2018-08-09,222196.0
2018-08-10,236402.0
2018-08-13,210762.0
2018-08-14,211858.0
2018-08-15,233146.0
2018-08-16,214338.0
2018-08-17,219048.0
2018-08-20,197380.0
2018-08-21,178598.0
2018-08-22,162398.0
2018-08-23,161906.0
2018-08-24,156342.0
2018-08-27,155854.0
2018-08-28,156880.0
2018-08-29,169336.0
2018-08-30,169494.0
2018-08-31,149484.0
2018-09-03,147976.0
2018-09-04,153132.0
2018-09-05,147204.0
2018-09-06,144250.0
2018-09-07,159316.0
2018-09-10,147504.0
2018-09-11,130470.0
2018-09-12,146086.0
2018-09-13,128480.0
2018-09-14,162050.0
2018-09-17,136064.0
2018-09-18,137474.0
2018-09-19,142762.0
2018-09-20,135336.0
2018-09-21,133208.0
2018-09-25,136254.0
2018-09-26,125274.0
2018-09-27,119220.0
2018-09-28,122756.0
2018-10-08,111416.0
2018-10-09,131758.0
2018-10-10,134948.0
2018-10-11,135464.0
2018-10-12,145036.0
2018-10-15,146258.0
2018-10-16,144714.0
2018-10-17,149042.0
2018-10-18,139614.0
2018-10-19,164256.0
2018-10-22,167372.0
2018-10-23,154340.0
2018-10-24,152970.0
2018-10-25,149534.0
2018-10-26,154716.0
2018-10-29,162702.0
2018-10-30,147464.0
2018-10-31,133436.0
2018-11-01,122356.0
2018-11-02,120194.0
2018-11-05,109236.0
2018-11-06,113488.0
2018-11-07,106948.0
2018-11-08,123910.0
2018-11-09,112134.0
2018-11-12,156816.0
2018-11-13,149082.0
2018-11-14,134984.0
2018-11-15,128458.0
2018-11-16,133436.0
2018-11-19,114574.0
2018-11-20,119662.0
2018-11-21,121508.0
2018-11-22,112180.0
2018-11-23,109754.0
2018-11-26,143578.0
2018-11-27,136238.0
2018-11-28,121998.0
2018-11-29,111758.0
2018-11-30,107126.0
2018-12-03,96242.0
2018-12-04,82360.0
2018-12-05,71198.0
2018-12-06,79034.0
2018-12-07,73420.0
2018-12-10,80772.0
2018-12-11,72504.0
2018-12-12,80594.0
2018-12-13,73694.0
2018-12-14,78106.0
2018-12-17,82452.0
2018-12-18,72794.0
2018-12-19,68404.0
2018-12-20,75164.0
2018-12-21,77404.0
2018-12-24,81710.0
2018-12-25,82300.0
2018-12-26,93148.0
2018-12-27,109490.0
2018-12-28,100558.0
2019-01-02,122634.0
2019-01-03,119854.0
2019-01-04,120542.0
2019-01-07,121368.0
2019-01-08,124742.0
2019-01-09,117064.0
2019-01-10,124834.0
2019-01-11,119212.0
2019-01-14,114794.0
2019-01-15,109052.0
2019-01-16,105508.0
2019-01-17,104976.0
2019-01-18,118232.0
2019-01-21,104196.0
2019-01-22,111324.0
2019-01-23,107968.0
2019-01-24,112582.0
2019-01-25,120434.0
2019-01-28,114098.0
2019-01-29,116260.0
2019-01-30,110480.0
2019-01-31,100890.0
2019-02-01,95040.0
2019-02-11,102274.0
2019-02-12,96862.0
2019-02-13,97778.0
2019-02-14,98646.0
2019-02-15,101408.0
2019-02-18,99606.0
2019-02-19,98800.0
2019-02-20,105332.0
2019-02-21,107650.0
2019-02-22,112728.0
2019-02-25,123606.0
2019-02-26,126142.0
2019-02-27,132464.0
2019-02-28,121278.0
2019-03-01,130296.0
2019-03-04,133578.0
2019-03-05,130940.0
2019-03-06,136964.0
2019-03-07,153206.0
2019-03-08,145748.0
2019-03-11,156744.0
2019-03-12,150960.0
2019-03-13,157840.0
2019-03-14,158658.0
2019-03-15,158614.0
2019-03-18,152152.0
2019-03-19,144308.0
2019-03-20,140418.0
2019-03-21,139900.0
2019-03-22,146282.0
2019-03-25,149034.0
2019-03-26,148916.0
2019-03-27,161314.0
2019-03-28,156658.0
2019-03-29,161162.0
2019-04-01,158566.0
2019-04-02,163812.0
2019-04-03,167718.0
2019-04-04,170136.0
2019-04-08,165312.0
2019-04-09,166286.0
2019-04-10,155662.0
2019-04-11,160476.0
2019-04-12,149456.0
2019-04-15,146372.0
2019-04-16,161728.0
2019-04-17,155770.0
2019-04-18,147830.0
2019-04-19,143024.0
2019-04-22,142170.0
2019-04-23,132918.0
2019-04-24,126012.0
2019-04-25,117980.0
2019-04-26,118300.0
2019-04-29,114276.0
2019-04-30,114036.0
2019-05-06,112726.0
2019-05-07,113750.0
2019-05-08,115436.0
2019-05-09,128856.0
2019-05-10,129374.0
2019-05-13,122818.0
2019-05-14,121670.0
2019-05-15,123414.0
2019-05-16,127222.0
2019-05-17,134922.0
2019-05-20,146656.0
2019-05-21,157020.0
2019-05-22,159074.0
2019-05-23,163470.0
2019-05-24,160598.0
2019-05-27,183892.0
2019-05-28,174312.0
2019-05-29,160770.0
2019-05-30,157234.0
2019-05-31,152288.0
2019-06-03,178296.0
2019-06-04,177864.0
2019-06-05,160716.0
2019-06-06,155420.0
2019-06-10,160578.0
2019-06-11,161640.0
2019-06-12,158198.0
2019-06-13,166948.0
2019-06-14,184726.0
2019-06-17,185724.0
2019-06-18,187702.0
2019-06-19,195052.0
2019-06-20,203686.0
2019-06-21,201650.0
2019-06-24,192742.0
2019-06-25,202168.0
2019-06-26,217038.0
2019-06-27,216166.0
2019-06-28,214880.0
2019-07-01,211564.0
2019-07-02,201344.0
2019-07-03,196768.0
2019-07-04,195382.0
2019-07-05,190590.0
2019-07-08,191854.0
2019-07-09,182106.0
2019-07-10,179284.0
2019-07-11,186238.0
2019-07-12,198194.0
2019-07-15,201260.0
2019-07-16,196500.0
2019-07-17,202384.0
2019-07-18,214360.0
2019-07-19,219942.0
2019-07-22,201696.0
2019-07-23,195868.0
2019-07-24,190842.0
2019-07-25,180604.0
2019-07-26,177318.0
2019-07-29,170850.0
2019-07-30,173442.0
2019-07-31,173770.0
2019-08-01,174800.0
2019-08-02,168040.0
2019-08-05,161944.0
2019-08-06,166130.0
2019-08-07,166408.0
2019-08-08,166690.0
2019-08-09,162140.0
2019-08-12,158746.0
2019-08-13,166086.0
2019-08-14,157640.0
2019-08-15,150584.0
2019-08-16,144618.0
2019-08-19,136542.0
2019-08-20,139036.0
2019-08-21,147672.0
2019-08-22,141924.0
2019-08-23,139246.0
2019-08-26,139200.0
2019-08-27,141430.0
2019-08-28,147858.0
2019-08-29,157504.0
2019-08-30,142232.0
2019-09-02,135022.0
2019-09-03,127536.0
2019-09-04,122796.0
2019-09-05,125160.0
2019-09-06,122074.0
2019-09-09,121698.0
2019-09-10,120014.0
2019-09-11,120216.0
2019-09-12,116672.0
2019-09-16,122686.0
2019-09-17,120536.0
2019-09-18,132352.0
2019-09-19,132032.0
2019-09-20,127228.0
2019-09-23,126134.0
2019-09-24,125838.0
2019-09-25,131704.0
2019-09-26,131024.0
2019-09-27,110562.0
2019-09-30,104600.0
2019-10-08,113124.0
2019-10-09,118858.0
2019-10-10,121418.0
2019-10-11,119464.0
2019-10-14,129270.0
2019-10-15,129872.0
2019-10-16,138260.0
2019-10-17,147744.0
2019-10-18,144792.0
2019-10-21,151468.0
2019-10-22,157432.0
2019-10-23,154086.0
2019-10-24,169660.0
2019-10-25,160988.0
2019-10-28,160582.0
2019-10-29,152362.0
2019-10-30,159118.0
2019-10-31,168254.0
2019-11-01,160068.0
2019-11-04,171004.0
2019-11-05,164396.0
2019-11-06,176174.0
2019-11-07,165138.0
2019-11-08,174000.0
2019-11-11,176904.0
2019-11-12,185574.0
2019-11-13,189698.0
2019-11-14,167798.0
2019-11-15,161362.0
2019-11-18,139068.0
2019-11-19,147226.0
2019-11-20,143054.0
2019-11-21,139092.0
2019-11-22,132052.0
2019-11-25,130920.0
2019-11-26,142220.0
2019-11-27,140644.0
2019-11-28,137220.0
2019-11-29,141760.0
2019-12-02,146950.0
2019-12-03,156980.0
2019-12-04,162500.0
2019-12-05,155780.0
2019-12-06,149474.0
2019-12-09,146854.0
2019-12-10,142442.0
2019-12-11,149610.0
2019-12-12,135126.0
2019-12-13,128172.0
2019-12-16,126598.0
2019-12-17,121176.0
2019-12-18,118934.0
2019-12-19,115294.0
2019-12-20,115412.0
2019-12-23,117264.0
2019-12-24,113880.0
2019-12-25,112450.0
2019-12-26,114224.0
2019-12-27,118960.0
2019-12-30,116688.0
2019-12-31,114294.0
2020-01-02,58052.0
2020-01-03,58225.0
2020-01-06,56950.0
2020-01-07,55498.0
2020-01-08,56441.0
2020-01-09,55478.0
2020-01-10,58373.0
2020-01-13,58417.0
2020-01-14,57017.0
2020-01-15,57536.0
2020-01-16,54363.0
2020-01-17,52513.0
2020-01-20,52230.0
2020-01-21,50028.0
2020-01-22,51618.0
2020-01-23,50854.0
2020-02-03,60731.0
2020-02-04,81373.0
2020-02-05,87526.0
2020-02-06,87149.0
2020-02-07,83176.0
2020-02-10,81433.0
2020-02-11,81720.0
2020-02-12,77437.0
2020-02-13,69307.0
2020-02-14,66318.0
2020-02-17,68852.0
2020-02-18,69492.0
2020-02-19,69860.0
2020-02-20,72092.0
2020-02-21,72869.0
2020-02-24,71836.0
2020-02-25,73756.0
2020-02-26,73538.0
2020-02-27,73614.0
2020-02-28,67438.0
2020-03-02,68667.0
2020-03-03,68861.0
2020-03-04,84745.0
2020-03-05,76229.0
2020-03-06,76636.0
2020-03-09,81192.0
2020-03-10,77578.0
2020-03-11,78288.0
2020-03-12,81434.0
2020-03-13,77338.0
2020-03-16,76344.0
2020-03-17,75978.0
2020-03-18,70415.0
2020-03-19,68318.0
2020-03-20,67872.0
2020-03-23,82696.0
2020-03-24,74684.0
2020-03-25,75190.0
2020-03-26,67849.0
2020-03-27,66156.0
2020-03-30,65606.0
2020-03-31,61307.0
2020-04-01,67626.0
2020-04-02,71098.0
2020-04-03,75046.0
2020-04-07,74052.0
2020-04-08,73987.0
2020-04-09,83981.0
2020-04-10,89760.0
2020-04-13,92234.0
2020-04-14,90161.0
2020-04-15,93205.0
2020-04-16,89243.0
2020-04-17,92455.0
2020-04-20,100442.0
2020-04-21,105748.0
2020-04-22,107709.0
2020-04-23,103243.0
2020-04-24,105631.0
2020-04-27,107455.0
2020-04-28,105031.0
2020-04-29,103585.0
2020-04-30,97711.0
2020-05-06,101860.0
2020-05-07,104394.0
2020-05-08,119029.0
2020-05-11,123005.0
2020-05-12,120052.0
2020-05-13,118796.0
2020-05-14,113352.0
2020-05-15,121742.0
2020-05-18,115309.0
2020-05-19,128692.0
2020-05-20,137825.0
2020-05-21,148349.0
2020-05-22,148039.0
2020-05-25,152313.0
2020-05-26,155856.0
2020-05-27,143172.0
2020-05-28,138604.0
2020-05-29,130153.0
2020-06-01,129909.0
2020-06-02,127792.0
2020-06-03,133616.0
2020-06-04,142457.0
2020-06-05,148978.0
2020-06-08,150030.0
2020-06-09,159270.0
2020-06-10,157908.0
2020-06-11,176146.0
2020-06-12,171918.0
2020-06-15,168770.0
2020-06-16,171975.0
2020-06-17,184358.0
2020-06-18,224329.0
2020-06-19,230432.0
2020-06-22,213138.0
2020-06-23,213772.0
2020-06-24,218941.0
2020-06-29,216540.0
2020-06-30,199586.0
2020-07-01,191116.0
2020-07-02,191481.0
2020-07-03,195317.0
2020-07-06,196569.0
2020-07-07,192071.0
2020-07-08,203531.0
2020-07-09,176435.0
2020-07-10,164014.0
2020-07-13,167966.0
2020-07-14,174856.0
2020-07-15,163187.0
2020-07-16,157701.0
2020-07-17,160575.0
2020-07-20,152077.0
2020-07-21,149501.0
2020-07-22,151210.0
2020-07-23,144124.0
2020-07-24,149208.0
2020-07-27,149885.0
2020-07-28,146134.0
2020-07-29,147165.0
2020-07-30,141088.0
2020-07-31,141583.0
2020-08-03,136957.0
2020-08-04,159576.0
2020-08-05,145847.0
2020-08-06,140726.0
2020-08-07,138521.0
2020-08-10,140055.0
2020-08-11,137515.0
2020-08-12,139527.0
2020-08-13,139895.0
2020-08-14,136334.0
2020-08-17,131083.0
2020-08-18,121802.0
2020-08-19,125383.0
2020-08-20,121127.0
2020-08-21,129282.0
2020-08-24,121733.0
2020-08-25,111995.0
2020-08-26,111558.0
2020-08-27,108066.0
2020-08-28,105263.0
2020-08-31,105927.0
2020-09-01,114375.0
2020-09-02,117760.0
2020-09-03,112386.0
2020-09-04,108835.0
2020-09-07,107223.0
2020-09-08,105698.0
2020-09-09,104198.0
2020-09-10,104505.0
2020-09-11,110291.0
2020-09-14,104589.0
2020-09-15,99269.0
2020-09-16,104707.0
2020-09-17,104101.0
2020-09-18,114927.0
2020-09-21,106874.0
2020-09-22,108363.0
2020-09-23,110422.0
2020-09-24,101910.0
2020-09-25,89097.0
2020-09-28,84762.0
2020-09-29,76950.0
2020-09-30,75252.0
2020-10-09,77951.0
2020-10-12,81775.0
2020-10-13,94994.0
2020-10-14,99143.0
2020-10-15,101093.0
2020-10-16,108960.0
2020-10-19,107144.0
2020-10-20,108356.0
2020-10-21,117213.0
2020-10-22,105390.0
2020-10-23,98387.0
2020-10-26,90969.0
2020-10-27,88330.0
2020-10-28,86573.0
2020-10-29,85561.0
2020-10-30,83583.0
2020-11-02,83948.0
2020-11-03,81608.0
2020-11-04,96068.0
2020-11-05,96482.0
2020-11-06,111599.0
2020-11-09,114369.0
2020-11-10,109382.0
2020-11-11,113525.0
2020-11-12,107825.0
2020-11-13,96288.0
2020-11-16,84366.0
2020-11-17,82155.0
2020-11-18,82247.0
2020-11-19,89438.0
2020-11-20,152449.0
2020-11-23,156896.0
2020-11-24,142852.0
2020-11-25,131993.0
2020-11-26,134040.0
2020-11-27,138570.0
2020-11-30,126336.0
2020-12-01,143355.0
2020-12-02,164207.0
2020-12-03,155564.0
2020-12-04,173167.0
2020-12-07,152400.0
2020-12-08,130371.0
2020-12-09,123580.0
2020-12-10,115069.0
2020-12-11,109455.0
2020-12-14,101281.0
2020-12-15,96046.0
2020-12-16,92673.0
2020-12-17,90230.0
2020-12-18,93426.0
2020-12-21,101522.0
2020-12-22,99447.0
2020-12-23,116762.0
2020-12-24,113058.0
2020-12-25,135650.0
2020-12-28,121044.0
2020-12-29,110497.0
2020-12-30,102645.0
2020-12-31,100765.0
2021-01-04,103586.0
2021-01-05,107769.0
2021-01-06,130940.0
2021-01-07,134321.0
2021-01-08,184310.0
2021-01-11,191675.0
2021-01-12,182391.0
2021-01-13,229758.0
2021-01-14,237588.0
2021-01-15,194726.0
2021-01-18,189447.0
2021-01-19,202126.0
2021-01-20,185380.0
2021-01-21,167006.0
2021-01-22,164721.0
2021-01-25,171480.0
2021-01-26,162193.0
2021-01-27,165589.0
2021-01-28,180529.0
2021-01-29,167565.0
2021-02-01,171403.0
2021-02-02,173853.0
2021-02-03,157897.0
2021-02-04,204984.0
2021-02-05,158996.0
2021-02-08,155941.0
2021-02-09,142411.0
2021-02-10,133091.0
2021-02-18,150572.0
2021-02-19,153955.0
2021-02-22,177149.0
2021-02-23,172169.0
2021-02-24,189186.0
2021-02-25,193949.0
2021-02-26,198590.0
2021-03-01,203137.0
2021-03-02,186660.0
2021-03-03,194211.0
2021-03-04,192144.0
2021-03-05,237075.0
2021-03-08,272259.0
2021-03-09,261762.0
2021-03-10,318142.0
2021-03-11,268091.0
2021-03-12,251248.0
2021-03-15,228815.0
2021-03-16,226139.0
2021-03-17,220564.0
2021-03-18,225874.0
2021-03-19,211086.0
2021-03-22,217319.0
2021-03-23,221721.0
2021-03-24,210757.0
2021-03-25,206678.0
2021-03-26,211917.0
2021-03-29,216557.0
2021-03-30,218009.0
2021-03-31,211848.0
2021-04-01,196186.0
2021-04-02,190847.0
2021-04-06,193066.0
2021-04-07,189832.0
2021-04-08,194681.0
2021-04-09,193348.0
2021-04-12,212331.0
2021-04-13,205753.0
2021-04-14,197217.0
2021-04-15,190827.0
2021-04-16,204887.0
2021-04-19,187111.0
2021-04-20,186754.0
2021-04-21,185543.0
2021-04-22,194888.0
2021-04-23,204696.0
2021-04-26,194402.0
2021-04-27,193373.0
2021-04-28,188695.0
2021-04-29,204084.0
2021-04-30,183731.0
2021-05-06,185703.0
2021-05-07,204747.0
2021-05-10,220928.0
2021-05-11,212317.0
2021-05-12,241096.0
2021-05-13,201127.0
2021-05-14,218702.0
2021-05-17,218701.0
2021-05-18,249938.0
2021-05-19,233556.0
2021-05-20,251816.0
2021-05-21,268209.0
2021-05-24,241642.0
2021-05-25,236584.0
2021-05-26,235458.0
2021-05-27,216052.0
2021-05-28,228826.0
2021-05-31,236405.0
2021-06-01,269246.0
2021-06-02,257605.0
2021-06-03,324706.0
2021-06-04,330663.0
2021-06-07,337317.0
2021-06-08,322298.0
2021-06-09,347413.0
2021-06-10,324574.0
2021-06-11,360004.0
2021-06-15,311795.0
2021-06-16,308168.0
2021-06-17,296640.0
2021-06-18,262179.0
2021-06-21,254845.0
2021-06-22,241319.0
2021-06-23,234455.0
2021-06-24,226202.0
2021-06-25,233706.0
2021-06-28,216102.0
2021-06-29,212217.0
2021-06-30,222331.0
2021-07-01,238134.0
2021-07-02,236848.0
2021-07-05,227190.0
2021-07-06,216712.0
2021-07-07,217008.0
2021-07-08,232939.0
2021-07-09,219939.0
2021-07-12,224648.0
2021-07-13,216256.0
2021-07-14,238684.0
2021-07-15,237818.0
2021-07-16,287042.0
2021-07-19,260430.0
2021-07-20,233832.0
2021-07-21,217895.0
2021-07-22,206644.0
2021-07-23,241382.0
2021-07-26,247868.0
2021-07-27,243758.0
2021-07-28,295018.0
2021-07-29,270787.0
2021-07-30,300267.0
2021-08-02,295145.0
2021-08-03,285289.0
2021-08-04,283183.0
2021-08-05,277688.0
2021-08-06,254937.0
2021-08-09,278850.0
2021-08-10,279202.0
2021-08-11,294855.0
2021-08-12,296139.0
2021-08-13,315525.0
2021-08-16,298152.0
2021-08-17,296090.0
2021-08-18,317471.0
2021-08-19,324098.0
2021-08-20,329574.0
2021-08-23,324779.0
2021-08-24,316219.0
2021-08-25,316041.0
2021-08-26,339859.0
2021-08-27,379658.0
2021-08-30,390896.0
2021-08-31,346225.0
2021-09-01,370732.0
2021-09-02,365624.0
2021-09-03,312507.0
2021-09-06,306193.0
2021-09-07,306558.0
2021-09-08,309510.0
2021-09-09,329030.0
2021-09-10,319314.0
2021-09-13,313416.0
2021-09-14,312977.0
2021-09-15,339926.0
2021-09-16,292537.0
2021-09-17,286366.0
2021-09-22,286201.0
2021-09-23,267490.0
2021-09-24,161882.0
2021-09-27,171030.0
2021-09-28,172136.0
2021-09-29,152697.0
2021-09-30,147282.0
2021-10-08,144632.0
2021-10-11,159032.0
2021-10-12,153481.0
2021-10-13,144988.0
2021-10-14,141903.0
2021-10-15,139495.0
2021-10-18,143126.0
2021-10-19,154304.0
2021-10-20,139190.0
2021-10-21,145746.0
2021-10-22,138425.0
2021-10-25,144418.0
2021-10-26,138289.0
2021-10-27,134575.0
2021-10-28,138184.0
2021-10-29,138953.0
2021-11-01,138604.0
2021-11-02,138640.0
2021-11-03,137925.0
2021-11-04,135483.0
2021-11-05,140250.0
2021-11-08,140040.0
2021-11-09,136980.0
2021-11-10,145349.0
2021-11-11,138374.0
2021-11-12,136050.0
2021-11-15,137230.0
2021-11-16,136921.0
2021-11-17,138288.0
2021-11-18,140736.0
2021-11-19,134791.0
2021-11-22,129019.0
2021-11-23,135477.0
2021-11-24,130835.0
2021-11-25,133343.0
2021-11-26,128419.0
2021-11-29,129687.0
2021-11-30,125425.0
2021-12-01,132331.0
2021-12-02,132976.0
2021-12-03,138165.0
2021-12-06,152020.0
2021-12-07,150018.0
2021-12-08,162619.0
2021-12-09,160005.0
2021-12-10,152538.0
2021-12-13,151883.0
2021-12-14,150142.0
2021-12-15,146478.0
2021-12-16,138524.0
2021-12-17,139193.0
2021-12-20,142130.0
2021-12-21,139446.0
2021-12-22,166475.0
2021-12-23,155172.0
2021-12-24,140293.0
2021-12-27,134048.0
2021-12-28,126553.0
2021-12-29,137364.0
2021-12-30,127927.0
2021-12-31,128426.0
2022-01-04,140260.0
2022-01-05,147138.0
2022-01-06,151393.0
2022-01-07,158459.0
2022-01-10,171983.0
2022-01-11,170637.0
2022-01-12,178358.0
2022-01-13,197071.0
2022-01-14,203156.0
2022-01-17,190160.0
2022-01-18,193100.0
2022-01-19,198593.0
2022-01-20,198986.0
2022-01-21,187892.0
2022-01-24,182779.0
2022-01-25,173420.0
2022-01-26,176866.0
2022-01-27,169774.0
2022-01-28,166494.0
2022-02-07,189216.0
2022-02-08,200249.0
2022-02-09,199548.0
2022-02-10,218399.0
2022-02-11,213218.0
2022-02-14,213963.0
2022-02-15,208688.0
2022-02-16,212109.0
2022-02-17,210472.0
2022-02-18,237230.0
2022-02-21,232791.0
2022-02-22,227089.0
2022-02-23,225484.0
2022-02-24,219113.0
2022-02-25,212921.0
2022-02-28,205225.0
2022-03-01,201833.0
2022-03-02,198929.0
2022-03-03,205839.0
2022-03-04,207104.0
2022-03-07,220053.0
2022-03-08,222335.0
2022-03-09,217696.0
2022-03-10,235182.0
2022-03-11,234489.0
2022-03-14,234937.0
2022-03-15,232191.0
2022-03-16,231243.0
2022-03-17,236932.0
2022-03-18,239050.0
2022-03-21,250373.0
2022-03-22,240435.0
2022-03-23,236162.0
2022-03-24,242178.0
2022-03-25,237813.0
2022-03-28,247349.0
2022-03-29,238519.0
2022-03-30,241186.0
2022-03-31,255303.0
2022-04-01,245317.0
2022-04-06,259397.0
2022-04-07,254923.0
2022-04-08,289129.0
2022-04-11,259490.0
2022-04-12,258638.0
2022-04-13,256770.0
2022-04-14,256756.0
2022-04-15,293143.0
2022-04-18,287042.0
2022-04-19,291950.0
2022-04-20,280115.0
2022-04-21,283744.0
2022-04-22,271708.0
2022-04-25,254926.0
2022-04-26,236272.0
2022-04-27,247010.0
2022-04-28,232781.0
2022-04-29,242160.0
2022-05-05,250992.0
2022-05-06,276229.0
2022-05-09,273781.0
2022-05-10,275733.0
2022-05-11,279248.0
2022-05-12,288905.0
2022-05-13,293144.0
2022-05-16,287225.0
2022-05-17,285842.0
2022-05-18,292263.0
2022-05-19,296370.0
2022-05-20,284255.0
2022-05-23,296742.0
2022-05-24,282347.0
2022-05-25,279619.0
2022-05-26,289697.0
2022-05-27,282371.0
2022-05-30,282356.0
2022-05-31,280653.0
2022-06-01,273126.0
2022-06-02,270887.0
2022-06-06,271821.0
2022-06-07,273852.0
2022-06-08,303668.0
2022-06-09,300009.0
2022-06-10,299908.0
2022-06-13,288391.0
2022-06-14,288979.0
2022-06-15,293911.0
2022-06-16,282674.0
2022-06-17,294251.0
2022-06-20,308630.0
2022-06-21,290329.0
2022-06-22,310609.0
2022-06-23,293278.0
2022-06-24,293965.0
2022-06-27,283201.0
2022-06-28,283036.0
2022-06-29,282739.0
2022-06-30,305754.0
2022-07-01,304281.0
2022-07-04,362969.0
2022-07-05,354380.0
2022-07-06,369483.0
2022-07-07,362875.0
2022-07-08,373008.0
2022-07-11,369271.0
2022-07-12,386014.0
2022-07-13,393415.0
2022-07-14,395040.0
2022-07-15,421206.0
2022-07-18,400930.0
2022-07-19,400509.0
2022-07-20,393038.0
2022-07-21,381212.0
2022-07-22,384974.0
2022-07-25,395710.0
2022-07-26,385722.0
2022-07-27,383310.0
2022-07-28,374672.0
2022-07-29,372071.0
2022-08-01,379862.0
2022-08-02,370054.0
2022-08-03,368357.0
2022-08-04,376747.0
2022-08-05,370686.0
2022-08-08,386970.0
2022-08-09,373415.0
2022-08-10,368221.0
2022-08-11,384152.0
2022-08-12,368091.0
2022-08-15,359941.0
2022-08-16,363921.0
2022-08-17,398892.0
2022-08-18,407291.0
2022-08-19,418048.0
2022-08-22,398967.0
2022-08-23,377432.0
2022-08-24,376807.0
2022-08-25,381889.0
2022-08-26,401168.0
2022-08-29,373178.0
2022-08-30,359425.0
2022-08-31,361627.0
2022-09-01,367145.0
2022-09-02,394707.0
2022-09-05,384221.0
2022-09-06,398863.0
2022-09-07,408493.0
2022-09-08,413224.0
2022-09-09,422113.0
2022-09-13,421987.0
2022-09-14,407988.0
2022-09-15,408887.0
2022-09-16,399238.0
2022-09-19,407353.0
2022-09-20,403897.0
2022-09-21,403505.0
2022-09-22,444495.0
2022-09-23,426763.0
2022-09-26,425506.0
2022-09-27,420097.0
2022-09-28,406881.0
2022-09-29,394796.0
2022-09-30,387954.0
2022-10-10,408839.0
2022-10-11,408250.0
2022-10-12,425763.0
2022-10-13,413204.0
2022-10-14,413187.0
2022-10-17,411656.0
2022-10-18,412105.0
2022-10-19,415245.0
2022-10-20,414956.0
2022-10-21,419775.0
2022-10-24,415280.0
2022-10-25,436995.0
2022-10-26,439188.0
2022-10-27,440018.0
2022-10-28,430620.0
2022-10-31,430682.0
2022-11-01,407104.0
2022-11-02,413937.0
2022-11-03,407778.0
2022-11-04,423960.0
2022-11-07,420970.0
2022-11-08,426165.0
2022-11-09,428992.0
2022-11-10,421076.0
2022-11-11,433932.0
