trading_date,SR_total_oi
2013-11-05,712330.0
2013-11-06,714980.0
2013-11-07,676644.0
2013-11-08,642408.0
2013-11-11,638024.0
2013-11-12,622386.0
2013-11-13,630056.0
2013-11-14,643370.0
2013-11-15,648292.0
2013-11-18,680026.0
2013-11-19,681694.0
2013-11-20,672890.0
2013-11-21,670740.0
2013-11-22,694920.0
2013-11-25,699910.0
2013-11-26,698958.0
2013-11-27,705148.0
2013-11-28,703004.0
2013-11-29,703938.0
2013-12-02,733016.0
2013-12-03,731710.0
2013-12-04,753020.0
2013-12-05,756558.0
2013-12-06,770468.0
2013-12-09,810636.0
2013-12-10,819156.0
2013-12-11,801862.0
2013-12-12,838938.0
2013-12-13,844460.0
2013-12-16,845328.0
2013-12-17,855022.0
2013-12-18,854406.0
2013-12-19,847850.0
2013-12-20,807958.0
2013-12-23,805682.0
2013-12-24,777492.0
2013-12-25,779022.0
2013-12-26,821272.0
2013-12-27,790292.0
2013-12-30,826590.0
2013-12-31,855296.0
2014-01-02,852410.0
2014-01-03,852556.0
2014-01-06,933786.0
2014-01-07,933548.0
2014-01-08,951470.0
2014-01-09,974096.0
2014-01-10,996378.0
2014-01-13,1024636.0
2014-01-14,1032924.0
2014-01-15,1058388.0
2014-01-16,1115360.0
2014-01-17,1101838.0
2014-01-20,1111394.0
2014-01-21,1146262.0
2014-01-22,1135148.0
2014-01-23,1138820.0
2014-01-24,1146836.0
2014-01-27,1126314.0
2014-01-28,1102810.0
2014-01-29,1038720.0
2014-01-30,1002228.0
2014-02-07,979444.0
2014-02-10,1089286.0
2014-02-11,1094864.0
2014-02-12,1095132.0
2014-02-13,1105296.0
2014-02-14,1103756.0
2014-02-17,1128228.0
2014-02-18,1151354.0
2014-02-19,1101526.0
2014-02-20,1091412.0
2014-02-21,1076916.0
2014-02-24,1020990.0
2014-02-25,1039660.0
2014-02-26,997144.0
2014-02-27,989096.0
2014-02-28,985550.0
2014-03-03,993458.0
2014-03-04,960322.0
2014-03-05,937110.0
2014-03-06,1036092.0
2014-03-07,975364.0
2014-03-10,946440.0
2014-03-11,920036.0
2014-03-12,923380.0
2014-03-13,916092.0
2014-03-14,880202.0
2014-03-17,873600.0
2014-03-18,888826.0
2014-03-19,888752.0
2014-03-20,832920.0
2014-03-21,812984.0
2014-03-24,854320.0
2014-03-25,839170.0
2014-03-26,874864.0
2014-03-27,899270.0
2014-03-28,935690.0
2014-03-31,923818.0
2014-04-01,994932.0
2014-04-02,874488.0
2014-04-03,868880.0
2014-04-04,852646.0
2014-04-08,833526.0
2014-04-09,862166.0
2014-04-10,844204.0
2014-04-11,831832.0
2014-04-14,874790.0
2014-04-15,871950.0
2014-04-16,992440.0
2014-04-17,981152.0
2014-04-18,1058836.0
2014-04-21,1032162.0
2014-04-22,1030276.0
2014-04-23,1032202.0
2014-04-24,1057208.0
2014-04-25,1079618.0
2014-04-28,1068554.0
2014-04-29,1062422.0
2014-04-30,1107854.0
2014-05-05,1079198.0
2014-05-06,1119038.0
2014-05-07,1060512.0
2014-05-08,1055778.0
2014-05-09,1073946.0
2014-05-12,1041886.0
2014-05-13,1020218.0
2014-05-14,1132280.0
2014-05-15,1080196.0
2014-05-16,1090046.0
2014-05-19,1196372.0
2014-05-20,1229700.0
2014-05-21,1190236.0
2014-05-22,1134478.0
2014-05-23,1047972.0
2014-05-26,1054258.0
2014-05-27,1037836.0
2014-05-28,1018070.0
2014-05-29,1030342.0
2014-05-30,1007320.0
2014-06-03,987990.0
2014-06-04,983222.0
2014-06-05,976664.0
2014-06-06,988446.0
2014-06-09,984792.0
2014-06-10,1000346.0
2014-06-11,1013718.0
2014-06-12,1038136.0
2014-06-13,1038944.0
2014-06-16,1024594.0
2014-06-17,1027132.0
2014-06-18,1050266.0
2014-06-19,997878.0
2014-06-20,947368.0
2014-06-23,957796.0
2014-06-24,949644.0
2014-06-25,966580.0
2014-06-26,980436.0
2014-06-27,966248.0
2014-06-30,928842.0
2014-07-01,904572.0
2014-07-02,900638.0
2014-07-03,925338.0
2014-07-04,956876.0
2014-07-07,1015258.0
2014-07-08,990828.0
2014-07-09,993356.0
2014-07-10,990586.0
2014-07-11,1017200.0
2014-07-14,994188.0
2014-07-15,992628.0
2014-07-16,986218.0
2014-07-17,986564.0
2014-07-18,994200.0
2014-07-21,982580.0
2014-07-22,970528.0
2014-07-23,973096.0
2014-07-24,993790.0
2014-07-25,998356.0
2014-07-28,981214.0
2014-07-29,995790.0
2014-07-30,1004840.0
2014-07-31,1005058.0
2014-08-01,987542.0
2014-08-04,975222.0
2014-08-05,977758.0
2014-08-06,975534.0
2014-08-07,963258.0
2014-08-08,983718.0
2014-08-11,991208.0
2014-08-12,1007654.0
2014-08-13,1035740.0
2014-08-14,1063430.0
2014-08-15,1078264.0
2014-08-18,1070058.0
2014-08-19,1080188.0
2014-08-20,1112458.0
2014-08-21,1116842.0
2014-08-22,1077304.0
2014-08-25,1112016.0
2014-08-26,1102304.0
2014-08-27,1119900.0
2014-08-28,1141178.0
2014-08-29,1191470.0
2014-09-01,1201574.0
2014-09-02,1217918.0
2014-09-03,1268368.0
2014-09-04,1269772.0
2014-09-05,1271178.0
2014-09-09,1288442.0
2014-09-10,1317888.0
2014-09-11,1386486.0
2014-09-12,1369494.0
2014-09-15,1379772.0
2014-09-16,1370552.0
2014-09-17,1378282.0
2014-09-18,1392810.0
2014-09-19,1460236.0
2014-09-22,1396474.0
2014-09-23,1367812.0
2014-09-24,1350610.0
2014-09-25,1327024.0
2014-09-26,1292368.0
2014-09-29,1215326.0
2014-09-30,1133564.0
2014-10-08,1144256.0
2014-10-09,1162006.0
2014-10-10,1175876.0
2014-10-13,1171694.0
2014-10-14,1167214.0
2014-10-15,1194994.0
2014-10-16,1210876.0
2014-10-17,1170516.0
2014-10-20,1142710.0
2014-10-21,1079220.0
2014-10-22,1333374.0
2014-10-23,1331588.0
2014-10-24,1345564.0
2014-10-27,1309998.0
2014-10-28,1314666.0
2014-10-29,1332464.0
2014-10-30,1315370.0
2014-10-31,1312460.0
2014-11-03,1285212.0
2014-11-04,1247782.0
2014-11-05,1239808.0
2014-11-06,1254446.0
2014-11-07,1327064.0
2014-11-10,1281990.0
2014-11-11,1339442.0
2014-11-12,1385796.0
2014-11-13,1331310.0
2014-11-14,1358316.0
2014-11-17,1326266.0
2014-11-18,1321352.0
2014-11-19,1302382.0
2014-11-20,1299206.0
2014-11-21,1254674.0
2014-11-24,1287950.0
2014-11-25,1253690.0
2014-11-26,1243336.0
2014-11-27,1222108.0
2014-11-28,1205680.0
2014-12-01,1208010.0
2014-12-02,1158984.0
2014-12-03,1147806.0
2014-12-04,1130956.0
2014-12-05,1080756.0
2014-12-08,1086506.0
2014-12-09,1069606.0
2014-12-10,1090950.0
2014-12-11,1021302.0
2014-12-12,1027714.0
2014-12-15,1016534.0
2014-12-16,1008464.0
2014-12-17,1017554.0
2014-12-18,1034376.0
2014-12-19,1073610.0
2014-12-22,1098588.0
2014-12-23,1119108.0
2014-12-24,1114242.0
2014-12-25,1124830.0
2014-12-26,1114696.0
2014-12-29,1104800.0
2014-12-30,1071292.0
2014-12-31,1003372.0
2015-01-05,1012340.0
2015-01-06,1041232.0
2015-01-07,1051752.0
2015-01-08,1075474.0
2015-01-09,1078252.0
2015-01-12,1129370.0
2015-01-13,1103836.0
2015-01-14,1135884.0
2015-01-15,1106902.0
2015-01-16,1078848.0
2015-01-19,1029450.0
2015-01-20,1043930.0
2015-01-21,1086948.0
2015-01-22,1091450.0
2015-01-23,1189618.0
2015-01-26,1172512.0
2015-01-27,1214064.0
2015-01-28,1158512.0
2015-01-29,1169686.0
2015-01-30,1131986.0
2015-02-02,1201176.0
2015-02-03,1190448.0
2015-02-04,1166068.0
2015-02-05,1134948.0
2015-02-06,1150148.0
2015-02-09,1159324.0
2015-02-10,1261782.0
2015-02-11,1275208.0
2015-02-12,1283814.0
2015-02-13,1290748.0
2015-02-16,1216990.0
2015-02-17,1200512.0
2015-02-25,1222072.0
2015-02-26,1300392.0
2015-02-27,1299246.0
2015-03-02,1392618.0
2015-03-03,1402832.0
2015-03-04,1343028.0
2015-03-05,1242478.0
2015-03-06,1235982.0
2015-03-09,1172072.0
2015-03-10,1101554.0
2015-03-11,1088842.0
2015-03-12,1042720.0
2015-03-13,1050218.0
2015-03-16,1031282.0
2015-03-17,1037400.0
2015-03-18,1044136.0
2015-03-19,1029720.0
2015-03-20,1018154.0
2015-03-23,1004774.0
2015-03-24,1015466.0
2015-03-25,913062.0
2015-03-26,940614.0
2015-03-27,1008040.0
2015-03-30,1021400.0
2015-03-31,992134.0
2015-04-01,1038590.0
2015-04-02,1043956.0
2015-04-03,1007466.0
2015-04-07,1006498.0
2015-04-08,1059634.0
2015-04-09,1051002.0
2015-04-10,1112194.0
2015-04-13,1204516.0
2015-04-14,1210060.0
2015-04-15,1219438.0
2015-04-16,1210714.0
2015-04-17,1241836.0
2015-04-20,1224546.0
2015-04-21,1210034.0
2015-04-22,1227156.0
2015-04-23,1153472.0
2015-04-24,1153594.0
2015-04-27,1127724.0
2015-04-28,1120868.0
2015-04-29,1106052.0
2015-04-30,1050506.0
2015-05-04,1030242.0
2015-05-05,1062262.0
2015-05-06,1056914.0
2015-05-07,1057482.0
2015-05-08,1062522.0
2015-05-11,1051188.0
2015-05-12,1048648.0
2015-05-13,1041996.0
2015-05-14,1023898.0
2015-05-15,989056.0
2015-05-18,1008676.0
2015-05-19,1011040.0
2015-05-20,1072376.0
2015-05-21,1038628.0
2015-05-22,1036072.0
2015-05-25,1061482.0
2015-05-26,999562.0
2015-05-27,999906.0
2015-05-28,1004186.0
2015-05-29,999604.0
2015-06-01,1014662.0
2015-06-02,1086656.0
2015-06-03,1057122.0
2015-06-04,1061540.0
2015-06-05,1048608.0
2015-06-08,1032086.0
2015-06-09,1031750.0
2015-06-10,1025794.0
2015-06-11,1022724.0
2015-06-12,1033084.0
2015-06-15,1038940.0
2015-06-16,993610.0
2015-06-17,954432.0
2015-06-18,997074.0
2015-06-19,953268.0
2015-06-23,903166.0
2015-06-24,907410.0
2015-06-25,912646.0
2015-06-26,900736.0
2015-06-29,824912.0
2015-06-30,818396.0
2015-07-01,819636.0
2015-07-02,809852.0
2015-07-03,806864.0
2015-07-06,768272.0
2015-07-07,754370.0
2015-07-08,721060.0
2015-07-09,579636.0
2015-07-10,599290.0
2015-07-13,609062.0
2015-07-14,606630.0
2015-07-15,614262.0
2015-07-16,622072.0
2015-07-17,636248.0
2015-07-20,666944.0
2015-07-21,678516.0
2015-07-22,668898.0
2015-07-23,724826.0
2015-07-24,696618.0
2015-07-27,701090.0
2015-07-28,703134.0
2015-07-29,689230.0
2015-07-30,744244.0
2015-07-31,749954.0
2015-08-03,741770.0
2015-08-04,728144.0
2015-08-05,738224.0
2015-08-06,769536.0
2015-08-07,850742.0
2015-08-10,920120.0
2015-08-11,800724.0
2015-08-12,788004.0
2015-08-13,829566.0
2015-08-14,821294.0
2015-08-17,894196.0
2015-08-18,864486.0
2015-08-19,831620.0
2015-08-20,846330.0
2015-08-21,825772.0
2015-08-24,842524.0
2015-08-25,837544.0
2015-08-26,840704.0
2015-08-27,827476.0
2015-08-28,824952.0
2015-08-31,832478.0
2015-09-01,860526.0
2015-09-02,862072.0
2015-09-07,873890.0
2015-09-08,908570.0
2015-09-09,929920.0
2015-09-10,1041266.0
2015-09-11,1022268.0
2015-09-14,1051748.0
2015-09-15,1056050.0
2015-09-16,1070596.0
2015-09-17,1071164.0
2015-09-18,1051142.0
2015-09-21,1078336.0
2015-09-22,1144168.0
2015-09-23,1172160.0
2015-09-24,1198234.0
2015-09-25,1146638.0
2015-09-28,1153042.0
2015-09-29,1065476.0
2015-09-30,1039200.0
2015-10-08,1019488.0
2015-10-09,1035974.0
2015-10-12,1038484.0
2015-10-13,1071516.0
2015-10-14,1110582.0
2015-10-15,1099338.0
2015-10-16,1097062.0
2015-10-19,1101440.0
2015-10-20,1158244.0
2015-10-21,1227076.0
2015-10-22,1231988.0
2015-10-23,1184204.0
2015-10-26,1194794.0
2015-10-27,1165544.0
2015-10-28,1193254.0
2015-10-29,1228636.0
2015-10-30,1204996.0
2015-11-02,1218570.0
2015-11-03,1194438.0
2015-11-04,1223520.0
2015-11-05,1191988.0
2015-11-06,1245924.0
2015-11-09,1257232.0
2015-11-10,1331848.0
2015-11-11,1356590.0
2015-11-12,1396760.0
2015-11-13,1409296.0
2015-11-16,1389530.0
2015-11-17,1411282.0
2015-11-18,1478200.0
2015-11-19,1525614.0
2015-11-20,1515544.0
2015-11-23,1501410.0
2015-11-24,1517438.0
2015-11-25,1491734.0
2015-11-26,1470664.0
2015-11-27,1475994.0
2015-11-30,1478636.0
2015-12-01,1490560.0
2015-12-02,1536702.0
2015-12-03,1523368.0
2015-12-04,1463918.0
2015-12-07,1458952.0
2015-12-08,1393008.0
2015-12-09,1378980.0
2015-12-10,1368164.0
2015-12-11,1388000.0
2015-12-14,1394008.0
2015-12-15,1369546.0
2015-12-16,1359126.0
2015-12-17,1354846.0
2015-12-18,1357448.0
2015-12-21,1506892.0
2015-12-22,1502526.0
2015-12-23,1417972.0
2015-12-24,1418890.0
2015-12-25,1435190.0
2015-12-28,1427166.0
2015-12-29,1448016.0
2015-12-30,1465592.0
2015-12-31,1446118.0
2016-01-04,1427844.0
2016-01-05,1447354.0
2016-01-06,1412176.0
2016-01-07,1394916.0
2016-01-08,1414882.0
2016-01-11,1422136.0
2016-01-12,1411582.0
2016-01-13,1404462.0
2016-01-14,1429210.0
2016-01-15,1444436.0
2016-01-18,1404536.0
2016-01-19,1450352.0
2016-01-20,1437124.0
2016-01-21,1431814.0
2016-01-22,1403730.0
2016-01-25,1480464.0
2016-01-26,1480376.0
2016-01-27,1393322.0
2016-01-28,1400144.0
2016-01-29,1449774.0
2016-02-01,1467210.0
2016-02-02,1445458.0
2016-02-03,1402598.0
2016-02-04,1282142.0
2016-02-05,1225572.0
2016-02-15,1243828.0
2016-02-16,1421268.0
2016-02-17,1534984.0
2016-02-18,1523386.0
2016-02-19,1449776.0
2016-02-22,1448402.0
2016-02-23,1453838.0
2016-02-24,1456920.0
2016-02-25,1435104.0
2016-02-26,1452468.0
2016-02-29,1433008.0
2016-03-01,1438388.0
2016-03-02,1422262.0
2016-03-03,1471296.0
2016-03-04,1488014.0
2016-03-07,1556438.0
2016-03-08,1549146.0
2016-03-09,1538586.0
2016-03-10,1550808.0
2016-03-11,1533078.0
2016-03-14,1517804.0
2016-03-15,1497442.0
2016-03-16,1478748.0
2016-03-17,1518936.0
2016-03-18,1418866.0
2016-03-21,1446186.0
2016-03-22,1443998.0
2016-03-23,1402724.0
2016-03-24,1368156.0
2016-03-25,1404336.0
2016-03-28,1386574.0
2016-03-29,1353084.0
2016-03-30,1354046.0
2016-03-31,1317194.0
2016-04-01,1375134.0
2016-04-05,1452742.0
2016-04-06,1412378.0
2016-04-07,1432870.0
2016-04-08,1414940.0
2016-04-11,1406620.0
2016-04-12,1384832.0
2016-04-13,1420914.0
2016-04-14,1429506.0
2016-04-15,1424842.0
2016-04-18,1547976.0
2016-04-19,1510068.0
2016-04-20,1459436.0
2016-04-21,1430132.0
2016-04-22,1275426.0
2016-04-25,1254154.0
2016-04-26,1213298.0
2016-04-27,1212250.0
2016-04-28,1195720.0
2016-04-29,1152298.0
2016-05-03,1114092.0
2016-05-04,1099512.0
2016-05-05,1092162.0
2016-05-06,1058978.0
2016-05-09,1052904.0
2016-05-10,1057734.0
2016-05-11,1067664.0
2016-05-12,1115954.0
2016-05-13,1074996.0
2016-05-16,1050684.0
2016-05-17,1052080.0
2016-05-18,1121588.0
2016-05-19,1107530.0
2016-05-20,1148274.0
2016-05-23,1147734.0
2016-05-24,1129332.0
2016-05-25,1141206.0
2016-05-26,1079712.0
2016-05-27,1052832.0
2016-05-30,1059714.0
2016-05-31,1064744.0
2016-06-01,1043728.0
2016-06-02,1029618.0
2016-06-03,1152272.0
2016-06-06,1234286.0
2016-06-07,1193680.0
2016-06-08,1168154.0
2016-06-13,1212774.0
2016-06-14,1218178.0
2016-06-15,1207176.0
2016-06-16,1249858.0
2016-06-17,1286740.0
2016-06-20,1336446.0
2016-06-21,1311520.0
2016-06-22,1290552.0
2016-06-23,1263364.0
2016-06-24,1210162.0
2016-06-27,1199138.0
2016-06-28,1232124.0
2016-06-29,1210296.0
2016-06-30,1339996.0
2016-07-01,1228580.0
2016-07-04,1317888.0
2016-07-05,1255560.0
2016-07-06,1235134.0
2016-07-07,1217470.0
2016-07-08,1189452.0
2016-07-11,1172742.0
2016-07-12,1131892.0
2016-07-13,1140868.0
2016-07-14,1126264.0
2016-07-15,1127844.0
2016-07-18,1124398.0
2016-07-19,1163842.0
2016-07-20,1138248.0
2016-07-21,1122152.0
2016-07-22,1140232.0
2016-07-25,1122452.0
2016-07-26,1120466.0
2016-07-27,1111000.0
2016-07-28,1124626.0
2016-07-29,1086584.0
2016-08-01,1053644.0
2016-08-02,1048332.0
2016-08-03,1036706.0
2016-08-04,1054188.0
2016-08-05,1048860.0
2016-08-08,1002852.0
2016-08-09,975862.0
2016-08-10,963396.0
2016-08-11,987144.0
2016-08-12,978252.0
2016-08-15,929906.0
2016-08-16,925820.0
2016-08-17,903124.0
2016-08-18,883804.0
2016-08-19,916362.0
2016-08-22,919546.0
2016-08-23,954940.0
2016-08-24,931184.0
2016-08-25,853370.0
2016-08-26,855056.0
2016-08-29,877808.0
2016-08-30,894776.0
2016-08-31,864790.0
2016-09-01,884450.0
2016-09-02,883602.0
2016-09-05,875294.0
2016-09-06,866728.0
2016-09-07,893568.0
2016-09-08,874720.0
2016-09-09,874510.0
2016-09-12,881116.0
2016-09-13,954646.0
2016-09-14,891732.0
2016-09-19,901968.0
2016-09-20,901824.0
2016-09-21,908050.0
2016-09-22,958566.0
2016-09-23,994746.0
2016-09-26,1081370.0
2016-09-27,1119044.0
2016-09-28,1127372.0
2016-09-29,1073850.0
2016-09-30,1035222.0
2016-10-10,1050424.0
2016-10-11,1050466.0
2016-10-12,1088430.0
2016-10-13,1135032.0
2016-10-14,1128006.0
2016-10-17,1143058.0
2016-10-18,1134430.0
2016-10-19,1061816.0
2016-10-20,1056522.0
2016-10-21,1033100.0
2016-10-24,1133378.0
2016-10-25,1088850.0
2016-10-26,1057340.0
2016-10-27,1051328.0
2016-10-28,986332.0
2016-10-31,971758.0
2016-11-01,934300.0
2016-11-02,924650.0
2016-11-03,934950.0
2016-11-04,899338.0
2016-11-07,886450.0
2016-11-08,858600.0
2016-11-09,854352.0
2016-11-10,861832.0
2016-11-11,878498.0
2016-11-14,817822.0
2016-11-15,802112.0
2016-11-16,772000.0
2016-11-17,775240.0
2016-11-18,767042.0
2016-11-21,775054.0
2016-11-22,780190.0
2016-11-23,772912.0
2016-11-24,843986.0
2016-11-25,835850.0
2016-11-28,881634.0
2016-11-29,791332.0
2016-11-30,783214.0
2016-12-01,762644.0
2016-12-02,723520.0
2016-12-05,706558.0
2016-12-06,702566.0
2016-12-07,735886.0
2016-12-08,741324.0
2016-12-09,711638.0
2016-12-12,734080.0
2016-12-13,710888.0
2016-12-14,670860.0
2016-12-15,662556.0
2016-12-16,655708.0
2016-12-19,625808.0
2016-12-20,597840.0
2016-12-21,589526.0
2016-12-22,584672.0
2016-12-23,587162.0
2016-12-26,584354.0
2016-12-27,570484.0
2016-12-28,573666.0
2016-12-29,565648.0
2016-12-30,545182.0
2017-01-03,552994.0
2017-01-04,537228.0
2017-01-05,554634.0
2017-01-06,563828.0
2017-01-09,562800.0
2017-01-10,541072.0
2017-01-11,553224.0
2017-01-12,555748.0
2017-01-13,563034.0
2017-01-16,464062.0
2017-01-17,471594.0
2017-01-18,455150.0
2017-01-19,544482.0
2017-01-20,469488.0
2017-01-23,471274.0
2017-01-24,480216.0
2017-01-25,467582.0
2017-01-26,454966.0
2017-02-03,452640.0
2017-02-06,505866.0
2017-02-07,516442.0
2017-02-08,518318.0
2017-02-09,543218.0
2017-02-10,549506.0
2017-02-13,570312.0
2017-02-14,571408.0
2017-02-15,622562.0
2017-02-16,623010.0
2017-02-17,628668.0
2017-02-20,632018.0
2017-02-21,624480.0
2017-02-22,606032.0
2017-02-23,618666.0
2017-02-24,672260.0
2017-02-27,705640.0
2017-02-28,730304.0
2017-03-01,713352.0
2017-03-02,711936.0
2017-03-03,748172.0
2017-03-06,724462.0
2017-03-07,730028.0
2017-03-08,759308.0
2017-03-09,757044.0
2017-03-10,814332.0
2017-03-13,798760.0
2017-03-14,778272.0
2017-03-15,779552.0
2017-03-16,814402.0
2017-03-17,824084.0
2017-03-20,858454.0
2017-03-21,865396.0
2017-03-22,912434.0
2017-03-23,918470.0
2017-03-24,920922.0
2017-03-27,938800.0
2017-03-28,961712.0
2017-03-29,955698.0
2017-03-30,989584.0
2017-03-31,980330.0
2017-04-05,1003958.0
2017-04-06,1043292.0
2017-04-07,1030574.0
2017-04-10,1064524.0
2017-04-11,1071362.0
2017-04-12,1073738.0
2017-04-13,1061816.0
2017-04-14,1051768.0
2017-04-17,1041910.0
2017-04-18,1073774.0
2017-04-19,1073050.0
2017-04-20,1071020.0
2017-04-21,1077092.0
2017-04-24,1104642.0
2017-04-25,1095184.0
2017-04-26,1070224.0
2017-04-27,1104520.0
2017-04-28,1107364.0
2017-05-02,1073298.0
2017-05-03,1083300.0
2017-05-04,1090266.0
2017-05-05,1077298.0
2017-05-08,1093804.0
2017-05-09,1089526.0
2017-05-10,1103638.0
2017-05-11,1080914.0
2017-05-12,1068318.0
2017-05-15,1075350.0
2017-05-16,1054124.0
2017-05-17,1042140.0
2017-05-18,1039654.0
2017-05-19,1032966.0
2017-05-22,1027500.0
2017-05-23,1016978.0
2017-05-24,1013856.0
2017-05-25,990060.0
2017-05-26,958920.0
2017-05-31,996824.0
2017-06-01,999042.0
2017-06-02,986190.0
2017-06-05,982412.0
2017-06-06,992538.0
2017-06-07,982736.0
2017-06-08,964240.0
2017-06-09,948960.0
2017-06-12,922112.0
2017-06-13,926616.0
2017-06-14,924238.0
2017-06-15,927190.0
2017-06-16,982198.0
2017-06-19,1025958.0
2017-06-20,1019104.0
2017-06-21,1019132.0
2017-06-22,1046336.0
2017-06-23,1016934.0
2017-06-26,1006726.0
2017-06-27,976372.0
2017-06-28,1021136.0
2017-06-29,1035630.0
2017-06-30,1050118.0
2017-07-03,1057836.0
2017-07-04,1081512.0
2017-07-05,1062900.0
2017-07-06,1092772.0
2017-07-07,1118942.0
2017-07-10,1065322.0
2017-07-11,1058538.0
2017-07-12,1062276.0
2017-07-13,1063368.0
2017-07-14,1042848.0
2017-07-17,1063198.0
2017-07-18,1032560.0
2017-07-19,1034342.0
2017-07-20,1023614.0
2017-07-21,1029382.0
2017-07-24,1043800.0
2017-07-25,1045814.0
2017-07-26,1081714.0
2017-07-27,1074648.0
2017-07-28,1093292.0
2017-07-31,1092510.0
2017-08-01,1054064.0
2017-08-02,1051816.0
2017-08-03,1033720.0
2017-08-04,1029318.0
2017-08-07,1016254.0
2017-08-08,1026050.0
2017-08-09,1051516.0
2017-08-10,1041228.0
2017-08-11,1032146.0
2017-08-14,1029580.0
2017-08-15,999038.0
2017-08-16,991896.0
2017-08-17,995220.0
2017-08-18,986408.0
2017-08-21,973602.0
2017-08-22,973942.0
2017-08-23,974598.0
2017-08-24,960022.0
2017-08-25,989732.0
2017-08-28,996066.0
2017-08-29,995174.0
2017-08-30,961248.0
2017-08-31,969502.0
2017-09-01,974966.0
2017-09-04,977036.0
2017-09-05,979920.0
2017-09-06,986150.0
2017-09-07,967260.0
2017-09-08,939630.0
2017-09-11,944308.0
2017-09-12,951540.0
2017-09-13,940596.0
2017-09-14,934912.0
2017-09-15,856636.0
2017-09-18,900610.0
2017-09-19,917820.0
2017-09-20,888734.0
2017-09-21,906350.0
2017-09-22,890258.0
2017-09-25,896706.0
2017-09-26,914380.0
2017-09-27,934334.0
2017-09-28,908894.0
2017-09-29,880784.0
2017-10-09,904888.0
2017-10-10,927642.0
2017-10-11,922526.0
2017-10-12,941510.0
2017-10-13,950398.0
2017-10-16,945078.0
2017-10-17,954974.0
2017-10-18,965560.0
2017-10-19,973906.0
2017-10-20,977926.0
2017-10-23,990648.0
2017-10-24,992538.0
2017-10-25,1036740.0
2017-10-26,1015022.0
2017-10-27,1023256.0
2017-10-30,1023922.0
2017-10-31,1007980.0
2017-11-01,996886.0
2017-11-02,1002804.0
2017-11-03,1000902.0
2017-11-06,996992.0
2017-11-07,1009406.0
2017-11-08,1037324.0
2017-11-09,1084564.0
2017-11-10,1068848.0
2017-11-13,1085506.0
2017-11-14,1084936.0
2017-11-15,1080448.0
2017-11-16,1066542.0
2017-11-17,1052862.0
2017-11-20,1062616.0
2017-11-21,1077924.0
2017-11-22,1088814.0
2017-11-23,1073824.0
2017-11-24,1068944.0
2017-11-27,1068438.0
2017-11-28,1076390.0
2017-11-29,1056918.0
2017-11-30,997166.0
2017-12-01,992666.0
2017-12-04,1006352.0
2017-12-05,984438.0
2017-12-06,989602.0
2017-12-07,982270.0
2017-12-08,998816.0
2017-12-11,984916.0
2017-12-12,974580.0
2017-12-13,897748.0
2017-12-14,869882.0
2017-12-15,799550.0
2017-12-18,759428.0
2017-12-19,728814.0
2017-12-20,707686.0
2017-12-21,703486.0
2017-12-22,698340.0
2017-12-25,672042.0
2017-12-26,655538.0
2017-12-27,677318.0
2017-12-28,648254.0
2017-12-29,629276.0
2018-01-02,654080.0
2018-01-03,659742.0
2018-01-04,667616.0
2018-01-05,654728.0
2018-01-08,655568.0
2018-01-09,675050.0
2018-01-10,658300.0
2018-01-11,661658.0
2018-01-12,666516.0
2018-01-15,715570.0
2018-01-16,658198.0
2018-01-17,660142.0
2018-01-18,684778.0
2018-01-19,690330.0
2018-01-22,717806.0
2018-01-23,719500.0
2018-01-24,703306.0
2018-01-25,689866.0
2018-01-26,719126.0
2018-01-29,734934.0
2018-01-30,732876.0
2018-01-31,703598.0
2018-02-01,702786.0
2018-02-02,694160.0
2018-02-05,693010.0
2018-02-06,689128.0
2018-02-07,684872.0
2018-02-08,664804.0
2018-02-09,661000.0
2018-02-12,636864.0
2018-02-13,605252.0
2018-02-14,595774.0
2018-02-22,606966.0
2018-02-23,617414.0
2018-02-26,640306.0
2018-02-27,656410.0
2018-02-28,653180.0
2018-03-01,658732.0
2018-03-02,651554.0
2018-03-05,662054.0
2018-03-06,688030.0
2018-03-07,703318.0
2018-03-08,699234.0
2018-03-09,701788.0
2018-03-12,677708.0
2018-03-13,674706.0
2018-03-14,676722.0
2018-03-15,664268.0
2018-03-16,663364.0
2018-03-19,644350.0
2018-03-20,649242.0
2018-03-21,654608.0
2018-03-22,651768.0
2018-03-23,625594.0
2018-03-26,646608.0
2018-03-27,645370.0
2018-03-28,660802.0
2018-03-29,677994.0
2018-03-30,681958.0
2018-04-02,661608.0
2018-04-03,670252.0
2018-04-04,655748.0
2018-04-09,654770.0
2018-04-10,669758.0
2018-04-11,670146.0
2018-04-12,672874.0
2018-04-13,662340.0
2018-04-16,679230.0
2018-04-17,696242.0
2018-04-18,709548.0
2018-04-19,703570.0
2018-04-20,709850.0
2018-04-23,709698.0
2018-04-24,709066.0
2018-04-25,741672.0
2018-04-26,733980.0
2018-04-27,700080.0
2018-05-02,703348.0
2018-05-03,720710.0
2018-05-04,724434.0
2018-05-07,736826.0
2018-05-08,742916.0
2018-05-09,741672.0
2018-05-10,740072.0
2018-05-11,737998.0
2018-05-14,730900.0
2018-05-15,742816.0
2018-05-16,739706.0
2018-05-17,764198.0
2018-05-18,764016.0
2018-05-21,775372.0
2018-05-22,803174.0
2018-05-23,794914.0
2018-05-24,795878.0
2018-05-25,796990.0
2018-05-28,809990.0
2018-05-29,790200.0
2018-05-30,791528.0
2018-05-31,794476.0
2018-06-01,810016.0
2018-06-04,812074.0
2018-06-05,803536.0
2018-06-06,834418.0
2018-06-07,841294.0
2018-06-08,866194.0
2018-06-11,839430.0
2018-06-12,819706.0
2018-06-13,823786.0
2018-06-14,814348.0
2018-06-15,812292.0
2018-06-19,817376.0
2018-06-20,810990.0
2018-06-21,820934.0
2018-06-22,813154.0
2018-06-25,799098.0
2018-06-26,801162.0
2018-06-27,803618.0
2018-06-28,839032.0
2018-06-29,830004.0
2018-07-02,881756.0
2018-07-03,902406.0
2018-07-04,916130.0
2018-07-05,960364.0
2018-07-06,927968.0
2018-07-09,940892.0
2018-07-10,939276.0
2018-07-11,979538.0
2018-07-12,972630.0
2018-07-13,896920.0
2018-07-16,871454.0
2018-07-17,842680.0
2018-07-18,821798.0
2018-07-19,810250.0
2018-07-20,853016.0
2018-07-23,849642.0
2018-07-24,838706.0
2018-07-25,802622.0
2018-07-26,800830.0
2018-07-27,773312.0
2018-07-30,768068.0
2018-07-31,752092.0
2018-08-01,758504.0
2018-08-02,748986.0
2018-08-03,733138.0
2018-08-06,712910.0
2018-08-07,693016.0
2018-08-08,682552.0
2018-08-09,684718.0
2018-08-10,680954.0
2018-08-13,654478.0
2018-08-14,635590.0
2018-08-15,662618.0
2018-08-16,586602.0
2018-08-17,574162.0
2018-08-20,560830.0
2018-08-21,563684.0
2018-08-22,561662.0
2018-08-23,552556.0
2018-08-24,571534.0
2018-08-27,550938.0
2018-08-28,545380.0
2018-08-29,554696.0
2018-08-30,554250.0
2018-08-31,538876.0
2018-09-03,542870.0
2018-09-04,548744.0
2018-09-05,540828.0
2018-09-06,545214.0
2018-09-07,563860.0
2018-09-10,625224.0
2018-09-11,615988.0
2018-09-12,614616.0
2018-09-13,586648.0
2018-09-14,585846.0
2018-09-17,622000.0
2018-09-18,608556.0
2018-09-19,589334.0
2018-09-20,568470.0
2018-09-21,554038.0
2018-09-25,558844.0
2018-09-26,584664.0
2018-09-27,546242.0
2018-09-28,527630.0
2018-10-08,513486.0
2018-10-09,573472.0
2018-10-10,609890.0
2018-10-11,605194.0
2018-10-12,621674.0
2018-10-15,620266.0
2018-10-16,613390.0
2018-10-17,619000.0
2018-10-18,641554.0
2018-10-19,664518.0
2018-10-22,676314.0
2018-10-23,679430.0
2018-10-24,674716.0
2018-10-25,669050.0
2018-10-26,670880.0
2018-10-29,636712.0
2018-10-30,654762.0
2018-10-31,653832.0
2018-11-01,621238.0
2018-11-02,615616.0
2018-11-05,619188.0
2018-11-06,615318.0
2018-11-07,620380.0
2018-11-08,608486.0
2018-11-09,602764.0
2018-11-12,607876.0
2018-11-13,636340.0
2018-11-14,620948.0
2018-11-15,614974.0
2018-11-16,610694.0
2018-11-19,613842.0
2018-11-20,594124.0
2018-11-21,567100.0
2018-11-22,569238.0
2018-11-23,571354.0
2018-11-26,556524.0
2018-11-27,556532.0
2018-11-28,557870.0
2018-11-29,545990.0
2018-11-30,550758.0
2018-12-03,548260.0
2018-12-04,570536.0
2018-12-05,565112.0
2018-12-06,558460.0
2018-12-07,558412.0
2018-12-10,555876.0
2018-12-11,546054.0
2018-12-12,538094.0
2018-12-13,535060.0
2018-12-14,536436.0
2018-12-17,572350.0
2018-12-18,583552.0
2018-12-19,561652.0
2018-12-20,557468.0
2018-12-21,540076.0
2018-12-24,550804.0
2018-12-25,555090.0
2018-12-26,555152.0
2018-12-27,626810.0
2018-12-28,593700.0
2019-01-02,606430.0
2019-01-03,628588.0
2019-01-04,629884.0
2019-01-07,612922.0
2019-01-08,597670.0
2019-01-09,602478.0
2019-01-10,614568.0
2019-01-11,604148.0
2019-01-14,595656.0
2019-01-15,606684.0
2019-01-16,674088.0
2019-01-17,674670.0
2019-01-18,705984.0
2019-01-21,717820.0
2019-01-22,690648.0
2019-01-23,726410.0
2019-01-24,715212.0
2019-01-25,695428.0
2019-01-28,698232.0
2019-01-29,728682.0
2019-01-30,699796.0
2019-01-31,666778.0
2019-02-01,637450.0
2019-02-11,689470.0
2019-02-12,740102.0
2019-02-13,706488.0
2019-02-14,696200.0
2019-02-15,684426.0
2019-02-18,687232.0
2019-02-19,694822.0
2019-02-20,717198.0
2019-02-21,710524.0
2019-02-22,767112.0
2019-02-25,742376.0
2019-02-26,765582.0
2019-02-27,743678.0
2019-02-28,749936.0
2019-03-01,735342.0
2019-03-04,730674.0
2019-03-05,724320.0
2019-03-06,729928.0
2019-03-07,738714.0
2019-03-08,749102.0
2019-03-11,771922.0
2019-03-12,768256.0
2019-03-13,772710.0
2019-03-14,817040.0
2019-03-15,804424.0
2019-03-18,824202.0
2019-03-19,819090.0
2019-03-20,816652.0
2019-03-21,821244.0
2019-03-22,836098.0
2019-03-25,837910.0
2019-03-26,842640.0
2019-03-27,840068.0
2019-03-28,845614.0
2019-03-29,840126.0
2019-04-01,838906.0
2019-04-02,854926.0
2019-04-03,854726.0
2019-04-04,842838.0
2019-04-08,833428.0
2019-04-09,821456.0
2019-04-10,902172.0
2019-04-11,923216.0
2019-04-12,968422.0
2019-04-15,1067498.0
2019-04-16,1090722.0
2019-04-17,1068352.0
2019-04-18,1015626.0
2019-04-19,1032298.0
2019-04-22,1005786.0
2019-04-23,998790.0
2019-04-24,984802.0
2019-04-25,954020.0
2019-04-26,933010.0
2019-04-29,903518.0
2019-04-30,825554.0
2019-05-06,826940.0
2019-05-07,831212.0
2019-05-08,842812.0
2019-05-09,849708.0
2019-05-10,827594.0
2019-05-13,830028.0
2019-05-14,809152.0
2019-05-15,807786.0
2019-05-16,807524.0
2019-05-17,827768.0
2019-05-20,867888.0
2019-05-21,866780.0
2019-05-22,932566.0
2019-05-23,929164.0
2019-05-24,924388.0
2019-05-27,952882.0
2019-05-28,954964.0
2019-05-29,971314.0
2019-05-30,981862.0
2019-05-31,962356.0
2019-06-03,935498.0
2019-06-04,961826.0
2019-06-05,957898.0
2019-06-06,924236.0
2019-06-10,926982.0
2019-06-11,931516.0
2019-06-12,937800.0
2019-06-13,938478.0
2019-06-14,940104.0
2019-06-17,946904.0
2019-06-18,943502.0
2019-06-19,967802.0
2019-06-20,960178.0
2019-06-21,911276.0
2019-06-24,912624.0
2019-06-25,921852.0
2019-06-26,944570.0
2019-06-27,946360.0
2019-06-28,927876.0
2019-07-01,935816.0
2019-07-02,937992.0
2019-07-03,908126.0
2019-07-04,931116.0
2019-07-05,1029642.0
2019-07-08,1033130.0
2019-07-09,953692.0
2019-07-10,979428.0
2019-07-11,979562.0
2019-07-12,967912.0
2019-07-15,1002132.0
2019-07-16,988440.0
2019-07-17,978872.0
2019-07-18,960564.0
2019-07-19,958150.0
2019-07-22,958916.0
2019-07-23,994484.0
2019-07-24,1056200.0
2019-07-25,1021978.0
2019-07-26,1036024.0
2019-07-29,1086788.0
2019-07-30,1027072.0
2019-07-31,1033748.0
2019-08-01,1031446.0
2019-08-02,993332.0
2019-08-05,1028336.0
2019-08-06,982714.0
2019-08-07,1001376.0
2019-08-08,970196.0
2019-08-09,1032924.0
2019-08-12,1096546.0
2019-08-13,1096924.0
2019-08-14,1044778.0
2019-08-15,1013120.0
2019-08-16,962876.0
2019-08-19,980316.0
2019-08-20,992704.0
2019-08-21,988332.0
2019-08-22,1033332.0
2019-08-23,1007652.0
2019-08-26,958970.0
2019-08-27,918294.0
2019-08-28,913466.0
2019-08-29,923808.0
2019-08-30,910306.0
2019-09-02,910804.0
2019-09-03,953394.0
2019-09-04,971482.0
2019-09-05,988368.0
2019-09-06,987618.0
2019-09-09,1030750.0
2019-09-10,1000676.0
2019-09-11,1003604.0
2019-09-12,972260.0
2019-09-16,1009950.0
2019-09-17,991840.0
2019-09-18,974410.0
2019-09-19,960002.0
2019-09-20,937654.0
2019-09-23,896706.0
2019-09-24,833422.0
2019-09-25,843852.0
2019-09-26,862292.0
2019-09-27,815040.0
2019-09-30,777988.0
2019-10-08,801916.0
2019-10-09,922840.0
2019-10-10,934468.0
2019-10-11,880278.0
2019-10-14,876078.0
2019-10-15,878366.0
2019-10-16,849380.0
2019-10-17,843856.0
2019-10-18,855118.0
2019-10-21,898096.0
2019-10-22,887298.0
2019-10-23,881836.0
2019-10-24,886530.0
2019-10-25,860650.0
2019-10-28,865112.0
2019-10-29,992128.0
2019-10-30,983482.0
2019-10-31,1198682.0
2019-11-01,1133930.0
2019-11-04,1146742.0
2019-11-05,1155418.0
2019-11-06,1138196.0
2019-11-07,989748.0
2019-11-08,961364.0
2019-11-11,943946.0
2019-11-12,946974.0
2019-11-13,952064.0
2019-11-14,952650.0
2019-11-15,942760.0
2019-11-18,933548.0
2019-11-19,922536.0
2019-11-20,944238.0
2019-11-21,934198.0
2019-11-22,928870.0
2019-11-25,906708.0
2019-11-26,910146.0
2019-11-27,913836.0
2019-11-28,902784.0
2019-11-29,882870.0
2019-12-02,871142.0
2019-12-03,857620.0
2019-12-04,848792.0
2019-12-05,855428.0
2019-12-06,841846.0
2019-12-09,833122.0
2019-12-10,817222.0
2019-12-11,812222.0
2019-12-12,816586.0
2019-12-13,797142.0
2019-12-16,792632.0
2019-12-17,757512.0
2019-12-18,745914.0
2019-12-19,736310.0
2019-12-20,736882.0
2019-12-23,725078.0
2019-12-24,712372.0
2019-12-25,700638.0
2019-12-26,687450.0
2019-12-27,751620.0
2019-12-30,794036.0
2019-12-31,783496.0
2020-01-02,394101.0
2020-01-03,390156.0
2020-01-06,394085.0
2020-01-07,442695.0
2020-01-08,435941.0
2020-01-09,435865.0
2020-01-10,467341.0
2020-01-13,487476.0
2020-01-14,486684.0
2020-01-15,483275.0
2020-01-16,482835.0
2020-01-17,477630.0
2020-01-20,439220.0
2020-01-21,408232.0
2020-01-22,377647.0
2020-01-23,362707.0
2020-02-03,342186.0
2020-02-04,398637.0
2020-02-05,377006.0
2020-02-06,414687.0
2020-02-07,422863.0
2020-02-10,428708.0
2020-02-11,418704.0
2020-02-12,423370.0
2020-02-13,416302.0
2020-02-14,411220.0
2020-02-17,445003.0
2020-02-18,428438.0
2020-02-19,433551.0
2020-02-20,425884.0
2020-02-21,438782.0
2020-02-24,457247.0
2020-02-25,447898.0
2020-02-26,445354.0
2020-02-27,428262.0
2020-02-28,415862.0
2020-03-02,417116.0
2020-03-03,420481.0
2020-03-04,419356.0
2020-03-05,434935.0
2020-03-06,437095.0
2020-03-09,437088.0
2020-03-10,417414.0
2020-03-11,415820.0
2020-03-12,404658.0
2020-03-13,406233.0
2020-03-16,400322.0
2020-03-17,400206.0
2020-03-18,393969.0
2020-03-19,379191.0
2020-03-20,374522.0
2020-03-23,383884.0
2020-03-24,378742.0
2020-03-25,383113.0
2020-03-26,388895.0
2020-03-27,377548.0
2020-03-30,376132.0
2020-03-31,374177.0
2020-04-01,405317.0
2020-04-02,392671.0
2020-04-03,402639.0
2020-04-07,408489.0
2020-04-08,419268.0
2020-04-09,421899.0
2020-04-10,422492.0
2020-04-13,428465.0
2020-04-14,427322.0
2020-04-15,432187.0
2020-04-16,437420.0
2020-04-17,435231.0
2020-04-20,445156.0
2020-04-21,446940.0
2020-04-22,446489.0
2020-04-23,457281.0
2020-04-24,474368.0
2020-04-27,493841.0
2020-04-28,518259.0
2020-04-29,488894.0
2020-04-30,470638.0
2020-05-06,475436.0
2020-05-07,489294.0
2020-05-08,491869.0
2020-05-11,488892.0
2020-05-12,499356.0
2020-05-13,497544.0
2020-05-14,530232.0
2020-05-15,540974.0
2020-05-18,548611.0
2020-05-19,556942.0
2020-05-20,547230.0
2020-05-21,549828.0
2020-05-22,554220.0
2020-05-25,563987.0
2020-05-26,556671.0
2020-05-27,559989.0
2020-05-28,564396.0
2020-05-29,606904.0
2020-06-01,603735.0
2020-06-02,613277.0
2020-06-03,603928.0
2020-06-04,597145.0
2020-06-05,597113.0
2020-06-08,607998.0
2020-06-09,614051.0
2020-06-10,651173.0
2020-06-11,663688.0
2020-06-12,646454.0
2020-06-15,641150.0
2020-06-16,650244.0
2020-06-17,650052.0
2020-06-18,647100.0
2020-06-19,654017.0
2020-06-22,655655.0
2020-06-23,657362.0
2020-06-24,668922.0
2020-06-29,711855.0
2020-06-30,715616.0
2020-07-01,715347.0
2020-07-02,700722.0
2020-07-03,686409.0
2020-07-06,674854.0
2020-07-07,668298.0
2020-07-08,677198.0
2020-07-09,671132.0
2020-07-10,669723.0
2020-07-13,681340.0
2020-07-14,679704.0
2020-07-15,683899.0
2020-07-16,677126.0
2020-07-17,681826.0
2020-07-20,680652.0
2020-07-21,684921.0
2020-07-22,703617.0
2020-07-23,714473.0
2020-07-24,700286.0
2020-07-27,731291.0
2020-07-28,756779.0
2020-07-29,767537.0
2020-07-30,785052.0
2020-07-31,759859.0
2020-08-03,752805.0
2020-08-04,740828.0
2020-08-05,731055.0
2020-08-06,742729.0
2020-08-07,745722.0
2020-08-10,739117.0
2020-08-11,707906.0
2020-08-12,692004.0
2020-08-13,693035.0
2020-08-14,686853.0
2020-08-17,690858.0
2020-08-18,683165.0
2020-08-19,680455.0
2020-08-20,645874.0
2020-08-21,629365.0
2020-08-24,627495.0
2020-08-25,619764.0
2020-08-26,642018.0
2020-08-27,637997.0
2020-08-28,639701.0
2020-08-31,623243.0
2020-09-01,608748.0
2020-09-02,614072.0
2020-09-03,610260.0
2020-09-04,570630.0
2020-09-07,569161.0
2020-09-08,602656.0
2020-09-09,558543.0
2020-09-10,549726.0
2020-09-11,547807.0
2020-09-14,553039.0
2020-09-15,561478.0
2020-09-16,558633.0
2020-09-17,575588.0
2020-09-18,582015.0
2020-09-21,575150.0
2020-09-22,549687.0
2020-09-23,540318.0
2020-09-24,528847.0
2020-09-25,524184.0
2020-09-28,509933.0
2020-09-29,494432.0
2020-09-30,474223.0
2020-10-09,472711.0
2020-10-12,474934.0
2020-10-13,485679.0
2020-10-14,493399.0
2020-10-15,501440.0
2020-10-16,506782.0
2020-10-19,517773.0
2020-10-20,541256.0
2020-10-21,533943.0
2020-10-22,523625.0
2020-10-23,526647.0
2020-10-26,525754.0
2020-10-27,529280.0
2020-10-28,532404.0
2020-10-29,529333.0
2020-10-30,529477.0
2020-11-02,540998.0
2020-11-03,533504.0
2020-11-04,564370.0
2020-11-05,577705.0
2020-11-06,575622.0
2020-11-09,589746.0
2020-11-10,587321.0
2020-11-11,600230.0
2020-11-12,602731.0
2020-11-13,614903.0
2020-11-16,636301.0
2020-11-17,609478.0
2020-11-18,637860.0
2020-11-19,623232.0
2020-11-20,627041.0
2020-11-23,591840.0
2020-11-24,580965.0
2020-11-25,575130.0
2020-11-26,563695.0
2020-11-27,563342.0
2020-11-30,562337.0
2020-12-01,569258.0
2020-12-02,573446.0
2020-12-03,600777.0
2020-12-04,615034.0
2020-12-07,613223.0
2020-12-08,605283.0
2020-12-09,639060.0
2020-12-10,588629.0
2020-12-11,566126.0
2020-12-14,557246.0
2020-12-15,551830.0
2020-12-16,546128.0
2020-12-17,546012.0
2020-12-18,528917.0
2020-12-21,521068.0
2020-12-22,511890.0
2020-12-23,512570.0
2020-12-24,525210.0
2020-12-25,527490.0
2020-12-28,523293.0
2020-12-29,523996.0
2020-12-30,541597.0
2020-12-31,559029.0
2021-01-04,594585.0
2021-01-05,600318.0
2021-01-06,613933.0
2021-01-07,621680.0
2021-01-08,623689.0
2021-01-11,597933.0
2021-01-12,608329.0
2021-01-13,618891.0
2021-01-14,616857.0
2021-01-15,647984.0
2021-01-18,651250.0
2021-01-19,648988.0
2021-01-20,621607.0
2021-01-21,621552.0
2021-01-22,616543.0
2021-01-25,626669.0
2021-01-26,641668.0
2021-01-27,649442.0
2021-01-28,652389.0
2021-01-29,650018.0
2021-02-01,641627.0
2021-02-02,628979.0
2021-02-03,624642.0
2021-02-04,613185.0
2021-02-05,618005.0
2021-02-08,626579.0
2021-02-09,629219.0
2021-02-10,627213.0
2021-02-18,622351.0
2021-02-19,641265.0
2021-02-22,655718.0
2021-02-23,671631.0
2021-02-24,665975.0
2021-02-25,702713.0
2021-02-26,663875.0
2021-03-01,672182.0
2021-03-02,663971.0
2021-03-03,694298.0
2021-03-04,680119.0
2021-03-05,658507.0
2021-03-08,668467.0
2021-03-09,658758.0
2021-03-10,652486.0
2021-03-11,650583.0
2021-03-12,658400.0
2021-03-15,666504.0
2021-03-16,672244.0
2021-03-17,668843.0
2021-03-18,660728.0
2021-03-19,666621.0
2021-03-22,664637.0
2021-03-23,663608.0
2021-03-24,658605.0
2021-03-25,640121.0
2021-03-26,657413.0
2021-03-29,686572.0
2021-03-30,670039.0
2021-03-31,688045.0
2021-04-01,654025.0
2021-04-02,649492.0
2021-04-06,624963.0
2021-04-07,619206.0
2021-04-08,615603.0
2021-04-09,618644.0
2021-04-12,607732.0
2021-04-13,620525.0
2021-04-14,648105.0
2021-04-15,651837.0
2021-04-16,599720.0
2021-04-19,615094.0
2021-04-20,615088.0
2021-04-21,619525.0
2021-04-22,631331.0
2021-04-23,637868.0
2021-04-26,633619.0
2021-04-27,650554.0
2021-04-28,664136.0
2021-04-29,658150.0
2021-04-30,613462.0
2021-05-06,637215.0
2021-05-07,669582.0
2021-05-10,671102.0
2021-05-11,661629.0
2021-05-12,707303.0
2021-05-13,686290.0
2021-05-14,667500.0
2021-05-17,672872.0
2021-05-18,684567.0
2021-05-19,669619.0
2021-05-20,632655.0
2021-05-21,632201.0
2021-05-24,629057.0
2021-05-25,636297.0
2021-05-26,638620.0
2021-05-27,641499.0
2021-05-28,637962.0
2021-05-31,627061.0
2021-06-01,619188.0
2021-06-02,600915.0
2021-06-03,612536.0
2021-06-04,624481.0
2021-06-07,636722.0
2021-06-08,671501.0
2021-06-09,680059.0
2021-06-10,661422.0
2021-06-11,632212.0
2021-06-15,636533.0
2021-06-16,691872.0
2021-06-17,703742.0
2021-06-18,695078.0
2021-06-21,694619.0
2021-06-22,678192.0
2021-06-23,657796.0
2021-06-24,625109.0
2021-06-25,626706.0
2021-06-28,625494.0
2021-06-29,627833.0
2021-06-30,629174.0
2021-07-01,635914.0
2021-07-02,641046.0
2021-07-05,638372.0
2021-07-06,642182.0
2021-07-07,628743.0
2021-07-08,614916.0
2021-07-09,609406.0
2021-07-12,605124.0
2021-07-13,618709.0
2021-07-14,613358.0
2021-07-15,613613.0
2021-07-16,622020.0
2021-07-19,613795.0
2021-07-20,584744.0
2021-07-21,592429.0
2021-07-22,607310.0
2021-07-23,595403.0
2021-07-26,583581.0
2021-07-27,577316.0
2021-07-28,580174.0
2021-07-29,603194.0
2021-07-30,595907.0
2021-08-02,566051.0
2021-08-03,557037.0
2021-08-04,559197.0
2021-08-05,556543.0
2021-08-06,590790.0
2021-08-09,590308.0
2021-08-10,566598.0
2021-08-11,573185.0
2021-08-12,563289.0
2021-08-13,586919.0
2021-08-16,602866.0
2021-08-17,612353.0
2021-08-18,584375.0
2021-08-19,559308.0
2021-08-20,523233.0
2021-08-23,524363.0
2021-08-24,533745.0
2021-08-25,544053.0
2021-08-26,538302.0
2021-08-27,535707.0
2021-08-30,539685.0
2021-08-31,544628.0
2021-09-01,562314.0
2021-09-02,557110.0
2021-09-03,552071.0
2021-09-06,558896.0
2021-09-07,561532.0
2021-09-08,553007.0
2021-09-09,536761.0
2021-09-10,537969.0
2021-09-13,553634.0
2021-09-14,563843.0
2021-09-15,575131.0
2021-09-16,533500.0
2021-09-17,518208.0
2021-09-22,557114.0
2021-09-23,564373.0
2021-09-24,554227.0
2021-09-27,553192.0
2021-09-28,551203.0
2021-09-29,515049.0
2021-09-30,477661.0
2021-10-08,476493.0
2021-10-11,525302.0
2021-10-12,541165.0
2021-10-13,523714.0
2021-10-14,516993.0
2021-10-15,534816.0
2021-10-18,517425.0
2021-10-19,509834.0
2021-10-20,510193.0
2021-10-21,545207.0
2021-10-22,512245.0
2021-10-25,517360.0
2021-10-26,525390.0
2021-10-27,577676.0
2021-10-28,513320.0
2021-10-29,518485.0
2021-11-01,512017.0
2021-11-02,514574.0
2021-11-03,517964.0
2021-11-04,508411.0
2021-11-05,518237.0
2021-11-08,579447.0
2021-11-09,600961.0
2021-11-10,618326.0
2021-11-11,587638.0
2021-11-12,598819.0
2021-11-15,590571.0
2021-11-16,561413.0
2021-11-17,556151.0
2021-11-18,593969.0
2021-11-19,577863.0
2021-11-22,570283.0
2021-11-23,558806.0
2021-11-24,548531.0
2021-11-25,544756.0
2021-11-26,553511.0
2021-11-29,545567.0
2021-11-30,527841.0
2021-12-01,523529.0
2021-12-02,533370.0
2021-12-03,539556.0
2021-12-06,535179.0
2021-12-07,543314.0
2021-12-08,530167.0
2021-12-09,530925.0
2021-12-10,567462.0
2021-12-13,542928.0
2021-12-14,547861.0
2021-12-15,562184.0
2021-12-16,573317.0
2021-12-17,556835.0
2021-12-20,592026.0
2021-12-21,601716.0
2021-12-22,574838.0
2021-12-23,558063.0
2021-12-24,548130.0
2021-12-27,540167.0
2021-12-28,543685.0
2021-12-29,556156.0
2021-12-30,556775.0
2021-12-31,538771.0
2022-01-04,538331.0
2022-01-05,548098.0
2022-01-06,587737.0
2022-01-07,602940.0
2022-01-10,603419.0
2022-01-11,592846.0
2022-01-12,584660.0
2022-01-13,576182.0
2022-01-14,581955.0
2022-01-17,573042.0
2022-01-18,556931.0
2022-01-19,558100.0
2022-01-20,562766.0
2022-01-21,563288.0
2022-01-24,561419.0
2022-01-25,556876.0
2022-01-26,567795.0
2022-01-27,570104.0
2022-01-28,543859.0
2022-02-07,590327.0
2022-02-08,612773.0
2022-02-09,629704.0
2022-02-10,637122.0
2022-02-11,632703.0
2022-02-14,628713.0
2022-02-15,630979.0
2022-02-16,630294.0
2022-02-17,646579.0
2022-02-18,635467.0
2022-02-21,649575.0
2022-02-22,640357.0
2022-02-23,644229.0
2022-02-24,643597.0
2022-02-25,633908.0
2022-02-28,644621.0
2022-03-01,673292.0
2022-03-02,650168.0
2022-03-03,642379.0
2022-03-04,635677.0
2022-03-07,668100.0
2022-03-08,644985.0
2022-03-09,642778.0
2022-03-10,628717.0
2022-03-11,625688.0
2022-03-14,638349.0
2022-03-15,605284.0
2022-03-16,595476.0
2022-03-17,602179.0
2022-03-18,607194.0
2022-03-21,604106.0
2022-03-22,616030.0
2022-03-23,612086.0
2022-03-24,623422.0
2022-03-25,628781.0
2022-03-28,637742.0
2022-03-29,627359.0
2022-03-30,615784.0
2022-03-31,604640.0
2022-04-01,594008.0
2022-04-06,599704.0
2022-04-07,600784.0
2022-04-08,675320.0
2022-04-11,683197.0
2022-04-12,697610.0
2022-04-13,692410.0
2022-04-14,691011.0
2022-04-15,696921.0
2022-04-18,683404.0
2022-04-19,698310.0
2022-04-20,671656.0
2022-04-21,660875.0
2022-04-22,650930.0
2022-04-25,612147.0
2022-04-26,622499.0
2022-04-27,629521.0
2022-04-28,614921.0
2022-04-29,613227.0
2022-05-05,619634.0
2022-05-06,657819.0
2022-05-09,667554.0
2022-05-10,698622.0
2022-05-11,715903.0
2022-05-12,731864.0
2022-05-13,733075.0
2022-05-16,689313.0
2022-05-17,654193.0
2022-05-18,649889.0
2022-05-19,624921.0
2022-05-20,624548.0
2022-05-23,621915.0
2022-05-24,614828.0
2022-05-25,616104.0
2022-05-26,624362.0
2022-05-27,632159.0
2022-05-30,622557.0
2022-05-31,623351.0
2022-06-01,622842.0
2022-06-02,640508.0
2022-06-06,644399.0
2022-06-07,655645.0
2022-06-08,654392.0
2022-06-09,653547.0
2022-06-10,685035.0
2022-06-13,659439.0
2022-06-14,652963.0
2022-06-15,658907.0
2022-06-16,662211.0
2022-06-17,663033.0
2022-06-20,661422.0
2022-06-21,666299.0
2022-06-22,682767.0
2022-06-23,695192.0
2022-06-24,704327.0
2022-06-27,711459.0
2022-06-28,732311.0
2022-06-29,739743.0
2022-06-30,736368.0
2022-07-01,761814.0
2022-07-04,770543.0
2022-07-05,784363.0
2022-07-06,792141.0
2022-07-07,802570.0
2022-07-08,797648.0
2022-07-11,786771.0
2022-07-12,782582.0
2022-07-13,788683.0
2022-07-14,789445.0
2022-07-15,798839.0
2022-07-18,785209.0
2022-07-19,772814.0
2022-07-20,791768.0
2022-07-21,808291.0
2022-07-22,802752.0
2022-07-25,839136.0
2022-07-26,852436.0
2022-07-27,841743.0
2022-07-28,804823.0
2022-07-29,795000.0
2022-08-01,771253.0
2022-08-02,754741.0
2022-08-03,753497.0
2022-08-04,763986.0
2022-08-05,763191.0
2022-08-08,762134.0
2022-08-09,768483.0
2022-08-10,787383.0
2022-08-11,768968.0
2022-08-12,755588.0
2022-08-15,758344.0
2022-08-16,747273.0
2022-08-17,752826.0
2022-08-18,781422.0
2022-08-19,785571.0
2022-08-22,773002.0
2022-08-23,774451.0
2022-08-24,779312.0
2022-08-25,789408.0
2022-08-26,768310.0
2022-08-29,751666.0
2022-08-30,780143.0
2022-08-31,781514.0
2022-09-01,786414.0
2022-09-02,788730.0
2022-09-05,782708.0
2022-09-06,782027.0
2022-09-07,798038.0
2022-09-08,807527.0
2022-09-09,776316.0
2022-09-13,760975.0
2022-09-14,764925.0
2022-09-15,764775.0
2022-09-16,734552.0
2022-09-19,722360.0
2022-09-20,713324.0
2022-09-21,713899.0
2022-09-22,712319.0
2022-09-23,704946.0
2022-09-26,681655.0
2022-09-27,668306.0
2022-09-28,669048.0
2022-09-29,659436.0
2022-09-30,667946.0
2022-10-10,633474.0
2022-10-11,649674.0
2022-10-12,645081.0
2022-10-13,653720.0
2022-10-14,687237.0
2022-10-17,692610.0
2022-10-18,696220.0
2022-10-19,690292.0
2022-10-20,708280.0
2022-10-21,703264.0
2022-10-24,691482.0
2022-10-25,705086.0
2022-10-26,721862.0
2022-10-27,740889.0
2022-10-28,762171.0
2022-10-31,762880.0
2022-11-01,767300.0
2022-11-02,748077.0
2022-11-03,743517.0
2022-11-04,751577.0
2022-11-07,754179.0
2022-11-08,776677.0
2022-11-09,798193.0
2022-11-10,795097.0
2022-11-11,813936.0
