trading_date,V_total_oi
2013-11-05,42734.0
2013-11-06,44412.0
2013-11-07,45116.0
2013-11-08,43190.0
2013-11-11,43472.0
2013-11-12,43442.0
2013-11-13,43350.0
2013-11-14,43124.0
2013-11-15,44372.0
2013-11-18,44550.0
2013-11-19,44508.0
2013-11-20,44846.0
2013-11-21,45146.0
2013-11-22,43894.0
2013-11-25,43062.0
2013-11-26,42556.0
2013-11-27,41996.0
2013-11-28,42246.0
2013-11-29,41658.0
2013-12-02,41608.0
2013-12-03,41832.0
2013-12-04,42838.0
2013-12-05,42348.0
2013-12-06,41394.0
2013-12-09,40892.0
2013-12-10,40872.0
2013-12-11,39130.0
2013-12-12,36446.0
2013-12-13,36092.0
2013-12-16,35544.0
2013-12-17,33740.0
2013-12-18,34208.0
2013-12-19,41898.0
2013-12-20,40648.0
2013-12-23,37276.0
2013-12-24,35776.0
2013-12-25,35292.0
2013-12-26,35838.0
2013-12-27,34592.0
2013-12-30,33432.0
2013-12-31,32426.0
2014-01-02,32628.0
2014-01-03,32778.0
2014-01-06,32768.0
2014-01-07,33956.0
2014-01-08,33594.0
2014-01-09,35386.0
2014-01-10,35494.0
2014-01-13,34858.0
2014-01-14,35440.0
2014-01-15,34040.0
2014-01-16,34844.0
2014-01-17,34646.0
2014-01-20,33566.0
2014-01-21,34078.0
2014-01-22,34694.0
2014-01-23,35438.0
2014-01-24,34554.0
2014-01-27,34492.0
2014-01-28,34250.0
2014-01-29,33490.0
2014-01-30,37408.0
2014-02-07,44252.0
2014-02-10,44582.0
2014-02-11,45742.0
2014-02-12,44932.0
2014-02-13,46836.0
2014-02-14,47464.0
2014-02-17,46902.0
2014-02-18,47140.0
2014-02-19,47552.0
2014-02-20,49106.0
2014-02-21,51594.0
2014-02-24,53120.0
2014-02-25,53804.0
2014-02-26,53648.0
2014-02-27,54620.0
2014-02-28,56320.0
2014-03-03,58562.0
2014-03-04,60420.0
2014-03-05,61328.0
2014-03-06,62574.0
2014-03-07,63924.0
2014-03-10,59984.0
2014-03-11,58884.0
2014-03-12,56884.0
2014-03-13,56524.0
2014-03-14,57722.0
2014-03-17,57118.0
2014-03-18,55400.0
2014-03-19,59176.0
2014-03-20,56372.0
2014-03-21,55484.0
2014-03-24,50668.0
2014-03-25,48156.0
2014-03-26,46096.0
2014-03-27,46136.0
2014-03-28,44064.0
2014-03-31,43180.0
2014-04-01,42466.0
2014-04-02,41912.0
2014-04-03,41690.0
2014-04-04,41626.0
2014-04-08,41742.0
2014-04-09,41144.0
2014-04-10,41876.0
2014-04-11,43306.0
2014-04-14,42352.0
2014-04-15,42764.0
2014-04-16,41146.0
2014-04-17,40844.0
2014-04-18,39536.0
2014-04-21,39492.0
2014-04-22,39172.0
2014-04-23,39046.0
2014-04-24,37232.0
2014-04-25,36448.0
2014-04-28,39226.0
2014-04-29,39842.0
2014-04-30,37660.0
2014-05-05,37554.0
2014-05-06,40200.0
2014-05-07,40760.0
2014-05-08,42314.0
2014-05-09,41134.0
2014-05-12,41570.0
2014-05-13,40532.0
2014-05-14,39956.0
2014-05-15,38890.0
2014-05-16,37874.0
2014-05-19,38328.0
2014-05-20,39634.0
2014-05-21,37650.0
2014-05-22,37728.0
2014-05-23,36710.0
2014-05-26,34394.0
2014-05-27,33734.0
2014-05-28,33588.0
2014-05-29,34798.0
2014-05-30,33842.0
2014-06-03,32488.0
2014-06-04,31568.0
2014-06-05,31078.0
2014-06-06,34356.0
2014-06-09,40934.0
2014-06-10,39728.0
2014-06-11,42094.0
2014-06-12,42592.0
2014-06-13,35724.0
2014-06-16,33842.0
2014-06-17,36166.0
2014-06-18,36076.0
2014-06-19,35378.0
2014-06-20,34208.0
2014-06-23,31960.0
2014-06-24,33908.0
2014-06-25,33420.0
2014-06-26,35144.0
2014-06-27,34406.0
2014-06-30,33758.0
2014-07-01,32086.0
2014-07-02,30070.0
2014-07-03,30602.0
2014-07-04,31500.0
2014-07-07,30114.0
2014-07-08,30186.0
2014-07-09,30882.0
2014-07-10,31534.0
2014-07-11,31962.0
2014-07-14,31878.0
2014-07-15,32434.0
2014-07-16,35110.0
2014-07-17,38054.0
2014-07-18,37976.0
2014-07-21,37866.0
2014-07-22,36356.0
2014-07-23,36858.0
2014-07-24,37000.0
2014-07-25,36870.0
2014-07-28,36062.0
2014-07-29,33514.0
2014-07-30,33136.0
2014-07-31,32542.0
2014-08-01,31886.0
2014-08-04,30946.0
2014-08-05,30182.0
2014-08-06,30208.0
2014-08-07,30208.0
2014-08-08,29922.0
2014-08-11,29594.0
2014-08-12,27962.0
2014-08-13,28094.0
2014-08-14,27338.0
2014-08-15,26930.0
2014-08-18,26794.0
2014-08-19,25902.0
2014-08-20,25736.0
2014-08-21,25134.0
2014-08-22,24936.0
2014-08-25,24306.0
2014-08-26,23996.0
2014-08-27,23882.0
2014-08-28,23802.0
2014-08-29,22322.0
2014-09-01,21138.0
2014-09-02,20076.0
2014-09-03,21280.0
2014-09-04,20976.0
2014-09-05,21344.0
2014-09-09,21762.0
2014-09-10,22266.0
2014-09-11,22284.0
2014-09-12,22966.0
2014-09-15,23400.0
2014-09-16,27096.0
2014-09-17,27356.0
2014-09-18,28822.0
2014-09-19,31406.0
2014-09-22,32666.0
2014-09-23,31740.0
2014-09-24,32260.0
2014-09-25,31974.0
2014-09-26,30240.0
2014-09-29,28038.0
2014-09-30,27176.0
2014-10-08,32132.0
2014-10-09,33106.0
2014-10-10,39864.0
2014-10-13,38368.0
2014-10-14,36496.0
2014-10-15,37492.0
2014-10-16,38364.0
2014-10-17,36190.0
2014-10-20,44964.0
2014-10-21,64696.0
2014-10-22,85944.0
2014-10-23,147814.0
2014-10-24,120148.0
2014-10-27,81790.0
2014-10-28,73402.0
2014-10-29,61764.0
2014-10-30,56970.0
2014-10-31,56246.0
2014-11-03,57354.0
2014-11-04,57306.0
2014-11-05,57534.0
2014-11-06,56498.0
2014-11-07,56654.0
2014-11-10,55514.0
2014-11-11,54610.0
2014-11-12,54006.0
2014-11-13,53940.0
2014-11-14,53790.0
2014-11-17,53870.0
2014-11-18,52694.0
2014-11-19,51500.0
2014-11-20,51260.0
2014-11-21,53120.0
2014-11-24,52002.0
2014-11-25,53736.0
2014-11-26,52952.0
2014-11-27,51802.0
2014-11-28,51632.0
2014-12-01,57120.0
2014-12-02,50576.0
2014-12-03,49696.0
2014-12-04,49054.0
2014-12-05,48032.0
2014-12-08,48128.0
2014-12-09,52790.0
2014-12-10,51524.0
2014-12-11,52540.0
2014-12-12,52016.0
2014-12-15,51754.0
2014-12-16,50486.0
2014-12-17,50258.0
2014-12-18,50372.0
2014-12-19,60542.0
2014-12-22,59064.0
2014-12-23,59314.0
2014-12-24,58774.0
2014-12-25,60004.0
2014-12-26,60228.0
2014-12-29,58448.0
2014-12-30,51140.0
2014-12-31,49036.0
2015-01-05,49842.0
2015-01-06,50462.0
2015-01-07,52064.0
2015-01-08,53974.0
2015-01-09,63234.0
2015-01-12,67316.0
2015-01-13,70590.0
2015-01-14,74044.0
2015-01-15,77960.0
2015-01-16,75062.0
2015-01-19,73758.0
2015-01-20,74720.0
2015-01-21,74164.0
2015-01-22,74374.0
2015-01-23,73136.0
2015-01-26,76086.0
2015-01-27,76516.0
2015-01-28,75346.0
2015-01-29,75060.0
2015-01-30,73818.0
2015-02-02,68090.0
2015-02-03,61792.0
2015-02-04,58458.0
2015-02-05,58182.0
2015-02-06,54044.0
2015-02-09,53940.0
2015-02-10,53378.0
2015-02-11,52514.0
2015-02-12,51886.0
2015-02-13,49126.0
2015-02-16,47874.0
2015-02-17,46996.0
2015-02-25,46516.0
2015-02-26,47228.0
2015-02-27,46230.0
2015-03-02,43736.0
2015-03-03,42832.0
2015-03-04,42238.0
2015-03-05,43760.0
2015-03-06,44346.0
2015-03-09,45158.0
2015-03-10,45872.0
2015-03-11,46190.0
2015-03-12,45970.0
2015-03-13,45026.0
2015-03-16,44408.0
2015-03-17,42864.0
2015-03-18,41618.0
2015-03-19,38962.0
2015-03-20,40018.0
2015-03-23,41330.0
2015-03-24,40968.0
2015-03-25,40432.0
2015-03-26,41982.0
2015-03-27,38398.0
2015-03-30,39102.0
2015-03-31,40686.0
2015-04-01,39550.0
2015-04-02,39756.0
2015-04-03,39122.0
2015-04-07,37938.0
2015-04-08,39028.0
2015-04-09,39690.0
2015-04-10,39274.0
2015-04-13,39014.0
2015-04-14,38658.0
2015-04-15,40072.0
2015-04-16,34842.0
2015-04-17,36986.0
2015-04-20,39178.0
2015-04-21,39224.0
2015-04-22,39204.0
2015-04-23,40640.0
2015-04-24,39192.0
2015-04-27,38838.0
2015-04-28,35930.0
2015-04-29,33608.0
2015-04-30,32728.0
2015-05-04,33522.0
2015-05-05,33994.0
2015-05-06,32162.0
2015-05-07,30708.0
2015-05-08,29282.0
2015-05-11,30216.0
2015-05-12,30338.0
2015-05-13,30340.0
2015-05-14,30956.0
2015-05-15,29536.0
2015-05-18,31200.0
2015-05-19,30636.0
2015-05-20,34172.0
2015-05-21,32906.0
2015-05-22,31364.0
2015-05-25,31496.0
2015-05-26,33302.0
2015-05-27,34152.0
2015-05-28,36236.0
2015-05-29,34588.0
2015-06-01,33518.0
2015-06-02,32628.0
2015-06-03,33256.0
2015-06-04,33194.0
2015-06-05,36058.0
2015-06-08,39074.0
2015-06-09,38434.0
2015-06-10,38136.0
2015-06-11,38218.0
2015-06-12,38714.0
2015-06-15,41826.0
2015-06-16,39694.0
2015-06-17,41712.0
2015-06-18,41126.0
2015-06-19,41476.0
2015-06-23,40748.0
2015-06-24,40026.0
2015-06-25,40854.0
2015-06-26,40952.0
2015-06-29,38544.0
2015-06-30,36942.0
2015-07-01,32580.0
2015-07-02,31464.0
2015-07-03,31428.0
2015-07-06,31880.0
2015-07-07,37030.0
2015-07-08,37542.0
2015-07-09,36182.0
2015-07-10,37376.0
2015-07-13,37914.0
2015-07-14,37910.0
2015-07-15,38682.0
2015-07-16,38370.0
2015-07-17,37934.0
2015-07-20,37340.0
2015-07-21,37036.0
2015-07-22,36700.0
2015-07-23,36660.0
2015-07-24,35902.0
2015-07-27,39648.0
2015-07-28,39906.0
2015-07-29,38654.0
2015-07-30,37870.0
2015-07-31,37552.0
2015-08-03,38620.0
2015-08-04,37436.0
2015-08-05,37796.0
2015-08-06,36778.0
2015-08-07,36296.0
2015-08-10,36272.0
2015-08-11,33322.0
2015-08-12,32612.0
2015-08-13,31570.0
2015-08-14,30320.0
2015-08-17,30126.0
2015-08-18,30364.0
2015-08-19,30048.0
2015-08-20,30320.0
2015-08-21,30498.0
2015-08-24,35652.0
2015-08-25,36180.0
2015-08-26,36488.0
2015-08-27,36698.0
2015-08-28,34246.0
2015-08-31,33640.0
2015-09-01,34002.0
2015-09-02,34098.0
2015-09-07,35392.0
2015-09-08,35460.0
2015-09-09,35686.0
2015-09-10,35346.0
2015-09-11,35582.0
2015-09-14,35548.0
2015-09-15,38512.0
2015-09-16,35428.0
2015-09-17,36386.0
2015-09-18,36330.0
2015-09-21,38584.0
2015-09-22,40280.0
2015-09-23,40880.0
2015-09-24,40058.0
2015-09-25,40604.0
2015-09-28,40566.0
2015-09-29,40418.0
2015-09-30,40282.0
2015-10-08,39926.0
2015-10-09,39598.0
2015-10-12,41470.0
2015-10-13,41136.0
2015-10-14,42068.0
2015-10-15,43246.0
2015-10-16,44246.0
2015-10-19,45390.0
2015-10-20,45848.0
2015-10-21,48062.0
2015-10-22,48814.0
2015-10-23,49184.0
2015-10-26,51254.0
2015-10-27,52912.0
2015-10-28,58698.0
2015-10-29,62876.0
2015-10-30,65032.0
2015-11-02,68900.0
2015-11-03,71612.0
2015-11-04,76068.0
2015-11-05,75102.0
2015-11-06,73776.0
2015-11-09,74542.0
2015-11-10,72106.0
2015-11-11,71458.0
2015-11-12,70606.0
2015-11-13,70938.0
2015-11-16,71148.0
2015-11-17,69830.0
2015-11-18,70864.0
2015-11-19,72242.0
2015-11-20,68740.0
2015-11-23,68876.0
2015-11-24,62932.0
2015-11-25,61040.0
2015-11-26,62392.0
2015-11-27,62408.0
2015-11-30,63188.0
2015-12-01,63876.0
2015-12-02,64374.0
2015-12-03,64308.0
2015-12-04,65002.0
2015-12-07,66552.0
2015-12-08,66782.0
2015-12-09,64864.0
2015-12-10,62802.0
2015-12-11,62062.0
2015-12-14,62302.0
2015-12-15,62196.0
2015-12-16,61538.0
2015-12-17,61562.0
2015-12-18,62882.0
2015-12-21,64538.0
2015-12-22,64192.0
2015-12-23,60986.0
2015-12-24,60362.0
2015-12-25,59952.0
2015-12-28,60896.0
2015-12-29,58800.0
2015-12-30,58034.0
2015-12-31,57194.0
2016-01-04,56684.0
2016-01-05,58638.0
2016-01-06,58126.0
2016-01-07,53286.0
2016-01-08,55472.0
2016-01-11,62470.0
2016-01-12,61560.0
2016-01-13,60998.0
2016-01-14,60070.0
2016-01-15,59534.0
2016-01-18,63398.0
2016-01-19,63576.0
2016-01-20,66208.0
2016-01-21,70922.0
2016-01-22,69488.0
2016-01-25,73694.0
2016-01-26,73414.0
2016-01-27,73028.0
2016-01-28,74668.0
2016-01-29,75366.0
2016-02-01,77188.0
2016-02-02,77786.0
2016-02-03,78008.0
2016-02-04,75716.0
2016-02-05,74582.0
2016-02-15,75998.0
2016-02-16,77030.0
2016-02-17,77510.0
2016-02-18,79446.0
2016-02-19,75146.0
2016-02-22,75906.0
2016-02-23,77690.0
2016-02-24,81736.0
2016-02-25,81660.0
2016-02-26,82366.0
2016-02-29,82204.0
2016-03-01,82976.0
2016-03-02,81112.0
2016-03-03,74742.0
2016-03-04,69606.0
2016-03-07,69002.0
2016-03-08,67318.0
2016-03-09,63544.0
2016-03-10,62124.0
2016-03-11,63028.0
2016-03-14,66672.0
2016-03-15,67852.0
2016-03-16,62510.0
2016-03-17,60162.0
2016-03-18,57142.0
2016-03-21,55196.0
2016-03-22,54266.0
2016-03-23,53462.0
2016-03-24,52200.0
2016-03-25,52462.0
2016-03-28,57750.0
2016-03-29,64560.0
2016-03-30,61438.0
2016-03-31,61972.0
2016-04-01,57372.0
2016-04-05,57290.0
2016-04-06,63984.0
2016-04-07,64632.0
2016-04-08,68474.0
2016-04-11,69652.0
2016-04-12,72322.0
2016-04-13,75028.0
2016-04-14,77136.0
2016-04-15,75076.0
2016-04-18,78558.0
2016-04-19,80682.0
2016-04-20,80404.0
2016-04-21,75716.0
2016-04-22,64078.0
2016-04-25,62226.0
2016-04-26,56770.0
2016-04-27,56882.0
2016-04-28,56264.0
2016-04-29,55644.0
2016-05-03,52252.0
2016-05-04,57674.0
2016-05-05,60034.0
2016-05-06,64212.0
2016-05-09,64290.0
2016-05-10,62756.0
2016-05-11,61838.0
2016-05-12,62912.0
2016-05-13,63686.0
2016-05-16,63990.0
2016-05-17,64478.0
2016-05-18,64028.0
2016-05-19,64700.0
2016-05-20,67510.0
2016-05-23,66340.0
2016-05-24,68852.0
2016-05-25,71498.0
2016-05-26,75040.0
2016-05-27,75768.0
2016-05-30,74016.0
2016-05-31,70890.0
2016-06-01,77270.0
2016-06-02,77926.0
2016-06-03,79122.0
2016-06-06,79614.0
2016-06-07,80964.0
2016-06-08,79960.0
2016-06-13,83600.0
2016-06-14,87000.0
2016-06-15,88940.0
2016-06-16,91280.0
2016-06-17,86164.0
2016-06-20,85112.0
2016-06-21,85644.0
2016-06-22,93704.0
2016-06-23,140358.0
2016-06-24,152782.0
2016-06-27,182024.0
2016-06-28,189986.0
2016-06-29,195260.0
2016-06-30,194910.0
2016-07-01,201614.0
2016-07-04,200592.0
2016-07-05,192514.0
2016-07-06,190486.0
2016-07-07,190592.0
2016-07-08,190174.0
2016-07-11,191908.0
2016-07-12,196500.0
2016-07-13,191370.0
2016-07-14,192896.0
2016-07-15,192734.0
2016-07-18,192726.0
2016-07-19,193550.0
2016-07-20,191570.0
2016-07-21,194454.0
2016-07-22,189370.0
2016-07-25,186722.0
2016-07-26,187326.0
2016-07-27,186428.0
2016-07-28,185770.0
2016-07-29,181874.0
2016-08-01,177846.0
2016-08-02,164258.0
2016-08-03,171092.0
2016-08-04,180398.0
2016-08-05,180802.0
2016-08-08,192312.0
2016-08-09,203602.0
2016-08-10,198020.0
2016-08-11,194136.0
2016-08-12,186750.0
2016-08-15,184924.0
2016-08-16,179276.0
2016-08-17,172516.0
2016-08-18,167492.0
2016-08-19,160820.0
2016-08-22,154722.0
2016-08-23,143500.0
2016-08-24,134854.0
2016-08-25,129390.0
2016-08-26,124386.0
2016-08-29,121546.0
2016-08-30,120580.0
2016-08-31,119864.0
2016-09-01,119328.0
2016-09-02,119958.0
2016-09-05,121038.0
2016-09-06,116106.0
2016-09-07,115974.0
2016-09-08,122384.0
2016-09-09,122328.0
2016-09-12,132974.0
2016-09-13,146762.0
2016-09-14,141276.0
2016-09-19,176244.0
2016-09-20,207570.0
2016-09-21,224772.0
2016-09-22,249268.0
2016-09-23,245268.0
2016-09-26,243990.0
2016-09-27,256886.0
2016-09-28,249446.0
2016-09-29,234312.0
2016-09-30,235620.0
2016-10-10,247678.0
2016-10-11,260654.0
2016-10-12,273490.0
2016-10-13,294422.0
2016-10-14,294986.0
2016-10-17,292332.0
2016-10-18,293608.0
2016-10-19,283106.0
2016-10-20,288746.0
2016-10-21,278220.0
2016-10-24,273280.0
2016-10-25,249252.0
2016-10-26,256410.0
2016-10-27,268788.0
2016-10-28,281614.0
2016-10-31,300568.0
2016-11-01,281040.0
2016-11-02,289426.0
2016-11-03,291126.0
2016-11-04,284848.0
2016-11-07,280604.0
2016-11-08,277058.0
2016-11-09,260194.0
2016-11-10,254034.0
2016-11-11,251610.0
2016-11-14,265644.0
2016-11-15,254538.0
2016-11-16,253604.0
2016-11-17,253260.0
2016-11-18,253768.0
2016-11-21,246040.0
2016-11-22,238790.0
2016-11-23,257624.0
2016-11-24,245160.0
2016-11-25,244798.0
2016-11-28,236268.0
2016-11-29,234388.0
2016-11-30,238362.0
2016-12-01,240076.0
2016-12-02,228798.0
2016-12-05,224170.0
2016-12-06,220614.0
2016-12-07,236682.0
2016-12-08,245644.0
2016-12-09,218452.0
2016-12-12,210364.0
2016-12-13,199800.0
2016-12-14,188060.0
2016-12-15,189760.0
2016-12-16,202036.0
2016-12-19,197168.0
2016-12-20,192778.0
2016-12-21,193380.0
2016-12-22,173346.0
2016-12-23,170884.0
2016-12-26,164306.0
2016-12-27,177246.0
2016-12-28,205650.0
2016-12-29,192608.0
2016-12-30,183760.0
2017-01-03,202584.0
2017-01-04,180926.0
2017-01-05,185882.0
2017-01-06,190926.0
2017-01-09,177484.0
2017-01-10,176404.0
2017-01-11,168312.0
2017-01-12,168914.0
2017-01-13,169878.0
2017-01-16,163624.0
2017-01-17,152872.0
2017-01-18,151860.0
2017-01-19,159494.0
2017-01-20,146674.0
2017-01-23,144236.0
2017-01-24,148616.0
2017-01-25,135126.0
2017-01-26,130720.0
2017-02-03,161496.0
2017-02-06,166638.0
2017-02-07,169636.0
2017-02-08,163916.0
2017-02-09,167586.0
2017-02-10,182718.0
2017-02-13,183700.0
2017-02-14,181744.0
2017-02-15,163610.0
2017-02-16,152010.0
2017-02-17,147532.0
2017-02-20,150472.0
2017-02-21,148880.0
2017-02-22,144184.0
2017-02-23,140544.0
2017-02-24,132166.0
2017-02-27,127378.0
2017-02-28,132500.0
2017-03-01,135482.0
2017-03-02,137074.0
2017-03-03,143066.0
2017-03-06,143980.0
2017-03-07,140482.0
2017-03-08,136390.0
2017-03-09,139558.0
2017-03-10,140500.0
2017-03-13,141746.0
2017-03-14,150452.0
2017-03-15,145610.0
2017-03-16,153360.0
2017-03-17,154440.0
2017-03-20,141632.0
2017-03-21,128240.0
2017-03-22,122624.0
2017-03-23,132554.0
2017-03-24,132086.0
2017-03-27,142302.0
2017-03-28,135626.0
2017-03-29,130432.0
2017-03-30,131942.0
2017-03-31,148948.0
2017-04-05,124022.0
2017-04-06,122070.0
2017-04-07,141642.0
2017-04-10,146442.0
2017-04-11,133374.0
2017-04-12,143496.0
2017-04-13,165700.0
2017-04-14,179786.0
2017-04-17,184100.0
2017-04-18,186484.0
2017-04-19,191802.0
2017-04-20,191290.0
2017-04-21,163728.0
2017-04-24,162470.0
2017-04-25,160734.0
2017-04-26,162820.0
2017-04-27,159620.0
2017-04-28,156038.0
2017-05-02,147236.0
2017-05-03,147836.0
2017-05-04,146712.0
2017-05-05,147292.0
2017-05-08,147388.0
2017-05-09,154620.0
2017-05-10,147740.0
2017-05-11,142628.0
2017-05-12,133408.0
2017-05-15,141428.0
2017-05-16,138336.0
2017-05-17,134050.0
2017-05-18,158072.0
2017-05-19,155746.0
2017-05-22,147460.0
2017-05-23,147526.0
2017-05-24,134808.0
2017-05-25,138780.0
2017-05-26,134272.0
2017-05-31,141904.0
2017-06-01,173192.0
2017-06-02,148798.0
2017-06-05,146794.0
2017-06-06,152140.0
2017-06-07,150980.0
2017-06-08,146718.0
2017-06-09,144900.0
2017-06-12,159510.0
2017-06-13,156186.0
2017-06-14,153256.0
2017-06-15,163588.0
2017-06-16,170490.0
2017-06-19,183410.0
2017-06-20,188078.0
2017-06-21,182704.0
2017-06-22,179288.0
2017-06-23,199818.0
2017-06-26,202958.0
2017-06-27,219222.0
2017-06-28,215728.0
2017-06-29,241950.0
2017-06-30,251904.0
2017-07-03,248402.0
2017-07-04,245010.0
2017-07-05,271592.0
2017-07-06,283470.0
2017-07-07,279628.0
2017-07-10,279678.0
2017-07-11,280264.0
2017-07-12,271374.0
2017-07-13,266436.0
2017-07-14,260228.0
2017-07-17,250764.0
2017-07-18,260944.0
2017-07-19,274594.0
2017-07-20,250296.0
2017-07-21,242014.0
2017-07-24,238736.0
2017-07-25,242720.0
2017-07-26,234020.0
2017-07-27,257580.0
2017-07-28,244812.0
2017-07-31,236678.0
2017-08-01,241096.0
2017-08-02,275762.0
2017-08-03,265878.0
2017-08-04,282786.0
2017-08-07,279824.0
2017-08-08,300916.0
2017-08-09,299458.0
2017-08-10,312444.0
2017-08-11,271414.0
2017-08-14,269998.0
2017-08-15,247718.0
2017-08-16,237732.0
2017-08-17,228094.0
2017-08-18,242326.0
2017-08-21,233810.0
2017-08-22,221150.0
2017-08-23,214320.0
2017-08-24,208476.0
2017-08-25,215212.0
2017-08-28,242940.0
2017-08-29,230450.0
2017-08-30,234546.0
2017-08-31,252272.0
2017-09-01,277150.0
2017-09-04,251818.0
2017-09-05,261738.0
2017-09-06,265582.0
2017-09-07,277078.0
2017-09-08,286710.0
2017-09-11,274504.0
2017-09-12,264906.0
2017-09-13,290842.0
2017-09-14,273536.0
2017-09-15,261932.0
2017-09-18,253502.0
2017-09-19,255622.0
2017-09-20,260274.0
2017-09-21,267272.0
2017-09-22,252334.0
2017-09-25,245406.0
2017-09-26,239442.0
2017-09-27,230590.0
2017-09-28,217714.0
2017-09-29,209736.0
2017-10-09,218934.0
2017-10-10,241810.0
2017-10-11,232806.0
2017-10-12,248502.0
2017-10-13,241708.0
2017-10-16,270682.0
2017-10-17,284192.0
2017-10-18,280514.0
2017-10-19,262654.0
2017-10-20,280098.0
2017-10-23,279060.0
2017-10-24,286346.0
2017-10-25,280234.0
2017-10-26,285304.0
2017-10-27,272400.0
2017-10-30,289340.0
2017-10-31,268026.0
2017-11-01,265728.0
2017-11-02,270890.0
2017-11-03,278284.0
2017-11-06,282838.0
2017-11-07,311100.0
2017-11-08,312360.0
2017-11-09,331528.0
2017-11-10,325668.0
2017-11-13,335258.0
2017-11-14,343214.0
2017-11-15,364316.0
2017-11-16,389378.0
2017-11-17,368282.0
2017-11-20,367918.0
2017-11-21,393214.0
2017-11-22,374650.0
2017-11-23,357466.0
2017-11-24,356588.0
2017-11-27,340920.0
2017-11-28,340292.0
2017-11-29,344128.0
2017-11-30,329790.0
2017-12-01,331374.0
2017-12-04,334790.0
2017-12-05,304316.0
2017-12-06,322798.0
2017-12-07,293002.0
2017-12-08,390918.0
2017-12-11,391230.0
2017-12-12,394858.0
2017-12-13,357492.0
2017-12-14,367698.0
2017-12-15,359244.0
2017-12-18,369428.0
2017-12-19,381650.0
2017-12-20,381470.0
2017-12-21,343208.0
2017-12-22,335148.0
2017-12-25,320180.0
2017-12-26,340688.0
2017-12-27,322086.0
2017-12-28,316590.0
2017-12-29,316678.0
2018-01-02,350270.0
2018-01-03,355998.0
2018-01-04,368476.0
2018-01-05,364152.0
2018-01-08,367000.0
2018-01-09,373052.0
2018-01-10,367344.0
2018-01-11,367484.0
2018-01-12,373684.0
2018-01-15,366392.0
2018-01-16,318884.0
2018-01-17,294446.0
2018-01-18,293756.0
2018-01-19,293428.0
2018-01-22,277920.0
2018-01-23,291206.0
2018-01-24,304050.0
2018-01-25,303056.0
2018-01-26,361968.0
2018-01-29,335530.0
2018-01-30,312026.0
2018-01-31,338056.0
2018-02-01,295910.0
2018-02-02,302352.0
2018-02-05,300374.0
2018-02-06,286568.0
2018-02-07,289194.0
2018-02-08,273522.0
2018-02-09,284726.0
2018-02-12,297504.0
2018-02-13,272538.0
2018-02-14,307752.0
2018-02-22,305362.0
2018-02-23,328938.0
2018-02-26,320526.0
2018-02-27,335654.0
2018-02-28,319542.0
2018-03-01,328740.0
2018-03-02,318172.0
2018-03-05,326686.0
2018-03-06,330240.0
2018-03-07,336102.0
2018-03-08,373202.0
2018-03-09,347824.0
2018-03-12,403684.0
2018-03-13,413742.0
2018-03-14,402170.0
2018-03-15,420204.0
2018-03-16,411860.0
2018-03-19,414804.0
2018-03-20,453508.0
2018-03-21,430040.0
2018-03-22,402588.0
2018-03-23,384640.0
2018-03-26,385274.0
2018-03-27,377928.0
2018-03-28,413550.0
2018-03-29,402966.0
2018-03-30,368294.0
2018-04-02,356444.0
2018-04-03,342124.0
2018-04-04,334494.0
2018-04-09,338560.0
2018-04-10,334160.0
2018-04-11,337542.0
2018-04-12,333942.0
2018-04-13,344386.0
2018-04-16,344526.0
2018-04-17,344238.0
2018-04-18,343266.0
2018-04-19,350800.0
2018-04-20,345188.0
2018-04-23,340372.0
2018-04-24,343760.0
2018-04-25,332912.0
2018-04-26,345660.0
2018-04-27,372764.0
2018-05-02,360542.0
2018-05-03,355256.0
2018-05-04,346778.0
2018-05-07,355000.0
2018-05-08,367902.0
2018-05-09,367044.0
2018-05-10,358956.0
2018-05-11,350480.0
2018-05-14,350714.0
2018-05-15,341558.0
2018-05-16,331246.0
2018-05-17,340026.0
2018-05-18,325972.0
2018-05-21,317220.0
2018-05-22,321950.0
2018-05-23,325268.0
2018-05-24,328126.0
2018-05-25,328450.0
2018-05-28,333550.0
2018-05-29,330944.0
2018-05-30,327012.0
2018-05-31,323530.0
2018-06-01,325754.0
2018-06-04,313442.0
2018-06-05,355406.0
2018-06-06,356460.0
2018-06-07,371594.0
2018-06-08,401500.0
2018-06-11,402104.0
2018-06-12,399424.0
2018-06-13,363658.0
2018-06-14,358426.0
2018-06-15,336822.0
2018-06-19,329490.0
2018-06-20,333038.0
2018-06-21,342484.0
2018-06-22,345768.0
2018-06-25,350696.0
2018-06-26,346920.0
2018-06-27,345014.0
2018-06-28,344408.0
2018-06-29,343448.0
2018-07-02,338010.0
2018-07-03,341048.0
2018-07-04,318202.0
2018-07-05,298308.0
2018-07-06,304572.0
2018-07-09,303132.0
2018-07-10,291698.0
2018-07-11,321750.0
2018-07-12,344290.0
2018-07-13,354812.0
2018-07-16,319312.0
2018-07-17,308092.0
2018-07-18,303594.0
2018-07-19,286100.0
2018-07-20,299380.0
2018-07-23,297006.0
2018-07-24,302912.0
2018-07-25,291058.0
2018-07-26,273252.0
2018-07-27,272732.0
2018-07-30,291484.0
2018-07-31,288578.0
2018-08-01,284540.0
2018-08-02,291996.0
2018-08-03,285208.0
2018-08-06,267672.0
2018-08-07,275590.0
2018-08-08,333312.0
2018-08-09,307448.0
2018-08-10,297998.0
2018-08-13,299256.0
2018-08-14,292778.0
2018-08-15,304688.0
2018-08-16,352738.0
2018-08-17,323232.0
2018-08-20,331822.0
2018-08-21,321662.0
2018-08-22,321696.0
2018-08-23,291032.0
2018-08-24,288766.0
2018-08-27,281720.0
2018-08-28,282752.0
2018-08-29,279146.0
2018-08-30,284720.0
2018-08-31,295306.0
2018-09-03,293662.0
2018-09-04,290298.0
2018-09-05,289062.0
2018-09-06,284458.0
2018-09-07,278986.0
2018-09-10,288448.0
2018-09-11,305994.0
2018-09-12,290596.0
2018-09-13,285430.0
2018-09-14,272766.0
2018-09-17,325600.0
2018-09-18,329176.0
2018-09-19,333024.0
2018-09-20,308844.0
2018-09-21,296322.0
2018-09-25,310382.0
2018-09-26,323240.0
2018-09-27,290972.0
2018-09-28,255348.0
2018-10-08,260890.0
2018-10-09,310802.0
2018-10-10,291004.0
2018-10-11,263164.0
2018-10-12,281454.0
2018-10-15,302890.0
2018-10-16,345744.0
2018-10-17,353474.0
2018-10-18,360904.0
2018-10-19,388982.0
2018-10-22,362764.0
2018-10-23,358000.0
2018-10-24,357264.0
2018-10-25,361696.0
2018-10-26,359732.0
2018-10-29,338290.0
2018-10-30,335686.0
2018-10-31,330950.0
2018-11-01,351142.0
2018-11-02,357742.0
2018-11-05,370598.0
2018-11-06,392502.0
2018-11-07,387982.0
2018-11-08,408120.0
2018-11-09,413712.0
2018-11-12,445874.0
2018-11-13,447810.0
2018-11-14,463852.0
2018-11-15,486726.0
2018-11-16,490134.0
2018-11-19,487858.0
2018-11-20,509502.0
2018-11-21,499902.0
2018-11-22,510498.0
2018-11-23,538260.0
2018-11-26,550010.0
2018-11-27,538906.0
2018-11-28,545654.0
2018-11-29,539288.0
2018-11-30,530654.0
2018-12-03,498454.0
2018-12-04,476322.0
2018-12-05,451836.0
2018-12-06,423888.0
2018-12-07,401684.0
2018-12-10,403616.0
2018-12-11,398054.0
2018-12-12,395624.0
2018-12-13,384876.0
2018-12-14,379254.0
2018-12-17,374884.0
2018-12-18,367742.0
2018-12-19,356234.0
2018-12-20,339428.0
2018-12-21,339986.0
2018-12-24,354032.0
2018-12-25,341020.0
2018-12-26,355016.0
2018-12-27,330558.0
2018-12-28,305838.0
2019-01-02,317934.0
2019-01-03,322686.0
2019-01-04,305544.0
2019-01-07,320976.0
2019-01-08,308878.0
2019-01-09,318936.0
2019-01-10,328058.0
2019-01-11,326850.0
2019-01-14,328004.0
2019-01-15,341896.0
2019-01-16,341138.0
2019-01-17,351340.0
2019-01-18,358570.0
2019-01-21,365594.0
2019-01-22,390946.0
2019-01-23,407064.0
2019-01-24,394930.0
2019-01-25,395306.0
2019-01-28,372744.0
2019-01-29,370426.0
2019-01-30,390762.0
2019-01-31,375572.0
2019-02-01,369570.0
2019-02-11,376282.0
2019-02-12,364710.0
2019-02-13,380994.0
2019-02-14,393424.0
2019-02-15,428558.0
2019-02-18,435350.0
2019-02-19,432666.0
2019-02-20,431942.0
2019-02-21,422140.0
2019-02-22,415816.0
2019-02-25,411264.0
2019-02-26,404858.0
2019-02-27,412630.0
2019-02-28,429274.0
2019-03-01,415698.0
2019-03-04,413718.0
2019-03-05,418714.0
2019-03-06,432648.0
2019-03-07,449740.0
2019-03-08,450134.0
2019-03-11,457762.0
2019-03-12,457720.0
2019-03-13,458834.0
2019-03-14,463898.0
2019-03-15,474684.0
2019-03-18,577756.0
2019-03-19,593340.0
2019-03-20,601394.0
2019-03-21,615636.0
2019-03-22,584168.0
2019-03-25,578038.0
2019-03-26,573036.0
2019-03-27,565080.0
2019-03-28,566304.0
2019-03-29,559192.0
2019-04-01,557170.0
2019-04-02,564132.0
2019-04-03,579370.0
2019-04-04,615262.0
2019-04-08,610208.0
2019-04-09,593364.0
2019-04-10,595594.0
2019-04-11,618480.0
2019-04-12,573762.0
2019-04-15,575104.0
2019-04-16,566968.0
2019-04-17,590580.0
2019-04-18,588244.0
2019-04-19,580042.0
2019-04-22,577130.0
2019-04-23,563160.0
2019-04-24,611074.0
2019-04-25,600976.0
2019-04-26,620284.0
2019-04-29,617422.0
2019-04-30,629784.0
2019-05-06,618662.0
2019-05-07,645018.0
2019-05-08,637856.0
2019-05-09,630280.0
2019-05-10,624088.0
2019-05-13,623180.0
2019-05-14,606876.0
2019-05-15,613436.0
2019-05-16,608272.0
2019-05-17,583758.0
2019-05-20,575902.0
2019-05-21,587090.0
2019-05-22,585582.0
2019-05-23,590582.0
2019-05-24,583256.0
2019-05-27,606020.0
2019-05-28,605156.0
2019-05-29,611948.0
2019-05-30,605788.0
2019-05-31,596694.0
2019-06-03,617668.0
2019-06-04,600102.0
2019-06-05,602548.0
2019-06-06,567110.0
2019-06-10,565680.0
2019-06-11,555930.0
2019-06-12,557274.0
2019-06-13,548372.0
2019-06-14,541276.0
2019-06-17,547988.0
2019-06-18,541520.0
2019-06-19,546668.0
2019-06-20,549948.0
2019-06-21,542382.0
2019-06-24,530360.0
2019-06-25,525352.0
2019-06-26,532514.0
2019-06-27,537802.0
2019-06-28,530850.0
2019-07-01,544734.0
2019-07-02,543676.0
2019-07-03,544134.0
2019-07-04,531646.0
2019-07-05,499386.0
2019-07-08,492462.0
2019-07-09,478680.0
2019-07-10,473094.0
2019-07-11,478702.0
2019-07-12,463172.0
2019-07-15,464350.0
2019-07-16,460840.0
2019-07-17,466290.0
2019-07-18,464592.0
2019-07-19,462054.0
2019-07-22,462486.0
2019-07-23,457562.0
2019-07-24,447080.0
2019-07-25,442194.0
2019-07-26,438688.0
2019-07-29,438396.0
2019-07-30,434926.0
2019-07-31,440774.0
2019-08-01,440284.0
2019-08-02,430406.0
2019-08-05,434604.0
2019-08-06,430358.0
2019-08-07,431900.0
2019-08-08,425402.0
2019-08-09,422058.0
2019-08-12,401340.0
2019-08-13,389590.0
2019-08-14,395158.0
2019-08-15,395918.0
2019-08-16,388726.0
2019-08-19,400314.0
2019-08-20,393492.0
2019-08-21,387968.0
2019-08-22,376698.0
2019-08-23,357128.0
2019-08-26,353338.0
2019-08-27,345556.0
2019-08-28,351304.0
2019-08-29,382240.0
2019-08-30,374808.0
2019-09-02,381620.0
2019-09-03,386008.0
2019-09-04,389956.0
2019-09-05,377366.0
2019-09-06,375982.0
2019-09-09,370412.0
2019-09-10,362968.0
2019-09-11,365836.0
2019-09-12,384256.0
2019-09-16,393992.0
2019-09-17,392448.0
2019-09-18,387710.0
2019-09-19,376096.0
2019-09-20,388658.0
2019-09-23,396730.0
2019-09-24,415948.0
2019-09-25,413902.0
2019-09-26,417066.0
2019-09-27,406594.0
2019-09-30,387384.0
2019-10-08,391122.0
2019-10-09,420802.0
2019-10-10,430710.0
2019-10-11,421032.0
2019-10-14,412266.0
2019-10-15,428458.0
2019-10-16,442444.0
2019-10-17,459088.0
2019-10-18,459090.0
2019-10-21,456248.0
2019-10-22,456872.0
2019-10-23,453294.0
2019-10-24,455054.0
2019-10-25,448822.0
2019-10-28,443758.0
2019-10-29,452644.0
2019-10-30,454612.0
2019-10-31,454000.0
2019-11-01,467194.0
2019-11-04,479726.0
2019-11-05,470554.0
2019-11-06,470592.0
2019-11-07,455692.0
2019-11-08,452402.0
2019-11-11,473650.0
2019-11-12,486098.0
2019-11-13,508606.0
2019-11-14,521736.0
2019-11-15,539982.0
2019-11-18,530646.0
2019-11-19,538578.0
2019-11-20,561054.0
2019-11-21,552896.0
2019-11-22,557720.0
2019-11-25,592136.0
2019-11-26,595780.0
2019-11-27,622146.0
2019-11-28,694366.0
2019-11-29,692538.0
2019-12-02,715288.0
2019-12-03,670622.0
2019-12-04,624626.0
2019-12-05,601410.0
2019-12-06,597568.0
2019-12-09,629442.0
2019-12-10,594910.0
2019-12-11,616942.0
2019-12-12,580182.0
2019-12-13,579102.0
2019-12-16,592802.0
2019-12-17,576350.0
2019-12-18,563190.0
2019-12-19,588728.0
2019-12-20,584012.0
2019-12-23,553082.0
2019-12-24,548772.0
2019-12-25,544754.0
2019-12-26,536924.0
2019-12-27,533578.0
2019-12-30,538188.0
2019-12-31,525104.0
2020-01-02,259624.0
2020-01-03,258609.0
2020-01-06,265711.0
2020-01-07,259120.0
2020-01-08,263895.0
2020-01-09,255784.0
2020-01-10,297801.0
2020-01-13,267701.0
2020-01-14,253255.0
2020-01-15,240529.0
2020-01-16,231551.0
2020-01-17,225814.0
2020-01-20,221720.0
2020-01-21,218012.0
2020-01-22,207516.0
2020-01-23,201195.0
2020-02-03,175927.0
2020-02-04,178160.0
2020-02-05,181004.0
2020-02-06,195904.0
2020-02-07,200298.0
2020-02-10,210530.0
2020-02-11,225553.0
2020-02-12,231863.0
2020-02-13,235157.0
2020-02-14,245591.0
2020-02-17,247932.0
2020-02-18,248706.0
2020-02-19,251280.0
2020-02-20,268584.0
2020-02-21,273675.0
2020-02-24,286419.0
2020-02-25,299012.0
2020-02-26,291199.0
2020-02-27,277855.0
2020-02-28,281570.0
2020-03-02,275033.0
2020-03-03,276706.0
2020-03-04,279575.0
2020-03-05,285362.0
2020-03-06,289628.0
2020-03-09,316847.0
2020-03-10,293964.0
2020-03-11,297724.0
2020-03-12,297341.0
2020-03-13,288178.0
2020-03-16,280340.0
2020-03-17,275702.0
2020-03-18,275504.0
2020-03-19,248645.0
2020-03-20,245198.0
2020-03-23,252140.0
2020-03-24,248244.0
2020-03-25,257694.0
2020-03-26,266575.0
2020-03-27,248661.0
2020-03-30,236464.0
2020-03-31,244855.0
2020-04-01,248354.0
2020-04-02,249722.0
2020-04-03,244356.0
2020-04-07,249612.0
2020-04-08,245703.0
2020-04-09,258968.0
2020-04-10,265504.0
2020-04-13,268401.0
2020-04-14,259838.0
2020-04-15,259881.0
2020-04-16,262999.0
2020-04-17,256949.0
2020-04-20,258233.0
2020-04-21,261951.0
2020-04-22,259660.0
2020-04-23,250007.0
2020-04-24,241793.0
2020-04-27,236967.0
2020-04-28,244390.0
2020-04-29,240777.0
2020-04-30,229450.0
2020-05-06,228812.0
2020-05-07,232297.0
2020-05-08,250637.0
2020-05-11,253690.0
2020-05-12,253580.0
2020-05-13,258744.0
2020-05-14,259771.0
2020-05-15,261328.0
2020-05-18,267607.0
2020-05-19,261590.0
2020-05-20,255233.0
2020-05-21,254855.0
2020-05-22,260906.0
2020-05-25,264459.0
2020-05-26,264133.0
2020-05-27,264439.0
2020-05-28,257419.0
2020-05-29,252391.0
2020-06-01,260637.0
2020-06-02,281529.0
2020-06-03,282849.0
2020-06-04,277064.0
2020-06-05,272348.0
2020-06-08,269994.0
2020-06-09,269446.0
2020-06-10,273423.0
2020-06-11,270661.0
2020-06-12,269254.0
2020-06-15,267448.0
2020-06-16,260646.0
2020-06-17,255464.0
2020-06-18,246791.0
2020-06-19,245452.0
2020-06-22,249130.0
2020-06-23,247076.0
2020-06-24,241631.0
2020-06-29,243031.0
2020-06-30,240854.0
2020-07-01,238480.0
2020-07-02,252754.0
2020-07-03,248652.0
2020-07-06,251065.0
2020-07-07,261677.0
2020-07-08,250389.0
2020-07-09,253148.0
2020-07-10,246129.0
2020-07-13,253237.0
2020-07-14,250481.0
2020-07-15,242529.0
2020-07-16,235492.0
2020-07-17,229705.0
2020-07-20,238851.0
2020-07-21,230665.0
2020-07-22,228197.0
2020-07-23,227472.0
2020-07-24,220291.0
2020-07-27,224977.0
2020-07-28,224872.0
2020-07-29,225081.0
2020-07-30,225786.0
2020-07-31,226531.0
2020-08-03,225689.0
2020-08-04,222991.0
2020-08-05,234868.0
2020-08-06,223952.0
2020-08-07,211904.0
2020-08-10,216116.0
2020-08-11,213909.0
2020-08-12,210726.0
2020-08-13,208227.0
2020-08-14,208656.0
2020-08-17,216567.0
2020-08-18,231468.0
2020-08-19,228513.0
2020-08-20,227001.0
2020-08-21,221291.0
2020-08-24,215643.0
2020-08-25,215491.0
2020-08-26,236726.0
2020-08-27,230965.0
2020-08-28,224752.0
2020-08-31,223721.0
2020-09-01,232069.0
2020-09-02,242419.0
2020-09-03,238987.0
2020-09-04,235908.0
2020-09-07,236449.0
2020-09-08,230453.0
2020-09-09,219042.0
2020-09-10,219338.0
2020-09-11,219561.0
2020-09-14,223942.0
2020-09-15,218149.0
2020-09-16,213490.0
2020-09-17,222031.0
2020-09-18,219802.0
2020-09-21,229101.0
2020-09-22,217271.0
2020-09-23,218038.0
2020-09-24,224441.0
2020-09-25,220467.0
2020-09-28,217058.0
2020-09-29,208995.0
2020-09-30,207393.0
2020-10-09,217089.0
2020-10-12,245027.0
2020-10-13,246823.0
2020-10-14,255723.0
2020-10-15,262977.0
2020-10-16,271421.0
2020-10-19,265692.0
2020-10-20,251643.0
2020-10-21,240876.0
2020-10-22,239635.0
2020-10-23,233737.0
2020-10-26,244461.0
2020-10-27,255303.0
2020-10-28,285302.0
2020-10-29,303244.0
2020-10-30,312737.0
2020-11-02,352582.0
2020-11-03,359638.0
2020-11-04,350225.0
2020-11-05,352101.0
2020-11-06,354496.0
2020-11-09,395853.0
2020-11-10,330118.0
2020-11-11,319372.0
2020-11-12,311259.0
2020-11-13,344075.0
2020-11-16,371347.0
2020-11-17,369356.0
2020-11-18,366289.0
2020-11-19,344737.0
2020-11-20,345920.0
2020-11-23,355730.0
2020-11-24,353329.0
2020-11-25,349902.0
2020-11-26,348722.0
2020-11-27,372560.0
2020-11-30,363893.0
2020-12-01,409388.0
2020-12-02,402110.0
2020-12-03,401196.0
2020-12-04,404217.0
2020-12-07,403009.0
2020-12-08,394091.0
2020-12-09,419088.0
2020-12-10,395156.0
2020-12-11,390808.0
2020-12-14,355171.0
2020-12-15,354570.0
2020-12-16,363707.0
2020-12-17,367104.0
2020-12-18,378095.0
2020-12-21,385735.0
2020-12-22,372289.0
2020-12-23,372046.0
2020-12-24,382278.0
2020-12-25,391404.0
2020-12-28,401296.0
2020-12-29,397469.0
2020-12-30,407252.0
2020-12-31,410043.0
2021-01-04,433360.0
2021-01-05,433136.0
2021-01-06,443202.0
2021-01-07,446645.0
2021-01-08,439823.0
2021-01-11,442750.0
2021-01-12,448930.0
2021-01-13,458351.0
2021-01-14,459866.0
2021-01-15,450743.0
2021-01-18,453638.0
2021-01-19,438822.0
2021-01-20,436470.0
2021-01-21,446696.0
2021-01-22,437771.0
2021-01-25,408273.0
2021-01-26,407123.0
2021-01-27,408904.0
2021-01-28,416330.0
2021-01-29,417980.0
2021-02-01,392461.0
2021-02-02,396695.0
2021-02-03,395743.0
2021-02-04,434464.0
2021-02-05,431055.0
2021-02-08,427080.0
2021-02-09,425151.0
2021-02-10,404977.0
2021-02-18,394702.0
2021-02-19,407213.0
2021-02-22,410975.0
2021-02-23,378649.0
2021-02-24,387399.0
2021-02-25,375513.0
2021-02-26,371034.0
2021-03-01,354468.0
2021-03-02,363168.0
2021-03-03,389229.0
2021-03-04,384536.0
2021-03-05,381846.0
2021-03-08,392384.0
2021-03-09,402076.0
2021-03-10,399865.0
2021-03-11,450083.0
2021-03-12,455369.0
2021-03-15,536754.0
2021-03-16,542622.0
2021-03-17,530526.0
2021-03-18,519903.0
2021-03-19,470972.0
2021-03-22,478261.0
2021-03-23,463367.0
2021-03-24,451529.0
2021-03-25,476995.0
2021-03-26,510513.0
2021-03-29,494273.0
2021-03-30,479704.0
2021-03-31,475222.0
2021-04-01,478302.0
2021-04-02,526785.0
2021-04-06,534477.0
2021-04-07,550786.0
2021-04-08,535453.0
2021-04-09,516215.0
2021-04-12,518949.0
2021-04-13,527084.0
2021-04-14,524978.0
2021-04-15,519486.0
2021-04-16,544734.0
2021-04-19,570873.0
2021-04-20,573912.0
2021-04-21,525878.0
2021-04-22,555448.0
2021-04-23,586201.0
2021-04-26,540346.0
2021-04-27,533731.0
2021-04-28,543078.0
2021-04-29,500184.0
2021-04-30,476142.0
2021-05-06,521831.0
2021-05-07,563247.0
2021-05-10,562864.0
2021-05-11,536616.0
2021-05-12,531841.0
2021-05-13,477927.0
2021-05-14,483890.0
2021-05-17,489537.0
2021-05-18,515149.0
2021-05-19,474011.0
2021-05-20,478138.0
2021-05-21,475141.0
2021-05-24,474504.0
2021-05-25,481186.0
2021-05-26,478037.0
2021-05-27,480535.0
2021-05-28,488816.0
2021-05-31,496562.0
2021-06-01,507030.0
2021-06-02,482266.0
2021-06-03,485905.0
2021-06-04,483887.0
2021-06-07,479271.0
2021-06-08,485465.0
2021-06-09,503230.0
2021-06-10,506599.0
2021-06-11,527726.0
2021-06-15,517673.0
2021-06-16,513529.0
2021-06-17,493014.0
2021-06-18,499770.0
2021-06-21,505696.0
2021-06-22,521791.0
2021-06-23,523544.0
2021-06-24,527991.0
2021-06-25,534253.0
2021-06-28,523387.0
2021-06-29,526302.0
2021-06-30,533499.0
2021-07-01,547358.0
2021-07-02,555628.0
2021-07-05,591476.0
2021-07-06,586971.0
2021-07-07,570580.0
2021-07-08,617916.0
2021-07-09,637659.0
2021-07-12,619853.0
2021-07-13,603932.0
2021-07-14,619881.0
2021-07-15,658684.0
2021-07-16,678158.0
2021-07-19,678661.0
2021-07-20,647042.0
2021-07-21,632659.0
2021-07-22,612702.0
2021-07-23,631630.0
2021-07-26,631627.0
2021-07-27,611448.0
2021-07-28,601591.0
2021-07-29,606231.0
2021-07-30,619468.0
2021-08-02,608774.0
2021-08-03,614945.0
2021-08-04,627943.0
2021-08-05,651717.0
2021-08-06,669938.0
2021-08-09,654387.0
2021-08-10,683383.0
2021-08-11,710791.0
2021-08-12,729089.0
2021-08-13,724504.0
2021-08-16,731874.0
2021-08-17,778897.0
2021-08-18,755202.0
2021-08-19,757966.0
2021-08-20,758511.0
2021-08-23,752154.0
2021-08-24,765415.0
2021-08-25,800238.0
2021-08-26,788763.0
2021-08-27,747693.0
2021-08-30,781641.0
2021-08-31,755262.0
2021-09-01,712790.0
2021-09-02,800839.0
2021-09-03,810037.0
2021-09-06,818123.0
2021-09-07,856972.0
2021-09-08,847723.0
2021-09-09,843282.0
2021-09-10,848740.0
2021-09-13,822302.0
2021-09-14,787212.0
2021-09-15,807149.0
2021-09-16,797317.0
2021-09-17,742932.0
2021-09-22,802790.0
2021-09-23,825203.0
2021-09-24,803101.0
2021-09-27,786388.0
2021-09-28,762228.0
2021-09-29,707132.0
2021-09-30,680523.0
2021-10-08,648487.0
2021-10-11,697980.0
2021-10-12,682350.0
2021-10-13,667273.0
2021-10-14,560974.0
2021-10-15,569856.0
2021-10-18,563260.0
2021-10-19,567745.0
2021-10-20,564866.0
2021-10-21,518180.0
2021-10-22,503112.0
2021-10-25,508863.0
2021-10-26,508385.0
2021-10-27,545706.0
2021-10-28,503570.0
2021-10-29,554800.0
2021-11-01,569507.0
2021-11-02,614541.0
2021-11-03,607788.0
2021-11-04,675233.0
2021-11-05,636873.0
2021-11-08,637701.0
2021-11-09,624011.0
2021-11-10,647181.0
2021-11-11,710005.0
2021-11-12,680207.0
2021-11-15,679220.0
2021-11-16,710090.0
2021-11-17,699697.0
2021-11-18,680219.0
2021-11-19,739410.0
2021-11-22,712921.0
2021-11-23,727518.0
2021-11-24,725808.0
2021-11-25,715740.0
2021-11-26,708398.0
2021-11-29,662812.0
2021-11-30,666553.0
2021-12-01,658399.0
2021-12-02,727333.0
2021-12-03,699349.0
2021-12-06,706643.0
2021-12-07,704875.0
2021-12-08,733699.0
2021-12-09,695504.0
2021-12-10,679490.0
2021-12-13,679829.0
2021-12-14,681525.0
2021-12-15,702194.0
2021-12-16,702157.0
2021-12-17,681094.0
2021-12-20,657566.0
2021-12-21,688881.0
2021-12-22,668080.0
2021-12-23,694831.0
2021-12-24,683103.0
2021-12-27,660489.0
2021-12-28,675578.0
2021-12-29,671667.0
2021-12-30,672619.0
2021-12-31,645623.0
2022-01-04,695500.0
2022-01-05,673372.0
2022-01-06,678459.0
2022-01-07,688494.0
2022-01-10,720795.0
2022-01-11,709838.0
2022-01-12,699968.0
2022-01-13,716400.0
2022-01-14,764854.0
2022-01-17,706553.0
2022-01-18,689680.0
2022-01-19,706630.0
2022-01-20,721369.0
2022-01-21,722465.0
2022-01-24,705161.0
2022-01-25,657124.0
2022-01-26,666250.0
2022-01-27,650186.0
2022-01-28,597512.0
2022-02-07,665293.0
2022-02-08,674140.0
2022-02-09,701795.0
2022-02-10,756600.0
2022-02-11,729618.0
2022-02-14,698090.0
2022-02-15,706962.0
2022-02-16,700330.0
2022-02-17,736193.0
2022-02-18,689087.0
2022-02-21,695002.0
2022-02-22,718685.0
2022-02-23,741289.0
2022-02-24,735757.0
2022-02-25,725695.0
2022-02-28,701465.0
2022-03-01,682208.0
2022-03-02,662099.0
2022-03-03,658514.0
2022-03-04,642573.0
2022-03-07,641500.0
2022-03-08,619815.0
2022-03-09,634303.0
2022-03-10,615235.0
2022-03-11,631643.0
2022-03-14,624361.0
2022-03-15,619594.0
2022-03-16,626927.0
2022-03-17,659992.0
2022-03-18,670695.0
2022-03-21,670742.0
2022-03-22,674275.0
2022-03-23,667872.0
2022-03-24,671858.0
2022-03-25,700474.0
2022-03-28,724841.0
2022-03-29,749788.0
2022-03-30,764591.0
2022-03-31,729140.0
2022-04-01,763519.0
2022-04-06,731511.0
2022-04-07,725862.0
2022-04-08,692584.0
2022-04-11,667404.0
2022-04-12,670197.0
2022-04-13,655012.0
2022-04-14,653113.0
2022-04-15,656981.0
2022-04-18,651766.0
2022-04-19,661495.0
2022-04-20,655716.0
2022-04-21,659957.0
2022-04-22,694703.0
2022-04-25,712578.0
2022-04-26,694828.0
2022-04-27,669249.0
2022-04-28,658650.0
2022-04-29,640557.0
2022-05-05,651369.0
2022-05-06,657035.0
2022-05-09,668975.0
2022-05-10,678293.0
2022-05-11,650842.0
2022-05-12,648049.0
2022-05-13,655227.0
2022-05-16,662579.0
2022-05-17,697608.0
2022-05-18,748542.0
2022-05-19,729127.0
2022-05-20,747244.0
2022-05-23,768446.0
2022-05-24,791145.0
2022-05-25,827780.0
2022-05-26,819667.0
2022-05-27,852321.0
2022-05-30,787193.0
2022-05-31,763844.0
2022-06-01,758447.0
2022-06-02,734986.0
2022-06-06,720122.0
2022-06-07,712696.0
2022-06-08,716493.0
2022-06-09,720290.0
2022-06-10,717151.0
2022-06-13,729838.0
2022-06-14,755329.0
2022-06-15,783129.0
2022-06-16,843851.0
2022-06-17,838897.0
2022-06-20,863653.0
2022-06-21,882344.0
2022-06-22,923217.0
2022-06-23,884436.0
2022-06-24,904490.0
2022-06-27,913767.0
2022-06-28,896594.0
2022-06-29,935392.0
2022-06-30,923222.0
2022-07-01,926381.0
2022-07-04,959943.0
2022-07-05,1007121.0
2022-07-06,936080.0
2022-07-07,943802.0
2022-07-08,1012315.0
2022-07-11,979325.0
2022-07-12,1026793.0
2022-07-13,1004395.0
2022-07-14,979655.0
2022-07-15,986333.0
2022-07-18,954689.0
2022-07-19,938044.0
2022-07-20,934841.0
2022-07-21,961100.0
2022-07-22,931001.0
2022-07-25,932733.0
2022-07-26,943023.0
2022-07-27,937630.0
2022-07-28,933612.0
2022-07-29,905812.0
2022-08-01,893669.0
2022-08-02,896177.0
2022-08-03,919647.0
2022-08-04,952794.0
2022-08-05,961916.0
2022-08-08,934122.0
2022-08-09,923754.0
2022-08-10,917236.0
2022-08-11,922751.0
2022-08-12,938028.0
2022-08-15,970096.0
2022-08-16,978117.0
2022-08-17,1012086.0
2022-08-18,1024913.0
2022-08-19,1014946.0
2022-08-22,979792.0
2022-08-23,1007413.0
2022-08-24,947157.0
2022-08-25,923847.0
2022-08-26,852829.0
2022-08-29,858841.0
2022-08-30,865521.0
2022-08-31,849630.0
2022-09-01,822627.0
2022-09-02,853543.0
2022-09-05,826935.0
2022-09-06,838614.0
2022-09-07,826506.0
2022-09-08,827568.0
2022-09-09,844881.0
2022-09-13,858454.0
2022-09-14,917735.0
2022-09-15,932002.0
2022-09-16,952788.0
2022-09-19,1045397.0
2022-09-20,1074304.0
2022-09-21,1151681.0
2022-09-22,1079864.0
2022-09-23,1091724.0
2022-09-26,1070551.0
2022-09-27,1142047.0
2022-09-28,1112002.0
2022-09-29,1051912.0
2022-09-30,994408.0
2022-10-10,1030552.0
2022-10-11,1039212.0
2022-10-12,1078618.0
2022-10-13,1203055.0
2022-10-14,1277177.0
2022-10-17,1428867.0
2022-10-18,1426487.0
2022-10-19,1396491.0
2022-10-20,1386478.0
2022-10-21,1426310.0
2022-10-24,1371400.0
2022-10-25,1417050.0
2022-10-26,1439876.0
2022-10-27,1443043.0
2022-10-28,1478137.0
2022-10-31,1517992.0
2022-11-01,1453200.0
2022-11-02,1411376.0
2022-11-03,1385503.0
2022-11-04,1328584.0
2022-11-07,1337904.0
2022-11-08,1353519.0
2022-11-09,1355212.0
2022-11-10,1398560.0
2022-11-11,1365345.0
