trading_date,Y_total_oi
2013-11-05,1240190.0
2013-11-06,1217024.0
2013-11-07,1204006.0
2013-11-08,1172438.0
2013-11-11,1171468.0
2013-11-12,1179528.0
2013-11-13,1129744.0
2013-11-14,1171044.0
2013-11-15,1118508.0
2013-11-18,1144354.0
2013-11-19,1161734.0
2013-11-20,1160166.0
2013-11-21,1187878.0
2013-11-22,1190280.0
2013-11-25,1206062.0
2013-11-26,1183158.0
2013-11-27,1183682.0
2013-11-28,1179372.0
2013-11-29,1222324.0
2013-12-02,1249292.0
2013-12-03,1239350.0
2013-12-04,1247042.0
2013-12-05,1231782.0
2013-12-06,1206966.0
2013-12-09,1178992.0
2013-12-10,1167174.0
2013-12-11,1186834.0
2013-12-12,1170828.0
2013-12-13,1174140.0
2013-12-16,1193650.0
2013-12-17,1170652.0
2013-12-18,1152112.0
2013-12-19,1163970.0
2013-12-20,1167062.0
2013-12-23,1114354.0
2013-12-24,1120912.0
2013-12-25,1148316.0
2013-12-26,1165018.0
2013-12-27,1154634.0
2013-12-30,1111310.0
2013-12-31,1124308.0
2014-01-02,1136648.0
2014-01-03,1175254.0
2014-01-06,1202800.0
2014-01-07,1164260.0
2014-01-08,1121526.0
2014-01-09,1127298.0
2014-01-10,1125108.0
2014-01-13,1141332.0
2014-01-14,1132838.0
2014-01-15,1148666.0
2014-01-16,1135632.0
2014-01-17,1149708.0
2014-01-20,1122076.0
2014-01-21,1139536.0
2014-01-22,1121150.0
2014-01-23,1115166.0
2014-01-24,1162958.0
2014-01-27,1204010.0
2014-01-28,1215112.0
2014-01-29,1171592.0
2014-01-30,1152518.0
2014-02-07,1074472.0
2014-02-10,1179524.0
2014-02-11,1184266.0
2014-02-12,1192352.0
2014-02-13,1196262.0
2014-02-14,1206438.0
2014-02-17,1192498.0
2014-02-18,1183628.0
2014-02-19,1187300.0
2014-02-20,1196394.0
2014-02-21,1192814.0
2014-02-24,1174086.0
2014-02-25,1160490.0
2014-02-26,1130736.0
2014-02-27,1142018.0
2014-02-28,1132986.0
2014-03-03,1110590.0
2014-03-04,1081954.0
2014-03-05,1070586.0
2014-03-06,1065818.0
2014-03-07,1055148.0
2014-03-10,1048138.0
2014-03-11,1103210.0
2014-03-12,1049772.0
2014-03-13,1044650.0
2014-03-14,1033124.0
2014-03-17,1023576.0
2014-03-18,1036312.0
2014-03-19,1082120.0
2014-03-20,1020786.0
2014-03-21,1014620.0
2014-03-24,1010336.0
2014-03-25,1003862.0
2014-03-26,999748.0
2014-03-27,982290.0
2014-03-28,975306.0
2014-03-31,980064.0
2014-04-01,1003236.0
2014-04-02,1055752.0
2014-04-03,1034504.0
2014-04-04,1059422.0
2014-04-08,1074622.0
2014-04-09,1068416.0
2014-04-10,1045480.0
2014-04-11,1010274.0
2014-04-14,996254.0
2014-04-15,1026406.0
2014-04-16,958024.0
2014-04-17,921276.0
2014-04-18,899502.0
2014-04-21,894882.0
2014-04-22,907270.0
2014-04-23,906986.0
2014-04-24,903858.0
2014-04-25,873504.0
2014-04-28,858664.0
2014-04-29,849158.0
2014-04-30,820528.0
2014-05-05,850592.0
2014-05-06,855832.0
2014-05-07,870494.0
2014-05-08,891336.0
2014-05-09,881434.0
2014-05-12,882994.0
2014-05-13,903956.0
2014-05-14,893378.0
2014-05-15,905216.0
2014-05-16,894872.0
2014-05-19,908010.0
2014-05-20,914766.0
2014-05-21,939430.0
2014-05-22,920366.0
2014-05-23,920504.0
2014-05-26,932244.0
2014-05-27,952394.0
2014-05-28,982980.0
2014-05-29,992722.0
2014-05-30,1019254.0
2014-06-03,1073896.0
2014-06-04,1085530.0
2014-06-05,1087352.0
2014-06-06,1082364.0
2014-06-09,1074256.0
2014-06-10,1087908.0
2014-06-11,1082600.0
2014-06-12,1075674.0
2014-06-13,1066676.0
2014-06-16,1057324.0
2014-06-17,1070106.0
2014-06-18,1054662.0
2014-06-19,1023338.0
2014-06-20,1004978.0
2014-06-23,1058226.0
2014-06-24,1102920.0
2014-06-25,1076048.0
2014-06-26,1083536.0
2014-06-27,1063364.0
2014-06-30,1043188.0
2014-07-01,1009654.0
2014-07-02,1002946.0
2014-07-03,1022262.0
2014-07-04,1011630.0
2014-07-07,989958.0
2014-07-08,1007240.0
2014-07-09,1020660.0
2014-07-10,1033810.0
2014-07-11,1013698.0
2014-07-14,1007372.0
2014-07-15,1043998.0
2014-07-16,1040356.0
2014-07-17,1030520.0
2014-07-18,1058244.0
2014-07-21,1068734.0
2014-07-22,1079832.0
2014-07-23,1075366.0
2014-07-24,1072026.0
2014-07-25,1065074.0
2014-07-28,1063944.0
2014-07-29,1054836.0
2014-07-30,1049014.0
2014-07-31,1043526.0
2014-08-01,1040392.0
2014-08-04,1076816.0
2014-08-05,1062404.0
2014-08-06,1078428.0
2014-08-07,1062828.0
2014-08-08,1056692.0
2014-08-11,1061282.0
2014-08-12,1089558.0
2014-08-13,1077932.0
2014-08-14,1126694.0
2014-08-15,1167552.0
2014-08-18,1126072.0
2014-08-19,1121946.0
2014-08-20,1107642.0
2014-08-21,1081064.0
2014-08-22,1065872.0
2014-08-25,1080170.0
2014-08-26,1072404.0
2014-08-27,1064676.0
2014-08-28,1084444.0
2014-08-29,1113304.0
2014-09-01,1095448.0
2014-09-02,1154862.0
2014-09-03,1143820.0
2014-09-04,1127136.0
2014-09-05,1103010.0
2014-09-09,1121602.0
2014-09-10,1103044.0
2014-09-11,1141702.0
2014-09-12,1099708.0
2014-09-15,1153514.0
2014-09-16,1169366.0
2014-09-17,1225428.0
2014-09-18,1233876.0
2014-09-19,1233164.0
2014-09-22,1235556.0
2014-09-23,1225316.0
2014-09-24,1249200.0
2014-09-25,1223546.0
2014-09-26,1237214.0
2014-09-29,1219616.0
2014-09-30,1182372.0
2014-10-08,1202226.0
2014-10-09,1226614.0
2014-10-10,1174720.0
2014-10-13,1217560.0
2014-10-14,1191136.0
2014-10-15,1177238.0
2014-10-16,1216780.0
2014-10-17,1241266.0
2014-10-20,1266246.0
2014-10-21,1294610.0
2014-10-22,1228724.0
2014-10-23,1168910.0
2014-10-24,1141020.0
2014-10-27,1163364.0
2014-10-28,1173132.0
2014-10-29,1178696.0
2014-10-30,1094512.0
2014-10-31,1114196.0
2014-11-03,1116396.0
2014-11-04,1097144.0
2014-11-05,1089310.0
2014-11-06,1096204.0
2014-11-07,1071728.0
2014-11-10,1042020.0
2014-11-11,1033516.0
2014-11-12,1009150.0
2014-11-13,1026098.0
2014-11-14,1039108.0
2014-11-17,1054602.0
2014-11-18,1052094.0
2014-11-19,1028662.0
2014-11-20,1046952.0
2014-11-21,1017144.0
2014-11-24,988538.0
2014-11-25,974340.0
2014-11-26,948004.0
2014-11-27,938754.0
2014-11-28,974556.0
2014-12-01,976354.0
2014-12-02,932984.0
2014-12-03,929002.0
2014-12-04,915730.0
2014-12-05,899662.0
2014-12-08,849094.0
2014-12-09,815432.0
2014-12-10,816210.0
2014-12-11,824232.0
2014-12-12,835742.0
2014-12-15,826488.0
2014-12-16,855478.0
2014-12-17,846224.0
2014-12-18,822156.0
2014-12-19,825668.0
2014-12-22,811390.0
2014-12-23,797470.0
2014-12-24,796620.0
2014-12-25,799522.0
2014-12-26,808666.0
2014-12-29,819488.0
2014-12-30,825456.0
2014-12-31,827248.0
2015-01-05,829994.0
2015-01-06,839734.0
2015-01-07,840118.0
2015-01-08,848852.0
2015-01-09,850010.0
2015-01-12,842788.0
2015-01-13,834326.0
2015-01-14,857902.0
2015-01-15,897602.0
2015-01-16,912468.0
2015-01-19,879000.0
2015-01-20,903590.0
2015-01-21,934940.0
2015-01-22,993434.0
2015-01-23,1029126.0
2015-01-26,1028254.0
2015-01-27,1037064.0
2015-01-28,1015460.0
2015-01-29,1018722.0
2015-01-30,1067834.0
2015-02-02,1085044.0
2015-02-03,1110050.0
2015-02-04,1075486.0
2015-02-05,1095544.0
2015-02-06,1057590.0
2015-02-09,1061906.0
2015-02-10,1062630.0
2015-02-11,1060368.0
2015-02-12,1051506.0
2015-02-13,999732.0
2015-02-16,990752.0
2015-02-17,978834.0
2015-02-25,976506.0
2015-02-26,1022880.0
2015-02-27,1076932.0
2015-03-02,1094328.0
2015-03-03,1076716.0
2015-03-04,1047980.0
2015-03-05,1022322.0
2015-03-06,1003326.0
2015-03-09,1004818.0
2015-03-10,1023174.0
2015-03-11,1029940.0
2015-03-12,1040738.0
2015-03-13,1057968.0
2015-03-16,1087432.0
2015-03-17,1117784.0
2015-03-18,1161806.0
2015-03-19,1162896.0
2015-03-20,1181140.0
2015-03-23,1190194.0
2015-03-24,1205514.0
2015-03-25,1206628.0
2015-03-26,1206380.0
2015-03-27,1198800.0
2015-03-30,1188244.0
2015-03-31,1180190.0
2015-04-01,1195292.0
2015-04-02,1196548.0
2015-04-03,1186020.0
2015-04-07,1177282.0
2015-04-08,1179996.0
2015-04-09,1166182.0
2015-04-10,1148872.0
2015-04-13,1176838.0
2015-04-14,1147494.0
2015-04-15,1228848.0
2015-04-16,1203688.0
2015-04-17,1178506.0
2015-04-20,1166726.0
2015-04-21,1184728.0
2015-04-22,1153606.0
2015-04-23,1179454.0
2015-04-24,1140266.0
2015-04-27,1187666.0
2015-04-28,1201732.0
2015-04-29,1198470.0
2015-04-30,1218030.0
2015-05-04,1317762.0
2015-05-05,1347200.0
2015-05-06,1347234.0
2015-05-07,1321672.0
2015-05-08,1270754.0
2015-05-11,1295458.0
2015-05-12,1279300.0
2015-05-13,1299302.0
2015-05-14,1305098.0
2015-05-15,1266006.0
2015-05-18,1231900.0
2015-05-19,1191046.0
2015-05-20,1139118.0
2015-05-21,1135968.0
2015-05-22,1148628.0
2015-05-25,1155084.0
2015-05-26,1137500.0
2015-05-27,1142584.0
2015-05-28,1134632.0
2015-05-29,1123180.0
2015-06-01,1184908.0
2015-06-02,1206174.0
2015-06-03,1149334.0
2015-06-04,1138358.0
2015-06-05,1140336.0
2015-06-08,1150102.0
2015-06-09,1095196.0
2015-06-10,1084200.0
2015-06-11,1078772.0
2015-06-12,1021204.0
2015-06-15,995300.0
2015-06-16,999960.0
2015-06-17,987946.0
2015-06-18,983190.0
2015-06-19,966556.0
2015-06-23,971830.0
2015-06-24,984990.0
2015-06-25,996026.0
2015-06-26,956186.0
2015-06-29,947496.0
2015-06-30,892816.0
2015-07-01,818890.0
2015-07-02,774954.0
2015-07-03,761716.0
2015-07-06,745436.0
2015-07-07,753960.0
2015-07-08,686576.0
2015-07-09,631464.0
2015-07-10,664438.0
2015-07-13,671368.0
2015-07-14,684822.0
2015-07-15,729322.0
2015-07-16,722306.0
2015-07-17,744812.0
2015-07-20,737514.0
2015-07-21,741224.0
2015-07-22,736434.0
2015-07-23,760248.0
2015-07-24,755772.0
2015-07-27,764624.0
2015-07-28,755406.0
2015-07-29,755328.0
2015-07-30,768848.0
2015-07-31,780594.0
2015-08-03,780782.0
2015-08-04,778722.0
2015-08-05,793972.0
2015-08-06,794968.0
2015-08-07,821790.0
2015-08-10,838604.0
2015-08-11,832580.0
2015-08-12,839826.0
2015-08-13,792014.0
2015-08-14,784110.0
2015-08-17,785646.0
2015-08-18,785118.0
2015-08-19,790352.0
2015-08-20,805082.0
2015-08-21,787506.0
2015-08-24,781112.0
2015-08-25,718242.0
2015-08-26,661376.0
2015-08-27,666140.0
2015-08-28,673836.0
2015-08-31,669252.0
2015-09-01,644456.0
2015-09-02,650542.0
2015-09-07,666814.0
2015-09-08,695098.0
2015-09-09,708216.0
2015-09-10,725890.0
2015-09-11,714822.0
2015-09-14,715198.0
2015-09-15,739530.0
2015-09-16,725680.0
2015-09-17,733986.0
2015-09-18,748978.0
2015-09-21,729782.0
2015-09-22,767216.0
2015-09-23,788080.0
2015-09-24,765370.0
2015-09-25,734692.0
2015-09-28,750496.0
2015-09-29,710886.0
2015-09-30,705924.0
2015-10-08,726100.0
2015-10-09,804476.0
2015-10-12,787190.0
2015-10-13,840332.0
2015-10-14,862892.0
2015-10-15,885100.0
2015-10-16,889104.0
2015-10-19,877046.0
2015-10-20,852088.0
2015-10-21,845670.0
2015-10-22,910064.0
2015-10-23,880402.0
2015-10-26,876308.0
2015-10-27,869160.0
2015-10-28,831536.0
2015-10-29,845566.0
2015-10-30,866458.0
2015-11-02,877808.0
2015-11-03,864762.0
2015-11-04,870052.0
2015-11-05,858330.0
2015-11-06,866498.0
2015-11-09,887498.0
2015-11-10,891984.0
2015-11-11,917324.0
2015-11-12,902572.0
2015-11-13,881364.0
2015-11-16,906720.0
2015-11-17,919728.0
2015-11-18,921796.0
2015-11-19,897040.0
2015-11-20,884222.0
2015-11-23,878698.0
2015-11-24,952454.0
2015-11-25,951602.0
2015-11-26,950770.0
2015-11-27,934784.0
2015-11-30,863800.0
2015-12-01,913796.0
2015-12-02,918418.0
2015-12-03,913104.0
2015-12-04,915840.0
2015-12-07,906578.0
2015-12-08,873706.0
2015-12-09,879382.0
2015-12-10,850812.0
2015-12-11,811426.0
2015-12-14,799156.0
2015-12-15,795726.0
2015-12-16,783890.0
2015-12-17,797880.0
2015-12-18,788564.0
2015-12-21,801258.0
2015-12-22,816540.0
2015-12-23,791986.0
2015-12-24,773080.0
2015-12-25,750256.0
2015-12-28,735448.0
2015-12-29,735152.0
2015-12-30,795230.0
2015-12-31,804382.0
2016-01-04,777510.0
2016-01-05,787550.0
2016-01-06,770276.0
2016-01-07,784806.0
2016-01-08,788680.0
2016-01-11,788812.0
2016-01-12,792854.0
2016-01-13,801992.0
2016-01-14,863522.0
2016-01-15,853536.0
2016-01-18,848874.0
2016-01-19,887638.0
2016-01-20,897364.0
2016-01-21,906018.0
2016-01-22,907670.0
2016-01-25,891624.0
2016-01-26,907292.0
2016-01-27,898262.0
2016-01-28,904060.0
2016-01-29,890794.0
2016-02-01,890404.0
2016-02-02,894968.0
2016-02-03,881392.0
2016-02-04,891290.0
2016-02-05,909026.0
2016-02-15,941616.0
2016-02-16,988368.0
2016-02-17,1024210.0
2016-02-18,1019150.0
2016-02-19,1047180.0
2016-02-22,1079972.0
2016-02-23,1077950.0
2016-02-24,1067246.0
2016-02-25,1069236.0
2016-02-26,1052264.0
2016-02-29,1038624.0
2016-03-01,1036482.0
2016-03-02,1097780.0
2016-03-03,1057850.0
2016-03-04,1073536.0
2016-03-07,1084836.0
2016-03-08,1101486.0
2016-03-09,1103656.0
2016-03-10,1103820.0
2016-03-11,1283802.0
2016-03-14,1310424.0
2016-03-15,1229944.0
2016-03-16,1215296.0
2016-03-17,1295794.0
2016-03-18,1364988.0
2016-03-21,1367448.0
2016-03-22,1327526.0
2016-03-23,1256314.0
2016-03-24,1199150.0
2016-03-25,1179332.0
2016-03-28,1182640.0
2016-03-29,1184378.0
2016-03-30,1171132.0
2016-03-31,1182422.0
2016-04-01,1310890.0
2016-04-05,1324328.0
2016-04-06,1228968.0
2016-04-07,1220688.0
2016-04-08,1197760.0
2016-04-11,1221402.0
2016-04-12,1243354.0
2016-04-13,1266504.0
2016-04-14,1262718.0
2016-04-15,1299430.0
2016-04-18,1302782.0
2016-04-19,1295294.0
2016-04-20,1273902.0
2016-04-21,1251064.0
2016-04-22,1141478.0
2016-04-25,1115440.0
2016-04-26,1153442.0
2016-04-27,1133096.0
2016-04-28,1086998.0
2016-04-29,1087690.0
2016-05-03,1093028.0
2016-05-04,1105968.0
2016-05-05,1108722.0
2016-05-06,1064954.0
2016-05-09,1097528.0
2016-05-10,1076076.0
2016-05-11,1096088.0
2016-05-12,1084446.0
2016-05-13,1089804.0
2016-05-16,1045024.0
2016-05-17,1024292.0
2016-05-18,1010542.0
2016-05-19,979586.0
2016-05-20,991534.0
2016-05-23,909906.0
2016-05-24,903864.0
2016-05-25,916340.0
2016-05-26,908862.0
2016-05-27,922188.0
2016-05-30,895846.0
2016-05-31,940678.0
2016-06-01,926220.0
2016-06-02,916556.0
2016-06-03,905936.0
2016-06-06,922928.0
2016-06-07,975024.0
2016-06-08,989144.0
2016-06-13,995842.0
2016-06-14,976464.0
2016-06-15,969540.0
2016-06-16,969972.0
2016-06-17,964776.0
2016-06-20,1005442.0
2016-06-21,1001480.0
2016-06-22,995652.0
2016-06-23,989214.0
2016-06-24,983348.0
2016-06-27,987750.0
2016-06-28,1005282.0
2016-06-29,1044560.0
2016-06-30,1087984.0
2016-07-01,1146692.0
2016-07-04,1200658.0
2016-07-05,1162054.0
2016-07-06,1164160.0
2016-07-07,1067740.0
2016-07-08,1086168.0
2016-07-11,1086778.0
2016-07-12,1111812.0
2016-07-13,1111548.0
2016-07-14,1149474.0
2016-07-15,1156992.0
2016-07-18,1138372.0
2016-07-19,1146570.0
2016-07-20,1151746.0
2016-07-21,1166386.0
2016-07-22,1173818.0
2016-07-25,1165410.0
2016-07-26,1164876.0
2016-07-27,1160622.0
2016-07-28,1179676.0
2016-07-29,1124378.0
2016-08-01,1114606.0
2016-08-02,1111242.0
2016-08-03,1125426.0
2016-08-04,1101942.0
2016-08-05,1091286.0
2016-08-08,1037804.0
2016-08-09,1036928.0
2016-08-10,1053166.0
2016-08-11,1070420.0
2016-08-12,1047918.0
2016-08-15,1076634.0
2016-08-16,1076246.0
2016-08-17,1087118.0
2016-08-18,1092994.0
2016-08-19,1079522.0
2016-08-22,1047848.0
2016-08-23,1051464.0
2016-08-24,1063098.0
2016-08-25,999638.0
2016-08-26,968980.0
2016-08-29,982656.0
2016-08-30,998434.0
2016-08-31,982586.0
2016-09-01,975758.0
2016-09-02,967118.0
2016-09-05,982480.0
2016-09-06,984406.0
2016-09-07,982806.0
2016-09-08,982210.0
2016-09-09,989534.0
2016-09-12,967426.0
2016-09-13,937526.0
2016-09-14,938220.0
2016-09-19,917348.0
2016-09-20,948790.0
2016-09-21,943270.0
2016-09-22,977926.0
2016-09-23,983132.0
2016-09-26,1027766.0
2016-09-27,995030.0
2016-09-28,965838.0
2016-09-29,932796.0
2016-09-30,882916.0
2016-10-10,872558.0
2016-10-11,965176.0
2016-10-12,978600.0
2016-10-13,989472.0
2016-10-14,967538.0
2016-10-17,1147050.0
2016-10-18,1126584.0
2016-10-19,1199910.0
2016-10-20,1210652.0
2016-10-21,1148440.0
2016-10-24,1176422.0
2016-10-25,1191690.0
2016-10-26,1200466.0
2016-10-27,1204922.0
2016-10-28,1187028.0
2016-10-31,1168638.0
2016-11-01,1155920.0
2016-11-02,1120526.0
2016-11-03,1120338.0
2016-11-04,1113850.0
2016-11-07,1094676.0
2016-11-08,1087034.0
2016-11-09,1078656.0
2016-11-10,1110560.0
2016-11-11,1157098.0
2016-11-14,1020166.0
2016-11-15,1002832.0
2016-11-16,995556.0
2016-11-17,1017078.0
2016-11-18,1019236.0
2016-11-21,1006460.0
2016-11-22,1002464.0
2016-11-23,1012832.0
2016-11-24,1011540.0
2016-11-25,1054664.0
2016-11-28,1108778.0
2016-11-29,1106132.0
2016-11-30,1096176.0
2016-12-01,1101638.0
2016-12-02,1086498.0
2016-12-05,1101356.0
2016-12-06,1087152.0
2016-12-07,1104652.0
2016-12-08,1097384.0
2016-12-09,1027098.0
2016-12-12,1024372.0
2016-12-13,1026610.0
2016-12-14,985504.0
2016-12-15,950120.0
2016-12-16,932174.0
2016-12-19,945744.0
2016-12-20,888186.0
2016-12-21,880562.0
2016-12-22,880732.0
2016-12-23,857712.0
2016-12-26,878386.0
2016-12-27,860692.0
2016-12-28,870436.0
2016-12-29,866920.0
2016-12-30,862654.0
2017-01-03,873228.0
2017-01-04,920808.0
2017-01-05,923928.0
2017-01-06,946876.0
2017-01-09,927460.0
2017-01-10,905718.0
2017-01-11,895936.0
2017-01-12,903910.0
2017-01-13,910294.0
2017-01-16,891930.0
2017-01-17,898668.0
2017-01-18,888726.0
2017-01-19,877382.0
2017-01-20,852826.0
2017-01-23,844540.0
2017-01-24,848044.0
2017-01-25,844460.0
2017-01-26,848742.0
2017-02-03,870942.0
2017-02-06,917090.0
2017-02-07,958026.0
2017-02-08,965860.0
2017-02-09,955606.0
2017-02-10,959752.0
2017-02-13,986918.0
2017-02-14,1008304.0
2017-02-15,1006502.0
2017-02-16,1034236.0
2017-02-17,1013160.0
2017-02-20,1006926.0
2017-02-21,1042760.0
2017-02-22,1048540.0
2017-02-23,1067908.0
2017-02-24,1049952.0
2017-02-27,1060740.0
2017-02-28,1064170.0
2017-03-01,1079580.0
2017-03-02,1058086.0
2017-03-03,1044402.0
2017-03-06,1043760.0
2017-03-07,1088766.0
2017-03-08,1082608.0
2017-03-09,1098052.0
2017-03-10,1105654.0
2017-03-13,1110974.0
2017-03-14,1151576.0
2017-03-15,1129502.0
2017-03-16,1187394.0
2017-03-17,1148048.0
2017-03-20,1149418.0
2017-03-21,1153988.0
2017-03-22,1144328.0
2017-03-23,1169044.0
2017-03-24,1165596.0
2017-03-27,1171566.0
2017-03-28,1143414.0
2017-03-29,1129840.0
2017-03-30,1194490.0
2017-03-31,1174878.0
2017-04-05,1193474.0
2017-04-06,1197204.0
2017-04-07,1184678.0
2017-04-10,1157424.0
2017-04-11,1138760.0
2017-04-12,1158556.0
2017-04-13,1114792.0
2017-04-14,1100032.0
2017-04-17,1113386.0
2017-04-18,1121834.0
2017-04-19,1152884.0
2017-04-20,1150626.0
2017-04-21,1134600.0
2017-04-24,1087888.0
2017-04-25,1107136.0
2017-04-26,1073398.0
2017-04-27,1055004.0
2017-04-28,1059314.0
2017-05-02,1051646.0
2017-05-03,1056420.0
2017-05-04,1063112.0
2017-05-05,1053116.0
2017-05-08,1069214.0
2017-05-09,1038040.0
2017-05-10,1024158.0
2017-05-11,1007884.0
2017-05-12,996140.0
2017-05-15,990614.0
2017-05-16,973418.0
2017-05-17,968612.0
2017-05-18,962536.0
2017-05-19,981042.0
2017-05-22,952222.0
2017-05-23,967380.0
2017-05-24,968842.0
2017-05-25,972404.0
2017-05-26,977544.0
2017-05-31,1032736.0
2017-06-01,1045602.0
2017-06-02,1097422.0
2017-06-05,1077374.0
2017-06-06,1072120.0
2017-06-07,1075628.0
2017-06-08,1071398.0
2017-06-09,1039622.0
2017-06-12,1026146.0
2017-06-13,1006742.0
2017-06-14,1025690.0
2017-06-15,1046484.0
2017-06-16,1062986.0
2017-06-19,1070196.0
2017-06-20,1080966.0
2017-06-21,1080314.0
2017-06-22,1059930.0
2017-06-23,1051388.0
2017-06-26,1042938.0
2017-06-27,1043758.0
2017-06-28,1081226.0
2017-06-29,1099808.0
2017-06-30,1104696.0
2017-07-03,1113408.0
2017-07-04,1107992.0
2017-07-05,1093104.0
2017-07-06,1078264.0
2017-07-07,1059274.0
2017-07-10,1082158.0
2017-07-11,1056900.0
2017-07-12,1046526.0
2017-07-13,1056746.0
2017-07-14,1044300.0
2017-07-17,1059228.0
2017-07-18,1048702.0
2017-07-19,1058574.0
2017-07-20,1085590.0
2017-07-21,1084574.0
2017-07-24,1101762.0
2017-07-25,1107868.0
2017-07-26,1101892.0
2017-07-27,1097420.0
2017-07-28,1083338.0
2017-07-31,1054200.0
2017-08-01,1082500.0
2017-08-02,1079432.0
2017-08-03,1074530.0
2017-08-04,1057078.0
2017-08-07,1042242.0
2017-08-08,990618.0
2017-08-09,963958.0
2017-08-10,970280.0
2017-08-11,962190.0
2017-08-14,961580.0
2017-08-15,948746.0
2017-08-16,945300.0
2017-08-17,945348.0
2017-08-18,928294.0
2017-08-21,919138.0
2017-08-22,909500.0
2017-08-23,921818.0
2017-08-24,905276.0
2017-08-25,891994.0
2017-08-28,874678.0
2017-08-29,860568.0
2017-08-30,869730.0
2017-08-31,864312.0
2017-09-01,867290.0
2017-09-04,863878.0
2017-09-05,866242.0
2017-09-06,878322.0
2017-09-07,859638.0
2017-09-08,859292.0
2017-09-11,820966.0
2017-09-12,818398.0
2017-09-13,800180.0
2017-09-14,792826.0
2017-09-15,804608.0
2017-09-18,797192.0
2017-09-19,807116.0
2017-09-20,793378.0
2017-09-21,811136.0
2017-09-22,830128.0
2017-09-25,856710.0
2017-09-26,833780.0
2017-09-27,840304.0
2017-09-28,815210.0
2017-09-29,789454.0
2017-10-09,772102.0
2017-10-10,820488.0
2017-10-11,847586.0
2017-10-12,844302.0
2017-10-13,859494.0
2017-10-16,864368.0
2017-10-17,878478.0
2017-10-18,881818.0
2017-10-19,922542.0
2017-10-20,907992.0
2017-10-23,883366.0
2017-10-24,880730.0
2017-10-25,874558.0
2017-10-26,877308.0
2017-10-27,845544.0
2017-10-30,840514.0
2017-10-31,848502.0
2017-11-01,869768.0
2017-11-02,873384.0
2017-11-03,880020.0
2017-11-06,878354.0
2017-11-07,870836.0
2017-11-08,878528.0
2017-11-09,865400.0
2017-11-10,903392.0
2017-11-13,907698.0
2017-11-14,933624.0
2017-11-15,962666.0
2017-11-16,987148.0
2017-11-17,1001192.0
2017-11-20,1041500.0
2017-11-21,1023700.0
2017-11-22,1031416.0
2017-11-23,1031904.0
2017-11-24,1028252.0
2017-11-27,1036916.0
2017-11-28,1028148.0
2017-11-29,1077484.0
2017-11-30,1020112.0
2017-12-01,1016592.0
2017-12-04,1011178.0
2017-12-05,1021434.0
2017-12-06,1015282.0
2017-12-07,1010134.0
2017-12-08,997648.0
2017-12-11,993954.0
2017-12-12,987780.0
2017-12-13,992834.0
2017-12-14,1010104.0
2017-12-15,1006630.0
2017-12-18,1002730.0
2017-12-19,1019090.0
2017-12-20,1011092.0
2017-12-21,1027176.0
2017-12-22,1049988.0
2017-12-25,1023782.0
2017-12-26,1018432.0
2017-12-27,1006280.0
2017-12-28,990542.0
2017-12-29,988984.0
2018-01-02,930614.0
2018-01-03,944016.0
2018-01-04,921424.0
2018-01-05,917418.0
2018-01-08,987082.0
2018-01-09,992184.0
2018-01-10,995030.0
2018-01-11,999576.0
2018-01-12,1016166.0
2018-01-15,1012042.0
2018-01-16,1027808.0
2018-01-17,1039582.0
2018-01-18,1050682.0
2018-01-19,1075612.0
2018-01-22,1063790.0
2018-01-23,1054640.0
2018-01-24,1048734.0
2018-01-25,1056070.0
2018-01-26,1075286.0
2018-01-29,1095198.0
2018-01-30,1098570.0
2018-01-31,1076142.0
2018-02-01,1091090.0
2018-02-02,1089042.0
2018-02-05,1088924.0
2018-02-06,1073492.0
2018-02-07,1085320.0
2018-02-08,1061562.0
2018-02-09,1059084.0
2018-02-12,1050792.0
2018-02-13,1039952.0
2018-02-14,998484.0
2018-02-22,987434.0
2018-02-23,1031684.0
2018-02-26,1015012.0
2018-02-27,1023584.0
2018-02-28,1022078.0
2018-03-01,1025930.0
2018-03-02,1013114.0
2018-03-05,996310.0
2018-03-06,983192.0
2018-03-07,1011706.0
2018-03-08,985868.0
2018-03-09,979134.0
2018-03-12,966706.0
2018-03-13,981230.0
2018-03-14,970024.0
2018-03-15,1002400.0
2018-03-16,1005240.0
2018-03-19,1030458.0
2018-03-20,1020738.0
2018-03-21,1039004.0
2018-03-22,1041022.0
2018-03-23,991194.0
2018-03-26,969158.0
2018-03-27,1012716.0
2018-03-28,987820.0
2018-03-29,1006678.0
2018-03-30,986120.0
2018-04-02,1023360.0
2018-04-03,1019158.0
2018-04-04,1024786.0
2018-04-09,1037122.0
2018-04-10,1065094.0
2018-04-11,1074302.0
2018-04-12,1072618.0
2018-04-13,1079242.0
2018-04-16,1070266.0
2018-04-17,1086522.0
2018-04-18,1072750.0
2018-04-19,1100568.0
2018-04-20,1102580.0
2018-04-23,1121282.0
2018-04-24,1128056.0
2018-04-25,1135424.0
2018-04-26,1155444.0
2018-04-27,1124162.0
2018-05-02,1117234.0
2018-05-03,1102088.0
2018-05-04,1130778.0
2018-05-07,1123818.0
2018-05-08,1120298.0
2018-05-09,1121318.0
2018-05-10,1119786.0
2018-05-11,1120196.0
2018-05-14,1147114.0
2018-05-15,1125584.0
2018-05-16,1143214.0
2018-05-17,1137866.0
2018-05-18,1151336.0
2018-05-21,1215264.0
2018-05-22,1215022.0
2018-05-23,1232594.0
2018-05-24,1252228.0
2018-05-25,1245912.0
2018-05-28,1270414.0
2018-05-29,1252608.0
2018-05-30,1262894.0
2018-05-31,1294982.0
2018-06-01,1308578.0
2018-06-04,1347538.0
2018-06-05,1309070.0
2018-06-06,1300432.0
2018-06-07,1326684.0
2018-06-08,1315456.0
2018-06-11,1306242.0
2018-06-12,1325150.0
2018-06-13,1256120.0
2018-06-14,1239190.0
2018-06-15,1251156.0
2018-06-19,1205928.0
2018-06-20,1189954.0
2018-06-21,1180862.0
2018-06-22,1166954.0
2018-06-25,1172760.0
2018-06-26,1207624.0
2018-06-27,1192654.0
2018-06-28,1202746.0
2018-06-29,1217198.0
2018-07-02,1218676.0
2018-07-03,1204928.0
2018-07-04,1189054.0
2018-07-05,1183942.0
2018-07-06,1183576.0
2018-07-09,1186566.0
2018-07-10,1193644.0
2018-07-11,1184766.0
2018-07-12,1188808.0
2018-07-13,1189168.0
2018-07-16,1198938.0
2018-07-17,1193790.0
2018-07-18,1185304.0
2018-07-19,1176740.0
2018-07-20,1175528.0
2018-07-23,1159116.0
2018-07-24,1174070.0
2018-07-25,1163006.0
2018-07-26,1163678.0
2018-07-27,1145434.0
2018-07-30,1151536.0
2018-07-31,1176106.0
2018-08-01,1171722.0
2018-08-02,1164246.0
2018-08-03,1182428.0
2018-08-06,1188330.0
2018-08-07,1194882.0
2018-08-08,1205244.0
2018-08-09,1221524.0
2018-08-10,1202178.0
2018-08-13,1187944.0
2018-08-14,1168836.0
2018-08-15,1158156.0
2018-08-16,1129490.0
2018-08-17,1133006.0
2018-08-20,1124322.0
2018-08-21,1121510.0
2018-08-22,1142154.0
2018-08-23,1143000.0
2018-08-24,1154670.0
2018-08-27,1151254.0
2018-08-28,1127262.0
2018-08-29,1124416.0
2018-08-30,1128834.0
2018-08-31,1157498.0
2018-09-03,1118728.0
2018-09-04,1127398.0
2018-09-05,1148074.0
2018-09-06,1152302.0
2018-09-07,1170816.0
2018-09-10,1187514.0
2018-09-11,1184804.0
2018-09-12,1182874.0
2018-09-13,1170472.0
2018-09-14,1181674.0
2018-09-17,1178814.0
2018-09-18,1183128.0
2018-09-19,1204598.0
2018-09-20,1214400.0
2018-09-21,1236230.0
2018-09-25,1218820.0
2018-09-26,1196702.0
2018-09-27,1186864.0
2018-09-28,1173002.0
2018-10-08,1160672.0
2018-10-09,1191548.0
2018-10-10,1235310.0
2018-10-11,1259492.0
2018-10-12,1265496.0
2018-10-15,1276588.0
2018-10-16,1281048.0
2018-10-17,1301724.0
2018-10-18,1303384.0
2018-10-19,1297288.0
2018-10-22,1281528.0
2018-10-23,1268214.0
2018-10-24,1235094.0
2018-10-25,1224194.0
2018-10-26,1231778.0
2018-10-29,1224404.0
2018-10-30,1230826.0
2018-10-31,1217910.0
2018-11-01,1185574.0
2018-11-02,1150844.0
2018-11-05,1089752.0
2018-11-06,1056630.0
2018-11-07,1054874.0
2018-11-08,1062456.0
2018-11-09,1060248.0
2018-11-12,1038828.0
2018-11-13,1043038.0
2018-11-14,1049504.0
2018-11-15,1037202.0
2018-11-16,1029490.0
2018-11-19,1018668.0
2018-11-20,1002622.0
2018-11-21,1002498.0
2018-11-22,1008484.0
2018-11-23,1004420.0
2018-11-26,988854.0
2018-11-27,979426.0
2018-11-28,980812.0
2018-11-29,983160.0
2018-11-30,957902.0
2018-12-03,980584.0
2018-12-04,984556.0
2018-12-05,985248.0
2018-12-06,1011384.0
2018-12-07,1039992.0
2018-12-10,1047010.0
2018-12-11,1011078.0
2018-12-12,988290.0
2018-12-13,990318.0
2018-12-14,973946.0
2018-12-17,960016.0
2018-12-18,900732.0
2018-12-19,852116.0
2018-12-20,828212.0
2018-12-21,818152.0
2018-12-24,826910.0
2018-12-25,812206.0
2018-12-26,805568.0
2018-12-27,827270.0
2018-12-28,829200.0
2019-01-02,816306.0
2019-01-03,861650.0
2019-01-04,865352.0
2019-01-07,871362.0
2019-01-08,888526.0
2019-01-09,896482.0
2019-01-10,906168.0
2019-01-11,873778.0
2019-01-14,886616.0
2019-01-15,879808.0
2019-01-16,882806.0
2019-01-17,890200.0
2019-01-18,880682.0
2019-01-21,873528.0
2019-01-22,869464.0
2019-01-23,905984.0
2019-01-24,918750.0
2019-01-25,910800.0
2019-01-28,935334.0
2019-01-29,930676.0
2019-01-30,919762.0
2019-01-31,902176.0
2019-02-01,903056.0
2019-02-11,913760.0
2019-02-12,940210.0
2019-02-13,934374.0
2019-02-14,933218.0
2019-02-15,931986.0
2019-02-18,955276.0
2019-02-19,963868.0
2019-02-20,973554.0
2019-02-21,974188.0
2019-02-22,951050.0
2019-02-25,943830.0
2019-02-26,955914.0
2019-02-27,957926.0
2019-02-28,959776.0
2019-03-01,942616.0
2019-03-04,1007840.0
2019-03-05,988530.0
2019-03-06,1033532.0
2019-03-07,1008886.0
2019-03-08,1010628.0
2019-03-11,1007530.0
2019-03-12,993162.0
2019-03-13,973846.0
2019-03-14,954512.0
2019-03-15,934064.0
2019-03-18,924508.0
2019-03-19,950250.0
2019-03-20,952856.0
2019-03-21,951812.0
2019-03-22,961828.0
2019-03-25,971732.0
2019-03-26,958624.0
2019-03-27,938532.0
2019-03-28,928020.0
2019-03-29,940084.0
2019-04-01,933778.0
2019-04-02,935098.0
2019-04-03,941578.0
2019-04-04,933656.0
2019-04-08,943980.0
2019-04-09,958780.0
2019-04-10,956708.0
2019-04-11,960496.0
2019-04-12,955424.0
2019-04-15,972876.0
2019-04-16,971436.0
2019-04-17,961286.0
2019-04-18,965194.0
2019-04-19,957670.0
2019-04-22,934018.0
2019-04-23,938366.0
2019-04-24,946598.0
2019-04-25,917906.0
2019-04-26,968984.0
2019-04-29,953794.0
2019-04-30,913370.0
2019-05-06,875098.0
2019-05-07,866888.0
2019-05-08,857526.0
2019-05-09,865754.0
2019-05-10,890868.0
2019-05-13,882316.0
2019-05-14,875502.0
2019-05-15,903072.0
2019-05-16,902770.0
2019-05-17,868126.0
2019-05-20,872850.0
2019-05-21,879442.0
2019-05-22,881718.0
2019-05-23,891690.0
2019-05-24,893042.0
2019-05-27,900428.0
2019-05-28,895216.0
2019-05-29,935996.0
2019-05-30,930760.0
2019-05-31,931810.0
2019-06-03,940432.0
2019-06-04,983728.0
2019-06-05,1003294.0
2019-06-06,955118.0
2019-06-10,953128.0
2019-06-11,954188.0
2019-06-12,940206.0
2019-06-13,945454.0
2019-06-14,948772.0
2019-06-17,951616.0
2019-06-18,946622.0
2019-06-19,932326.0
2019-06-20,931454.0
2019-06-21,934844.0
2019-06-24,934480.0
2019-06-25,929158.0
2019-06-26,932202.0
2019-06-27,935198.0
2019-06-28,945522.0
2019-07-01,963326.0
2019-07-02,964340.0
2019-07-03,1001446.0
2019-07-04,1005374.0
2019-07-05,987156.0
2019-07-08,982944.0
2019-07-09,949530.0
2019-07-10,925626.0
2019-07-11,950852.0
2019-07-12,997278.0
2019-07-15,997732.0
2019-07-16,976876.0
2019-07-17,1011424.0
2019-07-18,1036348.0
2019-07-19,1061410.0
2019-07-22,1056184.0
2019-07-23,1082686.0
2019-07-24,1092472.0
2019-07-25,1109426.0
2019-07-26,1103428.0
2019-07-29,1109262.0
2019-07-30,1100724.0
2019-07-31,1121100.0
2019-08-01,1119188.0
2019-08-02,1112370.0
2019-08-05,1153028.0
2019-08-06,1161858.0
2019-08-07,1165360.0
2019-08-08,1222818.0
2019-08-09,1296950.0
2019-08-12,1284434.0
2019-08-13,1301756.0
2019-08-14,1259710.0
2019-08-15,1257082.0
2019-08-16,1287906.0
2019-08-19,1244156.0
2019-08-20,1261042.0
2019-08-21,1273504.0
2019-08-22,1265042.0
2019-08-23,1278812.0
2019-08-26,1267574.0
2019-08-27,1195038.0
2019-08-28,1207090.0
2019-08-29,1211784.0
2019-08-30,1179786.0
2019-09-02,1203804.0
2019-09-03,1181212.0
2019-09-04,1180452.0
2019-09-05,1170126.0
2019-09-06,1125214.0
2019-09-09,1133092.0
2019-09-10,1122986.0
2019-09-11,1130466.0
2019-09-12,1133208.0
2019-09-16,1117658.0
2019-09-17,1170188.0
2019-09-18,1153990.0
2019-09-19,1180576.0
2019-09-20,1163072.0
2019-09-23,1147354.0
2019-09-24,1138926.0
2019-09-25,1077862.0
2019-09-26,1047614.0
2019-09-27,967712.0
2019-09-30,914192.0
2019-10-08,915670.0
2019-10-09,955088.0
2019-10-10,959694.0
2019-10-11,997236.0
2019-10-14,1004484.0
2019-10-15,1012306.0
2019-10-16,1024872.0
2019-10-17,1032524.0
2019-10-18,1024588.0
2019-10-21,1047728.0
2019-10-22,1054534.0
2019-10-23,1101970.0
2019-10-24,1151736.0
2019-10-25,1229506.0
2019-10-28,1242894.0
2019-10-29,1227864.0
2019-10-30,1260898.0
2019-10-31,1270646.0
2019-11-01,1288346.0
2019-11-04,1362722.0
2019-11-05,1414950.0
2019-11-06,1385118.0
2019-11-07,1384764.0
2019-11-08,1432542.0
2019-11-11,1483450.0
2019-11-12,1476414.0
2019-11-13,1470822.0
2019-11-14,1460932.0
2019-11-15,1425404.0
2019-11-18,1474258.0
2019-11-19,1460990.0
2019-11-20,1498960.0
2019-11-21,1488278.0
2019-11-22,1493626.0
2019-11-25,1489176.0
2019-11-26,1432222.0
2019-11-27,1393210.0
2019-11-28,1390372.0
2019-11-29,1357510.0
2019-12-02,1372688.0
2019-12-03,1365718.0
2019-12-04,1362128.0
2019-12-05,1417320.0
2019-12-06,1432774.0
2019-12-09,1432952.0
2019-12-10,1439460.0
2019-12-11,1396014.0
2019-12-12,1436954.0
2019-12-13,1531918.0
2019-12-16,1532202.0
2019-12-17,1612802.0
2019-12-18,1564322.0
2019-12-19,1587946.0
2019-12-20,1587838.0
2019-12-23,1548778.0
2019-12-24,1521522.0
2019-12-25,1499794.0
2019-12-26,1531970.0
2019-12-27,1571356.0
2019-12-30,1581482.0
2019-12-31,1604338.0
2020-01-02,783642.0
2020-01-03,785443.0
2020-01-06,778606.0
2020-01-07,794758.0
2020-01-08,802084.0
2020-01-09,837624.0
2020-01-10,834472.0
2020-01-13,817028.0
2020-01-14,788894.0
2020-01-15,757308.0
2020-01-16,741072.0
2020-01-17,726013.0
2020-01-20,723195.0
2020-01-21,693127.0
2020-01-22,682427.0
2020-01-23,661045.0
2020-02-03,598324.0
2020-02-04,557717.0
2020-02-05,551777.0
2020-02-06,569942.0
2020-02-07,574031.0
2020-02-10,584449.0
2020-02-11,574594.0
2020-02-12,547302.0
2020-02-13,564745.0
2020-02-14,566812.0
2020-02-17,580049.0
2020-02-18,600230.0
2020-02-19,591339.0
2020-02-20,592363.0
2020-02-21,583410.0
2020-02-24,575592.0
2020-02-25,569451.0
2020-02-26,562494.0
2020-02-27,567531.0
2020-02-28,556805.0
2020-03-02,566929.0
2020-03-03,583807.0
2020-03-04,576790.0
2020-03-05,594206.0
2020-03-06,598841.0
2020-03-09,594743.0
2020-03-10,557859.0
2020-03-11,579097.0
2020-03-12,577765.0
2020-03-13,552641.0
2020-03-16,564498.0
2020-03-17,590969.0
2020-03-18,570383.0
2020-03-19,568972.0
2020-03-20,562481.0
2020-03-23,591171.0
2020-03-24,582754.0
2020-03-25,592172.0
2020-03-26,581139.0
2020-03-27,587039.0
2020-03-30,612303.0
2020-03-31,615702.0
2020-04-01,607562.0
2020-04-02,609046.0
2020-04-03,597336.0
2020-04-07,611641.0
2020-04-08,615324.0
2020-04-09,594212.0
2020-04-10,565274.0
2020-04-13,553502.0
2020-04-14,563647.0
2020-04-15,567628.0
2020-04-16,571648.0
2020-04-17,562598.0
2020-04-20,568374.0
2020-04-21,565471.0
2020-04-22,554127.0
2020-04-23,554710.0
2020-04-24,543333.0
2020-04-27,538401.0
2020-04-28,527358.0
2020-04-29,513391.0
2020-04-30,505462.0
2020-05-06,522057.0
2020-05-07,515933.0
2020-05-08,523952.0
2020-05-11,530031.0
2020-05-12,552279.0
2020-05-13,524910.0
2020-05-14,549619.0
2020-05-15,522116.0
2020-05-18,508542.0
2020-05-19,514425.0
2020-05-20,502966.0
2020-05-21,511606.0
2020-05-22,521927.0
2020-05-25,509391.0
2020-05-26,514289.0
2020-05-27,529993.0
2020-05-28,528659.0
2020-05-29,544528.0
2020-06-01,542319.0
2020-06-02,554483.0
2020-06-03,565139.0
2020-06-04,551622.0
2020-06-05,553181.0
2020-06-08,552527.0
2020-06-09,575314.0
2020-06-10,567859.0
2020-06-11,530523.0
2020-06-12,527575.0
2020-06-15,529213.0
2020-06-16,522337.0
2020-06-17,547491.0
2020-06-18,557125.0
2020-06-19,584593.0
2020-06-22,569156.0
2020-06-23,552977.0
2020-06-24,544995.0
2020-06-29,542637.0
2020-06-30,537720.0
2020-07-01,550597.0
2020-07-02,554311.0
2020-07-03,555970.0
2020-07-06,569971.0
2020-07-07,583523.0
2020-07-08,575800.0
2020-07-09,587673.0
2020-07-10,561388.0
2020-07-13,568498.0
2020-07-14,579498.0
2020-07-15,582873.0
2020-07-16,584585.0
2020-07-17,610925.0
2020-07-20,621497.0
2020-07-21,610009.0
2020-07-22,616466.0
2020-07-23,605490.0
2020-07-24,608546.0
2020-07-27,607341.0
2020-07-28,606619.0
2020-07-29,591971.0
2020-07-30,636615.0
2020-07-31,635492.0
2020-08-03,675096.0
2020-08-04,711288.0
2020-08-05,727556.0
2020-08-06,716490.0
2020-08-07,695509.0
2020-08-10,696861.0
2020-08-11,712710.0
2020-08-12,704703.0
2020-08-13,761476.0
2020-08-14,759023.0
2020-08-17,776884.0
2020-08-18,778788.0
2020-08-19,797837.0
2020-08-20,762807.0
2020-08-21,751699.0
2020-08-24,756648.0
2020-08-25,771073.0
2020-08-26,743752.0
2020-08-27,730032.0
2020-08-28,738861.0
2020-08-31,725359.0
2020-09-01,731519.0
2020-09-02,741686.0
2020-09-03,746470.0
2020-09-04,743143.0
2020-09-07,765881.0
2020-09-08,829657.0
2020-09-09,818747.0
2020-09-10,807448.0
2020-09-11,807977.0
2020-09-14,845971.0
2020-09-15,852548.0
2020-09-16,870940.0
2020-09-17,902543.0
2020-09-18,924543.0
2020-09-21,955443.0
2020-09-22,886758.0
2020-09-23,830715.0
2020-09-24,804709.0
2020-09-25,799923.0
2020-09-28,798563.0
2020-09-29,789724.0
2020-09-30,756284.0
2020-10-09,764021.0
2020-10-12,807228.0
2020-10-13,819663.0
2020-10-14,821927.0
2020-10-15,824301.0
2020-10-16,813305.0
2020-10-19,817101.0
2020-10-20,827367.0
2020-10-21,841302.0
2020-10-22,877682.0
2020-10-23,863429.0
2020-10-26,868727.0
2020-10-27,866260.0
2020-10-28,863552.0
2020-10-29,854313.0
2020-10-30,867998.0
2020-11-02,869816.0
2020-11-03,915530.0
2020-11-04,935478.0
2020-11-05,949024.0
2020-11-06,970458.0
2020-11-09,964985.0
2020-11-10,955359.0
2020-11-11,958996.0
2020-11-12,933482.0
2020-11-13,950490.0
2020-11-16,985410.0
2020-11-17,1011808.0
2020-11-18,1002788.0
2020-11-19,1000247.0
2020-11-20,1004851.0
2020-11-23,936191.0
2020-11-24,867795.0
2020-11-25,861875.0
2020-11-26,853278.0
2020-11-27,837979.0
2020-11-30,824541.0
2020-12-01,803295.0
2020-12-02,801033.0
2020-12-03,820329.0
2020-12-04,821629.0
2020-12-07,807465.0
2020-12-08,744037.0
2020-12-09,711254.0
2020-12-10,708038.0
2020-12-11,703466.0
2020-12-14,717861.0
2020-12-15,706980.0
2020-12-16,701866.0
2020-12-17,701690.0
2020-12-18,701544.0
2020-12-21,672345.0
2020-12-22,645435.0
2020-12-23,631024.0
2020-12-24,639466.0
2020-12-25,631406.0
2020-12-28,623545.0
2020-12-29,613148.0
2020-12-30,599367.0
2020-12-31,587469.0
2021-01-04,590437.0
2021-01-05,597975.0
2021-01-06,613122.0
2021-01-07,619098.0
2021-01-08,623534.0
2021-01-11,636376.0
2021-01-12,639933.0
2021-01-13,638498.0
2021-01-14,636756.0
2021-01-15,623729.0
2021-01-18,622067.0
2021-01-19,623258.0
2021-01-20,640312.0
2021-01-21,629027.0
2021-01-22,607183.0
2021-01-25,590673.0
2021-01-26,602161.0
2021-01-27,628658.0
2021-01-28,628034.0
2021-01-29,632810.0
2021-02-01,634266.0
2021-02-02,622193.0
2021-02-03,617823.0
2021-02-04,621649.0
2021-02-05,616173.0
2021-02-08,614221.0
2021-02-09,627070.0
2021-02-10,616171.0
2021-02-18,640712.0
2021-02-19,663579.0
2021-02-22,689909.0
2021-02-23,697558.0
2021-02-24,705286.0
2021-02-25,714027.0
2021-02-26,701225.0
2021-03-01,706578.0
2021-03-02,700357.0
2021-03-03,693194.0
2021-03-04,744526.0
2021-03-05,763566.0
2021-03-08,790656.0
2021-03-09,806697.0
2021-03-10,789075.0
2021-03-11,776123.0
2021-03-12,750973.0
2021-03-15,756047.0
2021-03-16,759513.0
2021-03-17,763422.0
2021-03-18,753763.0
2021-03-19,726177.0
2021-03-22,720816.0
2021-03-23,712307.0
2021-03-24,704039.0
2021-03-25,699722.0
2021-03-26,671850.0
2021-03-29,659914.0
2021-03-30,658810.0
2021-03-31,645177.0
2021-04-01,629441.0
2021-04-02,626395.0
2021-04-06,638979.0
2021-04-07,650567.0
2021-04-08,663265.0
2021-04-09,658299.0
2021-04-12,651103.0
2021-04-13,655081.0
2021-04-14,661289.0
2021-04-15,664842.0
2021-04-16,657237.0
2021-04-19,648219.0
2021-04-20,646509.0
2021-04-21,645058.0
2021-04-22,637612.0
2021-04-23,665626.0
2021-04-26,653306.0
2021-04-27,638274.0
2021-04-28,637792.0
2021-04-29,635162.0
2021-04-30,611018.0
2021-05-06,651415.0
2021-05-07,682003.0
2021-05-10,683202.0
2021-05-11,669962.0
2021-05-12,680155.0
2021-05-13,686671.0
2021-05-14,669368.0
2021-05-17,662947.0
2021-05-18,670482.0
2021-05-19,683325.0
2021-05-20,667560.0
2021-05-21,652791.0
2021-05-24,641559.0
2021-05-25,653048.0
2021-05-26,662721.0
2021-05-27,654529.0
2021-05-28,663501.0
2021-05-31,666674.0
2021-06-01,667972.0
2021-06-02,706124.0
2021-06-03,723325.0
2021-06-04,705434.0
2021-06-07,715518.0
2021-06-08,703561.0
2021-06-09,696259.0
2021-06-10,693929.0
2021-06-11,671654.0
2021-06-15,676648.0
2021-06-16,695286.0
2021-06-17,688415.0
2021-06-18,682331.0
2021-06-21,698439.0
2021-06-22,708435.0
2021-06-23,688965.0
2021-06-24,702089.0
2021-06-25,696780.0
2021-06-28,697969.0
2021-06-29,698255.0
2021-06-30,674712.0
2021-07-01,695409.0
2021-07-02,719761.0
2021-07-05,715529.0
2021-07-06,720347.0
2021-07-07,718182.0
2021-07-08,732441.0
2021-07-09,738514.0
2021-07-12,740987.0
2021-07-13,749700.0
2021-07-14,750863.0
2021-07-15,752212.0
2021-07-16,752250.0
2021-07-19,735318.0
2021-07-20,733728.0
2021-07-21,726136.0
2021-07-22,720428.0
2021-07-23,727013.0
2021-07-26,716041.0
2021-07-27,732384.0
2021-07-28,713982.0
2021-07-29,706971.0
2021-07-30,694871.0
2021-08-02,686988.0
2021-08-03,694515.0
2021-08-04,694262.0
2021-08-05,718388.0
2021-08-06,740210.0
2021-08-09,742798.0
2021-08-10,753843.0
2021-08-11,812711.0
2021-08-12,820852.0
2021-08-13,810329.0
2021-08-16,819671.0
2021-08-17,839790.0
2021-08-18,804183.0
2021-08-19,804492.0
2021-08-20,781056.0
2021-08-23,782938.0
2021-08-24,784281.0
2021-08-25,813825.0
2021-08-26,817167.0
2021-08-27,825723.0
2021-08-30,818552.0
2021-08-31,817386.0
2021-09-01,774073.0
2021-09-02,783072.0
2021-09-03,817561.0
2021-09-06,829382.0
2021-09-07,847944.0
2021-09-08,855298.0
2021-09-09,830050.0
2021-09-10,827710.0
2021-09-13,835429.0
2021-09-14,836790.0
2021-09-15,833527.0
2021-09-16,839257.0
2021-09-17,791558.0
2021-09-22,798081.0
2021-09-23,839029.0
2021-09-24,869848.0
2021-09-27,873883.0
2021-09-28,825861.0
2021-09-29,781985.0
2021-09-30,781586.0
2021-10-08,775072.0
2021-10-11,812439.0
2021-10-12,804553.0
2021-10-13,810646.0
2021-10-14,786166.0
2021-10-15,789303.0
2021-10-18,802172.0
2021-10-19,821453.0
2021-10-20,838374.0
2021-10-21,824779.0
2021-10-22,753361.0
2021-10-25,767212.0
2021-10-26,777374.0
2021-10-27,786739.0
2021-10-28,769050.0
2021-10-29,795849.0
2021-11-01,799126.0
2021-11-02,797536.0
2021-11-03,825916.0
2021-11-04,806706.0
2021-11-05,803835.0
2021-11-08,790133.0
2021-11-09,798474.0
2021-11-10,791928.0
2021-11-11,792262.0
2021-11-12,800386.0
2021-11-15,798191.0
2021-11-16,807203.0
2021-11-17,809103.0
2021-11-18,821308.0
2021-11-19,820709.0
2021-11-22,817053.0
2021-11-23,813249.0
2021-11-24,805428.0
2021-11-25,828745.0
2021-11-26,831741.0
2021-11-29,812395.0
2021-11-30,824454.0
2021-12-01,803446.0
2021-12-02,807188.0
2021-12-03,799923.0
2021-12-06,781977.0
2021-12-07,791924.0
2021-12-08,794112.0
2021-12-09,782285.0
2021-12-10,776814.0
2021-12-13,792792.0
2021-12-14,799281.0
2021-12-15,797431.0
2021-12-16,780675.0
2021-12-17,779661.0
2021-12-20,787299.0
2021-12-21,784401.0
2021-12-22,790278.0
2021-12-23,797886.0
2021-12-24,819227.0
2021-12-27,817943.0
2021-12-28,817947.0
2021-12-29,805146.0
2021-12-30,798242.0
2021-12-31,802216.0
2022-01-04,809252.0
2022-01-05,811064.0
2022-01-06,792023.0
2022-01-07,788052.0
2022-01-10,814885.0
2022-01-11,800573.0
2022-01-12,808032.0
2022-01-13,821082.0
2022-01-14,813440.0
2022-01-17,812965.0
2022-01-18,841599.0
2022-01-19,840773.0
2022-01-20,851566.0
2022-01-21,868874.0
2022-01-24,868168.0
2022-01-25,843089.0
2022-01-26,834927.0
2022-01-27,798244.0
2022-01-28,754771.0
2022-02-07,753539.0
2022-02-08,780514.0
2022-02-09,768719.0
2022-02-10,759817.0
2022-02-11,753018.0
2022-02-14,761421.0
2022-02-15,792065.0
2022-02-16,789699.0
2022-02-17,787389.0
2022-02-18,799388.0
2022-02-21,805793.0
2022-02-22,838052.0
2022-02-23,848501.0
2022-02-24,821155.0
2022-02-25,786907.0
2022-02-28,766503.0
2022-03-01,780484.0
2022-03-02,757129.0
2022-03-03,751999.0
2022-03-04,723860.0
2022-03-07,704425.0
2022-03-08,695423.0
2022-03-09,714814.0
2022-03-10,698615.0
2022-03-11,701129.0
2022-03-14,693157.0
2022-03-15,679923.0
2022-03-16,699572.0
2022-03-17,704607.0
2022-03-18,725142.0
2022-03-21,754267.0
2022-03-22,758901.0
2022-03-23,761325.0
2022-03-24,773373.0
2022-03-25,767697.0
2022-03-28,766555.0
2022-03-29,755859.0
2022-03-30,741347.0
2022-03-31,739680.0
2022-04-01,622257.0
2022-04-06,633127.0
2022-04-07,620367.0
2022-04-08,630277.0
2022-04-11,627698.0
2022-04-12,667695.0
2022-04-13,665289.0
2022-04-14,680902.0
2022-04-15,690155.0
2022-04-18,670290.0
2022-04-19,688638.0
2022-04-20,661850.0
2022-04-21,673276.0
2022-04-22,674658.0
2022-04-25,642385.0
2022-04-26,636846.0
2022-04-27,640047.0
2022-04-28,643800.0
2022-04-29,631654.0
2022-05-05,616840.0
2022-05-06,599243.0
2022-05-09,596355.0
2022-05-10,588564.0
2022-05-11,593824.0
2022-05-12,604535.0
2022-05-13,635972.0
2022-05-16,640997.0
2022-05-17,632197.0
2022-05-18,629613.0
2022-05-19,624717.0
2022-05-20,660107.0
2022-05-23,671911.0
2022-05-24,688024.0
2022-05-25,710195.0
2022-05-26,703278.0
2022-05-27,715566.0
2022-05-30,684624.0
2022-05-31,706009.0
2022-06-01,684013.0
2022-06-02,685998.0
2022-06-06,702055.0
2022-06-07,729750.0
2022-06-08,740092.0
2022-06-09,681709.0
2022-06-10,669652.0
2022-06-13,638209.0
2022-06-14,643690.0
2022-06-15,624828.0
2022-06-16,622664.0
2022-06-17,623308.0
2022-06-20,627170.0
2022-06-21,618456.0
2022-06-22,632697.0
2022-06-23,637931.0
2022-06-24,646952.0
2022-06-27,636067.0
2022-06-28,630900.0
2022-06-29,625363.0
2022-06-30,624606.0
2022-07-01,645722.0
2022-07-04,640962.0
2022-07-05,652815.0
2022-07-06,637456.0
2022-07-07,620092.0
2022-07-08,605999.0
2022-07-11,612650.0
2022-07-12,615308.0
2022-07-13,602529.0
2022-07-14,613674.0
2022-07-15,599460.0
2022-07-18,590923.0
2022-07-19,580949.0
2022-07-20,570081.0
2022-07-21,566905.0
2022-07-22,569054.0
2022-07-25,572093.0
2022-07-26,579085.0
2022-07-27,574455.0
2022-07-28,594344.0
2022-07-29,588768.0
2022-08-01,582373.0
2022-08-02,583441.0
2022-08-03,585316.0
2022-08-04,592924.0
2022-08-05,601331.0
2022-08-08,591211.0
2022-08-09,589405.0
2022-08-10,589140.0
2022-08-11,583462.0
2022-08-12,589994.0
2022-08-15,585799.0
2022-08-16,570454.0
2022-08-17,585319.0
2022-08-18,581102.0
2022-08-19,576574.0
2022-08-22,591398.0
2022-08-23,582690.0
2022-08-24,609619.0
2022-08-25,607224.0
2022-08-26,604423.0
2022-08-29,610568.0
2022-08-30,601342.0
2022-08-31,614815.0
2022-09-01,639946.0
2022-09-02,637864.0
2022-09-05,640776.0
2022-09-06,645430.0
2022-09-07,668100.0
2022-09-08,674265.0
2022-09-09,664243.0
2022-09-13,650235.0
2022-09-14,651094.0
2022-09-15,675068.0
2022-09-16,689175.0
2022-09-19,682643.0
2022-09-20,700853.0
2022-09-21,684493.0
2022-09-22,670433.0
2022-09-23,680763.0
2022-09-26,701599.0
2022-09-27,688081.0
2022-09-28,690991.0
2022-09-29,680090.0
2022-09-30,663361.0
2022-10-10,654242.0
2022-10-11,666385.0
2022-10-12,699261.0
2022-10-13,728045.0
2022-10-14,751891.0
2022-10-17,739640.0
2022-10-18,722534.0
2022-10-19,730468.0
2022-10-20,738288.0
2022-10-21,730035.0
2022-10-24,710450.0
2022-10-25,706372.0
2022-10-26,707830.0
2022-10-27,726128.0
2022-10-28,705289.0
2022-10-31,704224.0
2022-11-01,707776.0
2022-11-02,707452.0
2022-11-03,721056.0
2022-11-04,735967.0
2022-11-07,719337.0
2022-11-08,706719.0
2022-11-09,703456.0
2022-11-10,691278.0
2022-11-11,708411.0
